fan_rpm_cmd,fan_rpm_actual,wind_mps_logged,wind_mps_nominal,p_raw,i_raw,v_raw,p_fit,i_fit,fit_points,v_light,i_light,n_steps,limited_by,clean,logged_p_raw,logged_p_fit
500,496,10.14,10.236,0.0297,0.018,1.6473,0.029636735294117658,0.01725882352941177,5,2.8477,0.001,15,power-rolloff,1,0.0297,
600,593,12.22,12.368,0.0604,0.0255,2.3687,0.05906100435417588,0.025501887106644295,5,4.4662,0.0011,20,power-rolloff,1,0.0604,
700,693,14.36,14.5,0.1047,0.038,2.7547,0.1047,0.038,0,5.6228,0.0015,22,power-rolloff,1,0.1047,
800,794,16.5,16.631999999999998,0.1769,0.0538,3.2885,0.1761456645021683,0.05763292821390723,5,6.7441,0.0019,21,power-rolloff,1,0.1769,
900,894,18.63,18.764,0.2732,0.0684,3.9942,0.27432256427677626,0.06236868149179003,5,7.8629,0.0024,23,power-rolloff,1,0.2732,
1000,991,20.71,20.896,0.4227,0.0788,5.3637,0.4087966661208515,0.07338231560440443,5,9.1942,0.003,22,power-rolloff,1,0.4227,
1100,1089,22.78,23.028,0.6433,0.1104,5.827,0.632008932161881,0.11206563131831515,5,10.9772,0.0037,22,power-rolloff,1,0.6433,
1200,1189,24.92,25.16,0.9592,0.1582,6.0633,0.9541626273291914,0.15190608695652402,5,12.8511,0.0044,25,power-rolloff,1,0.9592,
1300,1286,27.0,27.291999999999998,1.3286,0.1862,7.1353,1.3208495728651763,0.18270522598450228,5,14.5655,0.0052,27,power-rolloff,1,1.3286,
1400,1384,29.07,29.424,1.6653,0.2404,6.9273,1.622544443655125,0.22774275090996907,5,16.4061,0.006,27,power-rolloff,1,1.6653,
1500,1484,31.21,31.555999999999997,2.0806,0.2627,7.9199,2.04540492434264,0.27142320714785,5,18.114,0.0069,28,power-rolloff,1,2.0806,
1600,1581,33.29,33.687999999999995,2.5188,0.2994,8.4128,2.47951821987829,0.2898685505905278,5,20.0943,0.0079,29,power-rolloff,1,2.5188,
1700,1682,35.43,35.82,3.0329,0.2494,12.1609,2.9965606870639494,0.2818707065296986,5,21.7075,0.0089,28,power-rolloff,1,3.0329,
1800,1779,37.5,37.952,3.7935,0.32,11.8546,3.7217145104631113,0.3283137744486059,5,23.9166,0.01,27,power-rolloff,1,3.7935,
