# blade,v1_Ra40_repeat_20261001
# notes,"Ra40, fuzzy 0.101 mm, 1 Oct mount 2"
# fan_rpm,500
# wind_mps,10.24
# instrument,"Chroma,63004-150-60,630041501113,2.01"
# protocol,94bed28333f7
# protocol_detail,scaling=v2;step=0.02000;frac=0.0000;dwell=1.00;voff=0.500;range=low;floor=0.00000;operate=80.0;collapse=0.700;confirm=2
# clock,2026-10-01T17:59:32-0400
# clock_unix,1790891972.353
# _clock_note,host wall clock at run start. Every row carries t_unix so a DAQ record can be joined to it — check the two machines agree to better than a dwell before trusting the join.
# protocol_extra,min_step_amps=0.002;stop_rpm=1800;start_rpm=500;rpm_step=100;settle_min=2;settle_max=20;settle_poll=0.5;settle_tol=0.01;settle_confirm=3;rpm_tol_abs=10;rpm_tol_frac=0.02;unload_amps=0
# protocol_full,b5ac081ac5c0
# instrument_check,ok
# air,not recorded — no tunnel node connected
# drive_actual_signals,5310=103;5311=104
t_unix,t_local,fan_rpm,wind_mps,blade,demand_a,held_a,volts,amps,watts,tracking,note,fan_rpm_actual,motor_amps,turbine_rpm
1790891491.385,2026-10-01T17:51:31,500,10.24,v1_Ra40_repeat_20261001,0.0010,0.0010,3.2466,0.0010,0.0032,1,,500,4.50,
1790891492.440,2026-10-01T17:51:32,500,10.24,v1_Ra40_repeat_20261001,0.0020,0.0020,3.2508,0.0020,0.0065,1,,500,4.50,
1790891493.495,2026-10-01T17:51:33,500,10.24,v1_Ra40_repeat_20261001,0.0040,0.0040,3.1378,0.0040,0.0126,1,,501,4.40,
1790891494.548,2026-10-01T17:51:34,500,10.24,v1_Ra40_repeat_20261001,0.0060,0.0060,2.9579,0.0060,0.0177,1,,500,4.50,
1790891495.604,2026-10-01T17:51:35,500,10.24,v1_Ra40_repeat_20261001,0.0080,0.0080,2.7425,0.0080,0.0219,1,,500,4.40,
1790891496.809,2026-10-01T17:51:36,500,10.24,v1_Ra40_repeat_20261001,0.0100,0.0100,2.4653,0.0100,0.0247,1,,501,4.50,
1790891497.864,2026-10-01T17:51:37,500,10.24,v1_Ra40_repeat_20261001,0.0120,0.0120,2.3563,0.0120,0.0283,1,,500,4.40,
1790891498.920,2026-10-01T17:51:38,500,10.24,v1_Ra40_repeat_20261001,0.0140,0.0140,2.3183,0.0140,0.0325,1,,500,4.60,
1790891499.974,2026-10-01T17:51:39,500,10.24,v1_Ra40_repeat_20261001,0.0160,0.0160,2.0783,0.0160,0.0333,1,,500,4.50,
1790891501.031,2026-10-01T17:51:41,500,10.24,v1_Ra40_repeat_20261001,0.0180,0.0180,1.8776,0.0180,0.0338,1,,500,4.50,
1790891502.087,2026-10-01T17:51:42,500,10.24,v1_Ra40_repeat_20261001,0.0200,0.0200,1.7424,0.0200,0.0348,1,,500,4.50,
1790891503.142,2026-10-01T17:51:43,500,10.24,v1_Ra40_repeat_20261001,0.0220,0.0220,1.5604,0.0220,0.0343,1,,499,4.50,
1790891504.211,2026-10-01T17:51:44,500,10.24,v1_Ra40_repeat_20261001,0.0240,0.0240,1.3152,0.0240,0.0316,1,,500,4.50,
1790891505.266,2026-10-01T17:51:45,500,10.24,v1_Ra40_repeat_20261001,0.0260,0.0260,0.9613,0.0260,0.0250,1,,499,4.50,
1790891506.323,2026-10-01T17:51:46,500,10.24,v1_Ra40_repeat_20261001,0.0280,0.0280,0.9292,0.0280,0.0260,1,,499,4.50,
1790891516.924,2026-10-01T17:51:56,600,12.37,v1_Ra40_repeat_20261001,0.0011,0.0011,4.8335,0.0011,0.0053,1,,600,4.80,
1790891518.002,2026-10-01T17:51:58,600,12.37,v1_Ra40_repeat_20261001,0.0021,0.0021,4.6901,0.0021,0.0098,1,,600,4.80,
1790891519.057,2026-10-01T17:51:59,600,12.37,v1_Ra40_repeat_20261001,0.0042,0.0042,4.4254,0.0042,0.0186,1,,600,4.80,
1790891520.108,2026-10-01T17:52:00,600,12.37,v1_Ra40_repeat_20261001,0.0064,0.0064,4.1734,0.0064,0.0267,1,,600,4.80,
1790891521.163,2026-10-01T17:52:01,600,12.37,v1_Ra40_repeat_20261001,0.0085,0.0085,4.1233,0.0085,0.0350,1,,600,4.80,
1790891522.219,2026-10-01T17:52:02,600,12.37,v1_Ra40_repeat_20261001,0.0106,0.0106,3.9363,0.0106,0.0417,1,,600,4.80,
1790891523.291,2026-10-01T17:52:03,600,12.37,v1_Ra40_repeat_20261001,0.0127,0.0127,3.8522,0.0127,0.0489,1,,600,4.80,
1790891524.343,2026-10-01T17:52:04,600,12.37,v1_Ra40_repeat_20261001,0.0149,0.0149,3.4965,0.0149,0.0521,1,,600,4.80,
1790891525.399,2026-10-01T17:52:05,600,12.37,v1_Ra40_repeat_20261001,0.0170,0.0170,3.4535,0.0170,0.0587,1,,600,4.80,
1790891526.455,2026-10-01T17:52:06,600,12.37,v1_Ra40_repeat_20261001,0.0191,0.0191,3.3171,0.0191,0.0634,1,,600,4.80,
1790891527.510,2026-10-01T17:52:07,600,12.37,v1_Ra40_repeat_20261001,0.0212,0.0212,2.9073,0.0212,0.0616,1,,600,4.80,
1790891528.591,2026-10-01T17:52:08,600,12.37,v1_Ra40_repeat_20261001,0.0234,0.0234,2.6639,0.0234,0.0623,1,,600,4.80,
1790891529.646,2026-10-01T17:52:09,600,12.37,v1_Ra40_repeat_20261001,0.0255,0.0255,2.5097,0.0255,0.0640,1,,600,4.80,
1790891530.703,2026-10-01T17:52:10,600,12.37,v1_Ra40_repeat_20261001,0.0276,0.0276,2.2060,0.0276,0.0609,1,,600,4.80,
1790891531.754,2026-10-01T17:52:11,600,12.37,v1_Ra40_repeat_20261001,0.0297,0.0297,2.3118,0.0297,0.0687,1,,600,4.80,
1790891532.951,2026-10-01T17:52:12,600,12.37,v1_Ra40_repeat_20261001,0.0319,0.0319,2.2064,0.0319,0.0704,1,,600,4.80,
1790891534.006,2026-10-01T17:52:14,600,12.37,v1_Ra40_repeat_20261001,0.0340,0.0340,1.9687,0.0340,0.0669,1,,600,4.80,
1790891535.059,2026-10-01T17:52:15,600,12.37,v1_Ra40_repeat_20261001,0.0361,0.0361,1.6495,0.0361,0.0595,1,,600,4.90,
1790891536.115,2026-10-01T17:52:16,600,12.37,v1_Ra40_repeat_20261001,0.0382,0.0382,1.6906,0.0382,0.0646,1,,600,4.90,
1790891537.170,2026-10-01T17:52:17,600,12.37,v1_Ra40_repeat_20261001,0.0404,0.0404,1.1903,0.0404,0.0481,1,,600,4.80,
1790891538.250,2026-10-01T17:52:18,600,12.37,v1_Ra40_repeat_20261001,0.0425,0.0425,1.4281,0.0425,0.0607,1,,600,4.80,
1790891539.302,2026-10-01T17:52:19,600,12.37,v1_Ra40_repeat_20261001,0.0446,0.0446,0.8824,0.0446,0.0394,1,,600,4.80,
1790891540.358,2026-10-01T17:52:20,600,12.37,v1_Ra40_repeat_20261001,0.0467,0.0467,0.5539,0.0467,0.0259,1,,600,4.80,
1790891548.772,2026-10-01T17:52:28,700,14.50,v1_Ra40_repeat_20261001,0.0015,0.0015,5.8584,0.0015,0.0088,1,,700,5.30,
1790891549.825,2026-10-01T17:52:29,700,14.50,v1_Ra40_repeat_20261001,0.0029,0.0029,5.7225,0.0029,0.0166,1,,700,5.30,
1790891551.010,2026-10-01T17:52:31,700,14.50,v1_Ra40_repeat_20261001,0.0058,0.0058,5.5518,0.0058,0.0322,1,,700,5.30,
1790891552.066,2026-10-01T17:52:32,700,14.50,v1_Ra40_repeat_20261001,0.0088,0.0088,5.2798,0.0088,0.0465,1,,700,5.30,
1790891553.123,2026-10-01T17:52:33,700,14.50,v1_Ra40_repeat_20261001,0.0117,0.0117,5.0492,0.0117,0.0591,1,,700,5.30,
1790891554.178,2026-10-01T17:52:34,700,14.50,v1_Ra40_repeat_20261001,0.0146,0.0146,4.8110,0.0146,0.0702,1,,700,5.30,
1790891555.232,2026-10-01T17:52:35,700,14.50,v1_Ra40_repeat_20261001,0.0175,0.0175,4.7555,0.0175,0.0832,1,,700,5.30,
1790891556.299,2026-10-01T17:52:36,700,14.50,v1_Ra40_repeat_20261001,0.0204,0.0204,4.6105,0.0204,0.0941,1,,700,5.30,
1790891557.355,2026-10-01T17:52:37,700,14.50,v1_Ra40_repeat_20261001,0.0234,0.0234,4.3994,0.0234,0.1029,1,,700,5.30,
1790891558.410,2026-10-01T17:52:38,700,14.50,v1_Ra40_repeat_20261001,0.0263,0.0263,3.9625,0.0263,0.1042,1,,700,5.30,
1790891559.462,2026-10-01T17:52:39,700,14.50,v1_Ra40_repeat_20261001,0.0292,0.0292,3.6975,0.0292,0.1080,1,,700,5.30,
1790891560.519,2026-10-01T17:52:40,700,14.50,v1_Ra40_repeat_20261001,0.0321,0.0321,3.6089,0.0321,0.1158,1,,700,5.30,
1790891561.575,2026-10-01T17:52:41,700,14.50,v1_Ra40_repeat_20261001,0.0350,0.0350,3.2574,0.0350,0.1140,1,,700,5.30,
1790891562.628,2026-10-01T17:52:42,700,14.50,v1_Ra40_repeat_20261001,0.0380,0.0380,3.1164,0.0380,0.1184,1,,700,5.30,
1790891563.680,2026-10-01T17:52:43,700,14.50,v1_Ra40_repeat_20261001,0.0409,0.0409,2.7464,0.0409,0.1123,1,,700,5.30,
1790891564.736,2026-10-01T17:52:44,700,14.50,v1_Ra40_repeat_20261001,0.0438,0.0438,2.5148,0.0438,0.1101,1,,700,5.30,
1790891565.792,2026-10-01T17:52:45,700,14.50,v1_Ra40_repeat_20261001,0.0467,0.0467,2.2383,0.0467,0.1045,1,,700,5.30,
1790891566.872,2026-10-01T17:52:46,700,14.50,v1_Ra40_repeat_20261001,0.0496,0.0496,2.3318,0.0496,0.1157,1,,700,5.30,
1790891567.928,2026-10-01T17:52:47,700,14.50,v1_Ra40_repeat_20261001,0.0525,0.0525,2.2041,0.0525,0.1157,1,,700,5.30,
1790891568.985,2026-10-01T17:52:48,700,14.50,v1_Ra40_repeat_20261001,0.0555,0.0555,1.9457,0.0555,0.1080,1,,700,5.30,
1790891570.041,2026-10-01T17:52:50,700,14.50,v1_Ra40_repeat_20261001,0.0584,0.0584,1.5372,0.0584,0.0898,1,,700,5.30,
1790891571.099,2026-10-01T17:52:51,700,14.50,v1_Ra40_repeat_20261001,0.0613,0.0613,1.4852,0.0613,0.0910,1,,700,5.30,
1790891579.522,2026-10-01T17:52:59,800,16.63,v1_Ra40_repeat_20261001,0.0019,0.0019,6.8462,0.0019,0.0130,1,,800,5.90,
1790891580.590,2026-10-01T17:53:00,800,16.63,v1_Ra40_repeat_20261001,0.0038,0.0038,6.8048,0.0038,0.0259,1,,800,5.90,
1790891581.645,2026-10-01T17:53:01,800,16.63,v1_Ra40_repeat_20261001,0.0077,0.0077,6.4928,0.0077,0.0500,1,,800,5.90,
1790891582.698,2026-10-01T17:53:02,800,16.63,v1_Ra40_repeat_20261001,0.0115,0.0115,6.3720,0.0115,0.0733,1,,800,5.90,
1790891583.755,2026-10-01T17:53:03,800,16.63,v1_Ra40_repeat_20261001,0.0154,0.0154,6.1927,0.0154,0.0954,1,,800,5.90,
1790891584.811,2026-10-01T17:53:04,800,16.63,v1_Ra40_repeat_20261001,0.0192,0.0192,5.7077,0.0192,0.1096,1,,800,5.80,
1790891585.894,2026-10-01T17:53:05,800,16.63,v1_Ra40_repeat_20261001,0.0230,0.0230,5.5967,0.0230,0.1287,1,,800,5.90,
1790891586.950,2026-10-01T17:53:06,800,16.63,v1_Ra40_repeat_20261001,0.0269,0.0269,5.4642,0.0269,0.1470,1,,800,5.90,
1790891588.002,2026-10-01T17:53:08,800,16.63,v1_Ra40_repeat_20261001,0.0307,0.0307,5.2016,0.0307,0.1597,1,,800,5.90,
1790891589.059,2026-10-01T17:53:09,800,16.63,v1_Ra40_repeat_20261001,0.0346,0.0346,4.9596,0.0346,0.1716,1,,800,5.90,
1790891590.115,2026-10-01T17:53:10,800,16.63,v1_Ra40_repeat_20261001,0.0384,0.0384,4.7240,0.0384,0.1814,1,,800,5.90,
1790891591.199,2026-10-01T17:53:11,800,16.63,v1_Ra40_repeat_20261001,0.0423,0.0423,4.3425,0.0423,0.1837,1,,800,5.90,
1790891592.254,2026-10-01T17:53:12,800,16.63,v1_Ra40_repeat_20261001,0.0461,0.0461,4.0697,0.0461,0.1876,1,,800,5.90,
1790891593.311,2026-10-01T17:53:13,800,16.63,v1_Ra40_repeat_20261001,0.0499,0.0499,3.8352,0.0499,0.1914,1,,800,5.80,
1790891594.399,2026-10-01T17:53:14,800,16.63,v1_Ra40_repeat_20261001,0.0538,0.0538,3.5819,0.0538,0.1927,1,,800,5.90,
1790891595.455,2026-10-01T17:53:15,800,16.63,v1_Ra40_repeat_20261001,0.0576,0.0576,3.3690,0.0576,0.1941,1,,800,5.90,
1790891596.533,2026-10-01T17:53:16,800,16.63,v1_Ra40_repeat_20261001,0.0615,0.0615,3.2016,0.0615,0.1969,1,,800,5.90,
1790891597.586,2026-10-01T17:53:17,800,16.63,v1_Ra40_repeat_20261001,0.0653,0.0653,3.0109,0.0653,0.1966,1,,800,5.80,
1790891598.642,2026-10-01T17:53:18,800,16.63,v1_Ra40_repeat_20261001,0.0691,0.0691,2.5256,0.0691,0.1745,1,,800,5.90,
1790891599.694,2026-10-01T17:53:19,800,16.63,v1_Ra40_repeat_20261001,0.0730,0.0730,2.2022,0.0730,0.1608,1,,800,5.80,
1790891600.751,2026-10-01T17:53:20,800,16.63,v1_Ra40_repeat_20261001,0.0768,0.0768,2.2473,0.0768,0.1726,1,,800,5.90,
1790891601.809,2026-10-01T17:53:21,800,16.63,v1_Ra40_repeat_20261001,0.0807,0.0807,1.9895,0.0807,0.1606,1,,800,5.90,
1790891602.865,2026-10-01T17:53:22,800,16.63,v1_Ra40_repeat_20261001,0.0845,0.0845,1.5902,0.0845,0.1344,1,,800,5.90,
1790891603.920,2026-10-01T17:53:23,800,16.63,v1_Ra40_repeat_20261001,0.0883,0.0883,1.4140,0.0883,0.1249,1,,800,5.90,
1790891612.307,2026-10-01T17:53:32,900,18.76,v1_Ra40_repeat_20261001,0.0024,0.0024,8.2069,0.0024,0.0197,1,,900,6.70,
1790891613.380,2026-10-01T17:53:33,900,18.76,v1_Ra40_repeat_20261001,0.0049,0.0049,7.9416,0.0049,0.0389,1,,900,6.70,
1790891614.436,2026-10-01T17:53:34,900,18.76,v1_Ra40_repeat_20261001,0.0098,0.0098,7.7300,0.0098,0.0758,1,,900,6.70,
1790891615.491,2026-10-01T17:53:35,900,18.76,v1_Ra40_repeat_20261001,0.0147,0.0147,7.1931,0.0147,0.1057,1,,900,6.60,
1790891616.548,2026-10-01T17:53:36,900,18.76,v1_Ra40_repeat_20261001,0.0196,0.0196,7.2049,0.0196,0.1412,1,,900,6.70,
1790891617.605,2026-10-01T17:53:37,900,18.76,v1_Ra40_repeat_20261001,0.0244,0.0244,6.8051,0.0244,0.1660,1,,900,6.70,
1790891618.661,2026-10-01T17:53:38,900,18.76,v1_Ra40_repeat_20261001,0.0293,0.0293,6.6497,0.0293,0.1948,1,,900,6.60,
1790891619.714,2026-10-01T17:53:39,900,18.76,v1_Ra40_repeat_20261001,0.0342,0.0342,6.4621,0.0342,0.2210,1,,900,6.70,
1790891620.788,2026-10-01T17:53:40,900,18.76,v1_Ra40_repeat_20261001,0.0391,0.0391,6.1087,0.0391,0.2389,1,,900,6.60,
1790891621.845,2026-10-01T17:53:41,900,18.76,v1_Ra40_repeat_20261001,0.0440,0.0440,5.7991,0.0440,0.2552,1,,900,6.60,
1790891622.897,2026-10-01T17:53:42,900,18.76,v1_Ra40_repeat_20261001,0.0489,0.0489,5.7343,0.0489,0.2804,1,,900,6.60,
1790891623.952,2026-10-01T17:53:43,900,18.76,v1_Ra40_repeat_20261001,0.0538,0.0538,5.5002,0.0538,0.2959,1,,900,6.70,
1790891625.007,2026-10-01T17:53:45,900,18.76,v1_Ra40_repeat_20261001,0.0587,0.0587,5.0650,0.0587,0.2973,1,,900,6.60,
1790891626.081,2026-10-01T17:53:46,900,18.76,v1_Ra40_repeat_20261001,0.0636,0.0636,4.7485,0.0636,0.3020,1,,900,6.60,
1790891627.132,2026-10-01T17:53:47,900,18.76,v1_Ra40_repeat_20261001,0.0684,0.0684,4.5835,0.0684,0.3135,1,,900,6.70,
1790891628.190,2026-10-01T17:53:48,900,18.76,v1_Ra40_repeat_20261001,0.0733,0.0733,4.1673,0.0733,0.3055,1,,900,6.60,
1790891629.242,2026-10-01T17:53:49,900,18.76,v1_Ra40_repeat_20261001,0.0782,0.0782,3.6413,0.0782,0.2847,1,,900,6.70,
1790891630.295,2026-10-01T17:53:50,900,18.76,v1_Ra40_repeat_20261001,0.0831,0.0831,3.2073,0.0831,0.2665,1,,900,6.60,
1790891631.370,2026-10-01T17:53:51,900,18.76,v1_Ra40_repeat_20261001,0.0880,0.0880,3.0337,0.0880,0.2670,1,,900,6.70,
1790891632.427,2026-10-01T17:53:52,900,18.76,v1_Ra40_repeat_20261001,0.0929,0.0929,2.7523,0.0929,0.2557,1,,900,6.60,
1790891633.482,2026-10-01T17:53:53,900,18.76,v1_Ra40_repeat_20261001,0.0978,0.0978,2.5750,0.0978,0.2518,1,,900,6.70,
1790891634.537,2026-10-01T17:53:54,900,18.76,v1_Ra40_repeat_20261001,0.1027,0.1027,2.1019,0.1027,0.2159,1,,900,6.60,
1790891635.594,2026-10-01T17:53:55,900,18.76,v1_Ra40_repeat_20261001,0.1076,0.1076,2.1409,0.1076,0.2304,1,,900,6.60,
1790891647.345,2026-10-01T17:54:07,1000,20.90,v1_Ra40_repeat_20261001,0.0030,0.0030,9.5493,0.0030,0.0286,1,,1000,7.50,
1790891648.402,2026-10-01T17:54:08,1000,20.90,v1_Ra40_repeat_20261001,0.0061,0.0061,9.4273,0.0061,0.0575,1,,1000,7.50,
1790891649.489,2026-10-01T17:54:09,1000,20.90,v1_Ra40_repeat_20261001,0.0121,0.0121,9.0041,0.0121,0.1089,1,,1000,7.50,
1790891650.544,2026-10-01T17:54:10,1000,20.90,v1_Ra40_repeat_20261001,0.0182,0.0182,8.5213,0.0182,0.1551,1,,1000,7.50,
1790891651.613,2026-10-01T17:54:11,1000,20.90,v1_Ra40_repeat_20261001,0.0243,0.0243,8.2531,0.0243,0.2006,1,,999,7.50,
1790891652.668,2026-10-01T17:54:12,1000,20.90,v1_Ra40_repeat_20261001,0.0303,0.0303,7.9982,0.0303,0.2423,1,,1000,7.50,
1790891653.722,2026-10-01T17:54:13,1000,20.90,v1_Ra40_repeat_20261001,0.0364,0.0364,7.9487,0.0364,0.2893,1,,1000,7.50,
1790891654.778,2026-10-01T17:54:14,1000,20.90,v1_Ra40_repeat_20261001,0.0424,0.0424,7.4580,0.0424,0.3162,1,,1000,7.50,
1790891655.831,2026-10-01T17:54:15,1000,20.90,v1_Ra40_repeat_20261001,0.0485,0.0485,6.9883,0.0485,0.3389,1,,1000,7.40,
1790891656.912,2026-10-01T17:54:16,1000,20.90,v1_Ra40_repeat_20261001,0.0546,0.0546,6.9940,0.0546,0.3819,1,,1000,7.50,
1790891657.965,2026-10-01T17:54:17,1000,20.90,v1_Ra40_repeat_20261001,0.0606,0.0606,6.6360,0.0606,0.4021,1,,1000,7.50,
1790891659.018,2026-10-01T17:54:19,1000,20.90,v1_Ra40_repeat_20261001,0.0667,0.0667,6.3099,0.0667,0.4209,1,,1000,7.50,
1790891660.073,2026-10-01T17:54:20,1000,20.90,v1_Ra40_repeat_20261001,0.0728,0.0728,5.9822,0.0728,0.4355,1,,1000,7.40,
1790891661.129,2026-10-01T17:54:21,1000,20.90,v1_Ra40_repeat_20261001,0.0788,0.0788,5.8234,0.0788,0.4589,1,,1000,7.50,
1790891662.210,2026-10-01T17:54:22,1000,20.90,v1_Ra40_repeat_20261001,0.0849,0.0849,5.4475,0.0849,0.4625,1,,1000,7.50,
1790891663.263,2026-10-01T17:54:23,1000,20.90,v1_Ra40_repeat_20261001,0.0909,0.0909,5.1391,0.0909,0.4671,1,,999,7.50,
1790891664.319,2026-10-01T17:54:24,1000,20.90,v1_Ra40_repeat_20261001,0.0970,0.0970,4.6419,0.0970,0.4503,1,,1000,7.50,
1790891665.373,2026-10-01T17:54:25,1000,20.90,v1_Ra40_repeat_20261001,0.1031,0.1031,4.3834,0.1031,0.4519,1,,1000,7.50,
1790891666.574,2026-10-01T17:54:26,1000,20.90,v1_Ra40_repeat_20261001,0.1091,0.1091,3.8115,0.1091,0.4158,1,,1000,7.40,
1790891667.629,2026-10-01T17:54:27,1000,20.90,v1_Ra40_repeat_20261001,0.1152,0.1152,3.6230,0.1152,0.4174,1,,1000,7.40,
1790891668.690,2026-10-01T17:54:28,1000,20.90,v1_Ra40_repeat_20261001,0.1213,0.1213,3.2480,0.1213,0.3940,1,,1000,7.40,
1790891669.745,2026-10-01T17:54:29,1000,20.90,v1_Ra40_repeat_20261001,0.1273,0.1273,3.0869,0.1273,0.3930,1,,1000,7.50,
1790891670.800,2026-10-01T17:54:30,1000,20.90,v1_Ra40_repeat_20261001,0.1334,0.1334,2.4998,0.1334,0.3335,1,,1000,7.40,
1790891671.871,2026-10-01T17:54:31,1000,20.90,v1_Ra40_repeat_20261001,0.1394,0.1394,2.3543,0.1394,0.3282,1,,1000,7.50,
1790891679.729,2026-10-01T17:54:39,1100,23.03,v1_Ra40_repeat_20261001,0.0037,0.0037,11.4066,0.0037,0.0422,1,,1100,8.20,
1790891680.786,2026-10-01T17:54:40,1100,23.03,v1_Ra40_repeat_20261001,0.0074,0.0074,11.2941,0.0074,0.0836,1,,1100,8.20,
1790891681.842,2026-10-01T17:54:41,1100,23.03,v1_Ra40_repeat_20261001,0.0147,0.0147,10.6212,0.0147,0.1561,1,,1100,8.20,
1790891682.910,2026-10-01T17:54:42,1100,23.03,v1_Ra40_repeat_20261001,0.0221,0.0221,10.2282,0.0221,0.2260,1,,1100,8.30,
1790891683.967,2026-10-01T17:54:43,1100,23.03,v1_Ra40_repeat_20261001,0.0295,0.0295,9.8832,0.0295,0.2916,1,,1100,8.30,
1790891685.022,2026-10-01T17:54:45,1100,23.03,v1_Ra40_repeat_20261001,0.0368,0.0368,9.5303,0.0368,0.3507,1,,1100,8.30,
1790891686.079,2026-10-01T17:54:46,1100,23.03,v1_Ra40_repeat_20261001,0.0442,0.0442,9.2103,0.0442,0.4071,1,,1100,8.30,
1790891687.135,2026-10-01T17:54:47,1100,23.03,v1_Ra40_repeat_20261001,0.0515,0.0515,8.8743,0.0515,0.4570,1,,1101,8.20,
1790891688.191,2026-10-01T17:54:48,1100,23.03,v1_Ra40_repeat_20261001,0.0589,0.0589,8.4488,0.0589,0.4976,1,,1100,8.30,
1790891689.245,2026-10-01T17:54:49,1100,23.03,v1_Ra40_repeat_20261001,0.0663,0.0663,8.0270,0.0663,0.5322,1,,1101,8.20,
1790891690.302,2026-10-01T17:54:50,1100,23.03,v1_Ra40_repeat_20261001,0.0736,0.0736,8.0582,0.0736,0.5931,1,,1100,8.40,
1790891691.357,2026-10-01T17:54:51,1100,23.03,v1_Ra40_repeat_20261001,0.0810,0.0810,7.6088,0.0810,0.6163,1,,1100,8.20,
1790891692.412,2026-10-01T17:54:52,1100,23.03,v1_Ra40_repeat_20261001,0.0884,0.0884,7.2443,0.0884,0.6404,1,,1101,8.20,
1790891693.482,2026-10-01T17:54:53,1100,23.03,v1_Ra40_repeat_20261001,0.0957,0.0957,7.1312,0.0957,0.6825,1,,1101,8.20,
1790891694.538,2026-10-01T17:54:54,1100,23.03,v1_Ra40_repeat_20261001,0.1031,0.1031,6.8476,0.1031,0.7060,1,,1101,8.30,
1790891695.593,2026-10-01T17:54:55,1100,23.03,v1_Ra40_repeat_20261001,0.1104,0.1104,6.2618,0.1104,0.6913,1,,1100,8.20,
1790891696.649,2026-10-01T17:54:56,1100,23.03,v1_Ra40_repeat_20261001,0.1178,0.1178,6.2332,0.1178,0.7343,1,,1100,8.30,
1790891697.705,2026-10-01T17:54:57,1100,23.03,v1_Ra40_repeat_20261001,0.1252,0.1252,5.6634,0.1252,0.7091,1,,1100,8.30,
1790891698.761,2026-10-01T17:54:58,1100,23.03,v1_Ra40_repeat_20261001,0.1325,0.1325,5.3305,0.1325,0.7063,1,,1100,8.20,
1790891699.813,2026-10-01T17:54:59,1100,23.03,v1_Ra40_repeat_20261001,0.1399,0.1399,5.2759,0.1399,0.7381,1,,1100,8.30,
1790891700.869,2026-10-01T17:55:00,1100,23.03,v1_Ra40_repeat_20261001,0.1473,0.1473,4.7143,0.1473,0.6944,1,,1100,8.30,
1790891701.923,2026-10-01T17:55:01,1100,23.03,v1_Ra40_repeat_20261001,0.1546,0.1546,4.3823,0.1546,0.6775,1,,1100,8.30,
1790891702.978,2026-10-01T17:55:02,1100,23.03,v1_Ra40_repeat_20261001,0.1620,0.1620,3.9246,0.1620,0.6358,1,,1101,8.20,
1790891704.062,2026-10-01T17:55:04,1100,23.03,v1_Ra40_repeat_20261001,0.1694,0.1694,3.3923,0.1694,0.5747,1,,1100,8.20,
1790891705.116,2026-10-01T17:55:05,1100,23.03,v1_Ra40_repeat_20261001,0.1767,0.1767,2.9881,0.1767,0.5280,1,,1100,8.30,
1790891713.545,2026-10-01T17:55:13,1200,25.16,v1_Ra40_repeat_20261001,0.0044,0.0044,13.5066,0.0044,0.0594,1,,1200,9.00,
1790891714.600,2026-10-01T17:55:14,1200,25.16,v1_Ra40_repeat_20261001,0.0088,0.0088,13.0319,0.0088,0.1147,1,,1200,9.00,
1790891715.653,2026-10-01T17:55:15,1200,25.16,v1_Ra40_repeat_20261001,0.0176,0.0176,12.5628,0.0176,0.2211,1,,1200,9.10,
1790891716.706,2026-10-01T17:55:16,1200,25.16,v1_Ra40_repeat_20261001,0.0264,0.0264,12.0203,0.0264,0.3173,1,,1200,9.10,
1790891717.762,2026-10-01T17:55:17,1200,25.16,v1_Ra40_repeat_20261001,0.0352,0.0352,11.7470,0.0352,0.4135,1,,1200,9.10,
1790891718.826,2026-10-01T17:55:18,1200,25.16,v1_Ra40_repeat_20261001,0.0439,0.0439,11.4428,0.0439,0.5023,1,,1200,9.10,
1790891719.880,2026-10-01T17:55:19,1200,25.16,v1_Ra40_repeat_20261001,0.0527,0.0527,11.0835,0.0527,0.5841,1,,1200,9.10,
1790891720.935,2026-10-01T17:55:20,1200,25.16,v1_Ra40_repeat_20261001,0.0615,0.0615,10.5335,0.0615,0.6478,1,,1200,9.10,
1790891722.013,2026-10-01T17:55:22,1200,25.16,v1_Ra40_repeat_20261001,0.0703,0.0703,9.9482,0.0703,0.6994,1,,1200,9.10,
1790891723.068,2026-10-01T17:55:23,1200,25.16,v1_Ra40_repeat_20261001,0.0791,0.0791,9.8013,0.0791,0.7753,1,,1200,9.10,
1790891724.124,2026-10-01T17:55:24,1200,25.16,v1_Ra40_repeat_20261001,0.0879,0.0879,9.2119,0.0879,0.8097,1,,1200,9.10,
1790891725.179,2026-10-01T17:55:25,1200,25.16,v1_Ra40_repeat_20261001,0.0967,0.0967,8.9936,0.0967,0.8697,1,,1200,9.00,
1790891726.232,2026-10-01T17:55:26,1200,25.16,v1_Ra40_repeat_20261001,0.1055,0.1055,8.9032,0.1055,0.9393,1,,1200,9.10,
1790891727.284,2026-10-01T17:55:27,1200,25.16,v1_Ra40_repeat_20261001,0.1143,0.1143,8.3337,0.1143,0.9525,1,,1200,9.00,
1790891728.341,2026-10-01T17:55:28,1200,25.16,v1_Ra40_repeat_20261001,0.1231,0.1231,7.8831,0.1231,0.9704,1,,1200,9.10,
1790891729.398,2026-10-01T17:55:29,1200,25.16,v1_Ra40_repeat_20261001,0.1318,0.1318,7.3697,0.1318,0.9713,1,,1200,9.00,
1790891730.455,2026-10-01T17:55:30,1200,25.16,v1_Ra40_repeat_20261001,0.1406,0.1406,7.2400,0.1406,1.0179,1,,1200,9.00,
1790891731.511,2026-10-01T17:55:31,1200,25.16,v1_Ra40_repeat_20261001,0.1494,0.1494,7.0821,0.1494,1.0581,1,,1200,9.00,
1790891732.593,2026-10-01T17:55:32,1200,25.16,v1_Ra40_repeat_20261001,0.1582,0.1582,6.7437,0.1582,1.0669,1,,1200,9.10,
1790891733.649,2026-10-01T17:55:33,1200,25.16,v1_Ra40_repeat_20261001,0.1670,0.1670,6.1618,0.1670,1.0290,1,,1200,9.00,
1790891734.706,2026-10-01T17:55:34,1200,25.16,v1_Ra40_repeat_20261001,0.1758,0.1758,6.2124,0.1758,1.0921,1,,1200,9.00,
1790891735.761,2026-10-01T17:55:35,1200,25.16,v1_Ra40_repeat_20261001,0.1846,0.1846,5.2406,0.1846,0.9674,1,,1200,9.00,
1790891736.813,2026-10-01T17:55:36,1200,25.16,v1_Ra40_repeat_20261001,0.1934,0.1934,5.1458,0.1934,0.9952,1,,1200,9.00,
1790891737.891,2026-10-01T17:55:37,1200,25.16,v1_Ra40_repeat_20261001,0.2022,0.2022,4.6132,0.2022,0.9328,1,,1200,9.10,
1790891738.946,2026-10-01T17:55:38,1200,25.16,v1_Ra40_repeat_20261001,0.2110,0.2110,4.3170,0.2110,0.9109,1,,1200,9.00,
1790891739.999,2026-10-01T17:55:39,1200,25.16,v1_Ra40_repeat_20261001,0.2197,0.2197,3.7841,0.2197,0.8314,1,,1201,9.00,
1790891741.054,2026-10-01T17:55:41,1200,25.16,v1_Ra40_repeat_20261001,0.2285,0.2285,3.1730,0.2285,0.7250,1,,1200,9.00,
1790891749.464,2026-10-01T17:55:49,1300,27.29,v1_Ra40_repeat_20261001,0.0052,0.0052,15.6459,0.0052,0.0814,1,,1300,9.80,
1790891750.516,2026-10-01T17:55:50,1300,27.29,v1_Ra40_repeat_20261001,0.0103,0.0103,15.3742,0.0103,0.1584,1,,1300,9.80,
1790891751.571,2026-10-01T17:55:51,1300,27.29,v1_Ra40_repeat_20261001,0.0207,0.0207,14.8146,0.0207,0.3067,1,,1300,9.90,
1790891752.642,2026-10-01T17:55:52,1300,27.29,v1_Ra40_repeat_20261001,0.0310,0.0310,14.0931,0.0310,0.4369,1,,1300,9.90,
1790891753.723,2026-10-01T17:55:53,1300,27.29,v1_Ra40_repeat_20261001,0.0414,0.0414,13.2878,0.0414,0.5501,1,,1300,9.90,
1790891754.779,2026-10-01T17:55:54,1300,27.29,v1_Ra40_repeat_20261001,0.0517,0.0517,12.7074,0.0517,0.6570,1,,1300,9.90,
1790891755.835,2026-10-01T17:55:55,1300,27.29,v1_Ra40_repeat_20261001,0.0621,0.0621,12.0556,0.0621,0.7487,1,,1300,9.90,
1790891756.889,2026-10-01T17:55:56,1300,27.29,v1_Ra40_repeat_20261001,0.0724,0.0724,11.9468,0.0724,0.8649,1,,1300,9.90,
1790891757.962,2026-10-01T17:55:57,1300,27.29,v1_Ra40_repeat_20261001,0.0827,0.0827,11.5667,0.0827,0.9566,1,,1300,9.90,
1790891759.019,2026-10-01T17:55:59,1300,27.29,v1_Ra40_repeat_20261001,0.0931,0.0931,11.1186,0.0931,1.0351,1,,1300,9.90,
1790891760.075,2026-10-01T17:56:00,1300,27.29,v1_Ra40_repeat_20261001,0.1034,0.1034,10.5258,0.1034,1.0884,1,,1300,9.90,
1790891761.131,2026-10-01T17:56:01,1300,27.29,v1_Ra40_repeat_20261001,0.1138,0.1138,10.1672,0.1138,1.1570,1,,1300,9.90,
1790891762.188,2026-10-01T17:56:02,1300,27.29,v1_Ra40_repeat_20261001,0.1241,0.1241,10.0389,0.1241,1.2458,1,,1300,9.90,
1790891763.244,2026-10-01T17:56:03,1300,27.29,v1_Ra40_repeat_20261001,0.1345,0.1345,9.4764,0.1345,1.2746,1,,1300,9.90,
1790891764.296,2026-10-01T17:56:04,1300,27.29,v1_Ra40_repeat_20261001,0.1448,0.1448,9.1606,0.1448,1.3265,1,,1300,9.90,
1790891765.380,2026-10-01T17:56:05,1300,27.29,v1_Ra40_repeat_20261001,0.1551,0.1551,8.6698,0.1551,1.3447,1,,1300,9.90,
1790891766.435,2026-10-01T17:56:06,1300,27.29,v1_Ra40_repeat_20261001,0.1655,0.1655,8.2280,0.1655,1.3617,1,,1300,9.90,
1790891767.491,2026-10-01T17:56:07,1300,27.29,v1_Ra40_repeat_20261001,0.1758,0.1758,7.9647,0.1758,1.4002,1,,1300,9.90,
1790891768.545,2026-10-01T17:56:08,1300,27.29,v1_Ra40_repeat_20261001,0.1862,0.1862,7.5848,0.1862,1.4123,1,,1300,9.80,
1790891769.628,2026-10-01T17:56:09,1300,27.29,v1_Ra40_repeat_20261001,0.1965,0.1965,7.1548,0.1965,1.4059,1,,1300,9.90,
1790891770.693,2026-10-01T17:56:10,1300,27.29,v1_Ra40_repeat_20261001,0.2069,0.2069,6.5958,0.2069,1.3647,1,,1300,9.90,
1790891771.752,2026-10-01T17:56:11,1300,27.29,v1_Ra40_repeat_20261001,0.2172,0.2172,6.2464,0.2172,1.3567,1,,1300,9.90,
1790891772.808,2026-10-01T17:56:12,1300,27.29,v1_Ra40_repeat_20261001,0.2275,0.2275,5.9023,0.2275,1.3428,1,,1300,9.90,
1790891773.865,2026-10-01T17:56:13,1300,27.29,v1_Ra40_repeat_20261001,0.2379,0.2379,5.3593,0.2379,1.2750,1,,1300,9.90,
1790891774.921,2026-10-01T17:56:14,1300,27.29,v1_Ra40_repeat_20261001,0.2482,0.2482,5.3327,0.2482,1.3236,1,,1300,9.90,
1790891775.974,2026-10-01T17:56:15,1300,27.29,v1_Ra40_repeat_20261001,0.2586,0.2586,4.9452,0.2586,1.2788,1,,1300,9.90,
1790891777.030,2026-10-01T17:56:17,1300,27.29,v1_Ra40_repeat_20261001,0.2689,0.2689,4.1550,0.2689,1.1173,1,,1300,9.80,
1790891778.085,2026-10-01T17:56:18,1300,27.29,v1_Ra40_repeat_20261001,0.2793,0.2793,3.7182,0.2793,1.0385,1,,1300,9.80,
1790891787.062,2026-10-01T17:56:27,1400,29.42,v1_Ra40_repeat_20261001,0.0060,0.0060,17.7591,0.0060,0.1066,1,,1400,10.30,
1790891788.134,2026-10-01T17:56:28,1400,29.42,v1_Ra40_repeat_20261001,0.0120,0.0120,17.2188,0.0120,0.2066,1,,1400,10.40,
1790891789.190,2026-10-01T17:56:29,1400,29.42,v1_Ra40_repeat_20261001,0.0240,0.0240,16.5668,0.0240,0.3976,1,,1400,10.40,
1790891790.244,2026-10-01T17:56:30,1400,29.42,v1_Ra40_repeat_20261001,0.0361,0.0361,15.9996,0.0361,0.5776,1,,1400,10.40,
1790891791.294,2026-10-01T17:56:31,1400,29.42,v1_Ra40_repeat_20261001,0.0481,0.0481,15.5559,0.0481,0.7482,1,,1400,10.40,
1790891792.346,2026-10-01T17:56:32,1400,29.42,v1_Ra40_repeat_20261001,0.0601,0.0601,15.0076,0.0601,0.9020,1,,1400,10.40,
1790891793.403,2026-10-01T17:56:33,1400,29.42,v1_Ra40_repeat_20261001,0.0721,0.0721,14.4785,0.0721,1.0439,1,,1400,10.40,
1790891794.577,2026-10-01T17:56:34,1400,29.42,v1_Ra40_repeat_20261001,0.0842,0.0842,13.4740,0.0842,1.1345,1,,1400,10.40,
1790891795.750,2026-10-01T17:56:35,1400,29.42,v1_Ra40_repeat_20261001,0.0962,0.0962,13.0653,0.0962,1.2569,1,,1400,10.40,
1790891796.805,2026-10-01T17:56:36,1400,29.42,v1_Ra40_repeat_20261001,0.1082,0.1082,12.3630,0.1082,1.3377,1,,1400,10.40,
1790891797.881,2026-10-01T17:56:37,1400,29.42,v1_Ra40_repeat_20261001,0.1202,0.1202,11.6709,0.1202,1.4028,1,,1400,10.40,
1790891798.935,2026-10-01T17:56:38,1400,29.42,v1_Ra40_repeat_20261001,0.1322,0.1322,11.2168,0.1322,1.4829,1,,1400,10.40,
1790891799.991,2026-10-01T17:56:39,1400,29.42,v1_Ra40_repeat_20261001,0.1443,0.1443,10.7006,0.1443,1.5441,1,,1400,10.40,
1790891801.045,2026-10-01T17:56:41,1400,29.42,v1_Ra40_repeat_20261001,0.1563,0.1563,10.4701,0.1563,1.6365,1,,1401,10.30,
1790891802.220,2026-10-01T17:56:42,1400,29.42,v1_Ra40_repeat_20261001,0.1683,0.1683,9.8917,0.1683,1.6648,1,,1400,10.40,
1790891803.275,2026-10-01T17:56:43,1400,29.42,v1_Ra40_repeat_20261001,0.1803,0.1803,9.2651,0.1803,1.6705,1,,1400,10.50,
1790891804.329,2026-10-01T17:56:44,1400,29.42,v1_Ra40_repeat_20261001,0.1923,0.1923,9.0499,0.1923,1.7403,1,,1401,10.40,
1790891805.386,2026-10-01T17:56:45,1400,29.42,v1_Ra40_repeat_20261001,0.2044,0.2044,8.4049,0.2044,1.7180,1,,1400,10.40,
1790891806.437,2026-10-01T17:56:46,1400,29.42,v1_Ra40_repeat_20261001,0.2164,0.2164,8.1005,0.2164,1.7529,1,,1400,10.40,
1790891807.494,2026-10-01T17:56:47,1400,29.42,v1_Ra40_repeat_20261001,0.2284,0.2284,7.6691,0.2284,1.7516,1,,1400,10.40,
1790891808.548,2026-10-01T17:56:48,1400,29.42,v1_Ra40_repeat_20261001,0.2404,0.2404,7.4705,0.2404,1.7959,1,,1400,10.40,
1790891809.624,2026-10-01T17:56:49,1400,29.42,v1_Ra40_repeat_20261001,0.2525,0.2525,7.0113,0.2525,1.7704,1,,1400,10.40,
1790891810.680,2026-10-01T17:56:50,1400,29.42,v1_Ra40_repeat_20261001,0.2645,0.2645,6.4057,0.2645,1.6943,1,,1400,10.40,
1790891811.735,2026-10-01T17:56:51,1400,29.42,v1_Ra40_repeat_20261001,0.2765,0.2765,5.9111,0.2765,1.6344,1,,1400,10.40,
1790891812.787,2026-10-01T17:56:52,1400,29.42,v1_Ra40_repeat_20261001,0.2885,0.2885,5.6472,0.2885,1.6292,1,,1400,10.40,
1790891813.843,2026-10-01T17:56:53,1400,29.42,v1_Ra40_repeat_20261001,0.3005,0.3005,5.1551,0.3005,1.5491,1,,1400,10.40,
1790891814.897,2026-10-01T17:56:54,1400,29.42,v1_Ra40_repeat_20261001,0.3126,0.3126,4.7782,0.3126,1.4937,1,,1400,10.40,
1790891815.953,2026-10-01T17:56:55,1400,29.42,v1_Ra40_repeat_20261001,0.3246,0.3246,4.2794,0.3246,1.3891,1,,1401,10.40,
1790891817.035,2026-10-01T17:56:57,1400,29.42,v1_Ra40_repeat_20261001,0.3366,0.3366,3.7337,0.3366,1.2568,1,,1400,10.30,
1790891826.089,2026-10-01T17:57:06,1500,31.56,v1_Ra40_repeat_20261001,0.0069,0.0069,19.2193,0.0069,0.1326,1,,1500,10.90,
1790891827.144,2026-10-01T17:57:07,1500,31.56,v1_Ra40_repeat_20261001,0.0138,0.0138,18.8714,0.0138,0.2604,1,,1500,11.00,
1790891828.213,2026-10-01T17:57:08,1500,31.56,v1_Ra40_repeat_20261001,0.0277,0.0277,18.2023,0.0277,0.5042,1,,1500,10.90,
1790891829.269,2026-10-01T17:57:09,1500,31.56,v1_Ra40_repeat_20261001,0.0415,0.0415,17.4999,0.0415,0.7262,1,,1500,11.00,
1790891830.330,2026-10-01T17:57:10,1500,31.56,v1_Ra40_repeat_20261001,0.0553,0.0553,16.9869,0.0553,0.9394,1,,1500,11.00,
1790891831.382,2026-10-01T17:57:11,1500,31.56,v1_Ra40_repeat_20261001,0.0691,0.0691,16.5986,0.0691,1.1470,1,,1501,10.90,
1790891832.437,2026-10-01T17:57:12,1500,31.56,v1_Ra40_repeat_20261001,0.0830,0.0830,15.7050,0.0830,1.3035,1,,1499,11.10,
1790891833.512,2026-10-01T17:57:13,1500,31.56,v1_Ra40_repeat_20261001,0.0968,0.0968,15.3689,0.0968,1.4877,1,,1501,10.90,
1790891834.567,2026-10-01T17:57:14,1500,31.56,v1_Ra40_repeat_20261001,0.1106,0.1106,14.5879,0.1106,1.6134,1,,1500,10.90,
1790891835.623,2026-10-01T17:57:15,1500,31.56,v1_Ra40_repeat_20261001,0.1244,0.1244,13.9374,0.1244,1.7338,1,,1500,11.00,
1790891836.677,2026-10-01T17:57:16,1500,31.56,v1_Ra40_repeat_20261001,0.1383,0.1383,13.3115,0.1383,1.8410,1,,1500,10.90,
1790891837.732,2026-10-01T17:57:17,1500,31.56,v1_Ra40_repeat_20261001,0.1521,0.1521,12.5882,0.1521,1.9147,1,,1500,11.00,
1790891838.784,2026-10-01T17:57:18,1500,31.56,v1_Ra40_repeat_20261001,0.1659,0.1659,11.8651,0.1659,1.9684,1,,1500,10.90,
1790891839.841,2026-10-01T17:57:19,1500,31.56,v1_Ra40_repeat_20261001,0.1797,0.1797,11.4561,0.1797,2.0587,1,,1500,10.90,
1790891840.922,2026-10-01T17:57:20,1500,31.56,v1_Ra40_repeat_20261001,0.1936,0.1936,10.8054,0.1936,2.0919,1,,1499,11.00,
1790891841.979,2026-10-01T17:57:21,1500,31.56,v1_Ra40_repeat_20261001,0.2074,0.2074,10.2960,0.2074,2.1354,1,,1500,11.00,
1790891843.034,2026-10-01T17:57:23,1500,31.56,v1_Ra40_repeat_20261001,0.2212,0.2212,9.7903,0.2212,2.1656,1,,1499,11.00,
1790891844.121,2026-10-01T17:57:24,1500,31.56,v1_Ra40_repeat_20261001,0.2351,0.2351,9.3158,0.2351,2.1901,1,,1500,11.00,
1790891845.177,2026-10-01T17:57:25,1500,31.56,v1_Ra40_repeat_20261001,0.2489,0.2489,8.8656,0.2489,2.2066,1,,1501,10.90,
1790891846.253,2026-10-01T17:57:26,1500,31.56,v1_Ra40_repeat_20261001,0.2627,0.2627,8.2015,0.2627,2.1545,1,,1500,10.90,
1790891847.310,2026-10-01T17:57:27,1500,31.56,v1_Ra40_repeat_20261001,0.2765,0.2765,7.6569,0.2765,2.1171,1,,1501,10.90,
1790891848.367,2026-10-01T17:57:28,1500,31.56,v1_Ra40_repeat_20261001,0.2904,0.2904,7.4588,0.2904,2.1660,1,,1500,11.00,
1790891849.422,2026-10-01T17:57:29,1500,31.56,v1_Ra40_repeat_20261001,0.3042,0.3042,6.9264,0.3042,2.1070,1,,1499,11.00,
1790891850.474,2026-10-01T17:57:30,1500,31.56,v1_Ra40_repeat_20261001,0.3180,0.3180,6.4772,0.3180,2.0597,1,,1500,11.00,
1790891851.531,2026-10-01T17:57:31,1500,31.56,v1_Ra40_repeat_20261001,0.3318,0.3318,6.2321,0.3318,2.0678,1,,1501,10.90,
1790891852.586,2026-10-01T17:57:32,1500,31.56,v1_Ra40_repeat_20261001,0.3457,0.3457,5.6899,0.3457,1.9670,1,,1500,11.00,
1790891853.641,2026-10-01T17:57:33,1500,31.56,v1_Ra40_repeat_20261001,0.3595,0.3595,5.0404,0.3595,1.8120,1,,1500,11.00,
1790891854.729,2026-10-01T17:57:34,1500,31.56,v1_Ra40_repeat_20261001,0.3733,0.3733,4.6519,0.3733,1.7366,1,,1501,10.90,
1790891855.782,2026-10-01T17:57:35,1500,31.56,v1_Ra40_repeat_20261001,0.3872,0.3872,3.9873,0.3872,1.5439,1,,1500,11.00,
1790891863.143,2026-10-01T17:57:43,1600,33.69,v1_Ra40_repeat_20261001,0.0079,0.0079,21.1465,0.0079,0.1671,1,,1600,11.70,
1790891864.197,2026-10-01T17:57:44,1600,33.69,v1_Ra40_repeat_20261001,0.0158,0.0158,20.3800,0.0158,0.3220,1,,1600,11.80,
1790891865.253,2026-10-01T17:57:45,1600,33.69,v1_Ra40_repeat_20261001,0.0315,0.0315,20.0134,0.0315,0.6304,1,,1600,11.80,
1790891866.306,2026-10-01T17:57:46,1600,33.69,v1_Ra40_repeat_20261001,0.0473,0.0473,19.1340,0.0473,0.9050,1,,1601,11.80,
1790891867.359,2026-10-01T17:57:47,1600,33.69,v1_Ra40_repeat_20261001,0.0630,0.0630,18.4476,0.0630,1.1622,1,,1600,11.90,
1790891868.441,2026-10-01T17:57:48,1600,33.69,v1_Ra40_repeat_20261001,0.0788,0.0788,17.8825,0.0788,1.4091,1,,1600,11.90,
1790891869.497,2026-10-01T17:57:49,1600,33.69,v1_Ra40_repeat_20261001,0.0946,0.0946,17.1026,0.0946,1.6179,1,,1600,11.80,
1790891870.553,2026-10-01T17:57:50,1600,33.69,v1_Ra40_repeat_20261001,0.1103,0.1103,16.6873,0.1103,1.8406,1,,1600,11.90,
1790891871.641,2026-10-01T17:57:51,1600,33.69,v1_Ra40_repeat_20261001,0.1261,0.1261,16.0759,0.1261,2.0272,1,,1600,11.90,
1790891872.698,2026-10-01T17:57:52,1600,33.69,v1_Ra40_repeat_20261001,0.1418,0.1418,15.7131,0.1418,2.2281,1,,1600,11.90,
1790891873.755,2026-10-01T17:57:53,1600,33.69,v1_Ra40_repeat_20261001,0.1576,0.1576,14.9060,0.1576,2.3492,1,,1600,11.90,
1790891874.811,2026-10-01T17:57:54,1600,33.69,v1_Ra40_repeat_20261001,0.1733,0.1733,14.5367,0.1733,2.5192,1,,1600,11.80,
1790891875.864,2026-10-01T17:57:55,1600,33.69,v1_Ra40_repeat_20261001,0.1891,0.1891,13.4992,0.1891,2.5527,1,,1600,11.80,
1790891876.943,2026-10-01T17:57:56,1600,33.69,v1_Ra40_repeat_20261001,0.2049,0.2049,12.8481,0.2049,2.6326,1,,1600,11.80,
1790891877.997,2026-10-01T17:57:57,1600,33.69,v1_Ra40_repeat_20261001,0.2206,0.2206,12.5413,0.2206,2.7666,1,,1600,11.80,
1790891879.052,2026-10-01T17:57:59,1600,33.69,v1_Ra40_repeat_20261001,0.2364,0.2364,11.4899,0.2364,2.7162,1,,1600,11.80,
1790891880.139,2026-10-01T17:58:00,1600,33.69,v1_Ra40_repeat_20261001,0.2521,0.2521,11.1664,0.2521,2.8150,1,,1600,11.90,
1790891881.196,2026-10-01T17:58:01,1600,33.69,v1_Ra40_repeat_20261001,0.2679,0.2679,10.3686,0.2679,2.7777,1,,1601,11.80,
1790891882.252,2026-10-01T17:58:02,1600,33.69,v1_Ra40_repeat_20261001,0.2837,0.2837,9.7365,0.2837,2.7622,1,,1600,11.90,
1790891883.304,2026-10-01T17:58:03,1600,33.69,v1_Ra40_repeat_20261001,0.2994,0.2994,9.4904,0.2994,2.8414,1,,1600,11.90,
1790891884.358,2026-10-01T17:58:04,1600,33.69,v1_Ra40_repeat_20261001,0.3152,0.3152,8.4841,0.3152,2.6742,1,,1600,11.80,
1790891885.415,2026-10-01T17:58:05,1600,33.69,v1_Ra40_repeat_20261001,0.3309,0.3309,8.1509,0.3309,2.6971,1,,1600,11.90,
1790891886.471,2026-10-01T17:58:06,1600,33.69,v1_Ra40_repeat_20261001,0.3467,0.3467,7.2656,0.3467,2.5190,1,,1600,11.90,
1790891887.531,2026-10-01T17:58:07,1600,33.69,v1_Ra40_repeat_20261001,0.3624,0.3624,6.7451,0.3624,2.4444,1,,1600,11.80,
1790891888.592,2026-10-01T17:58:08,1600,33.69,v1_Ra40_repeat_20261001,0.3782,0.3782,6.4105,0.3782,2.4245,1,,1601,11.80,
1790891889.647,2026-10-01T17:58:09,1600,33.69,v1_Ra40_repeat_20261001,0.3940,0.3940,5.7717,0.3940,2.2740,1,,1600,11.80,
1790891890.723,2026-10-01T17:58:10,1600,33.69,v1_Ra40_repeat_20261001,0.4097,0.4097,5.4051,0.4097,2.2145,1,,1601,11.80,
1790891891.779,2026-10-01T17:58:11,1600,33.69,v1_Ra40_repeat_20261001,0.4255,0.4255,4.6513,0.4255,1.9791,1,,1600,11.80,
1790891900.214,2026-10-01T17:58:20,1700,35.82,v1_Ra40_repeat_20261001,0.0089,0.0089,22.7604,0.0089,0.2026,1,,1700,12.70,
1790891901.270,2026-10-01T17:58:21,1700,35.82,v1_Ra40_repeat_20261001,0.0178,0.0178,22.1504,0.0178,0.3943,1,,1700,12.70,
1790891902.326,2026-10-01T17:58:22,1700,35.82,v1_Ra40_repeat_20261001,0.0356,0.0356,21.8444,0.0356,0.7777,1,,1700,12.70,
1790891903.412,2026-10-01T17:58:23,1700,35.82,v1_Ra40_repeat_20261001,0.0534,0.0534,20.8919,0.0534,1.1156,1,,1700,12.70,
1790891904.466,2026-10-01T17:58:24,1700,35.82,v1_Ra40_repeat_20261001,0.0713,0.0713,20.1492,0.0713,1.4366,1,,1700,12.70,
1790891905.518,2026-10-01T17:58:25,1700,35.82,v1_Ra40_repeat_20261001,0.0891,0.0891,19.5657,0.0891,1.7433,1,,1700,12.70,
1790891906.573,2026-10-01T17:58:26,1700,35.82,v1_Ra40_repeat_20261001,0.1069,0.1069,18.6862,0.1069,1.9976,1,,1701,12.70,
1790891907.774,2026-10-01T17:58:27,1700,35.82,v1_Ra40_repeat_20261001,0.1247,0.1247,17.9949,0.1247,2.2440,1,,1700,12.70,
1790891908.830,2026-10-01T17:58:28,1700,35.82,v1_Ra40_repeat_20261001,0.1425,0.1425,17.6386,0.1425,2.5135,1,,1700,12.70,
1790891909.882,2026-10-01T17:58:29,1700,35.82,v1_Ra40_repeat_20261001,0.1603,0.1603,16.5941,0.1603,2.6600,1,,1700,12.70,
1790891910.938,2026-10-01T17:58:30,1700,35.82,v1_Ra40_repeat_20261001,0.1782,0.1782,16.1566,0.1782,2.8791,1,,1700,12.70,
1790891911.995,2026-10-01T17:58:31,1700,35.82,v1_Ra40_repeat_20261001,0.1960,0.1960,15.3857,0.1960,3.0156,1,,1700,12.70,
1790891913.073,2026-10-01T17:58:33,1700,35.82,v1_Ra40_repeat_20261001,0.2138,0.2138,14.6520,0.2138,3.1326,1,,1700,12.70,
1790891914.130,2026-10-01T17:58:34,1700,35.82,v1_Ra40_repeat_20261001,0.2316,0.2316,14.0671,0.2316,3.2579,1,,1700,12.70,
1790891915.182,2026-10-01T17:58:35,1700,35.82,v1_Ra40_repeat_20261001,0.2494,0.2494,13.3397,0.2494,3.3269,1,,1700,12.70,
1790891916.233,2026-10-01T17:58:36,1700,35.82,v1_Ra40_repeat_20261001,0.2672,0.2672,12.8255,0.2672,3.4270,1,,1700,12.70,
1790891917.285,2026-10-01T17:58:37,1700,35.82,v1_Ra40_repeat_20261001,0.2851,0.2851,12.1025,0.2851,3.4504,1,,1700,12.70,
1790891918.351,2026-10-01T17:58:38,1700,35.82,v1_Ra40_repeat_20261001,0.3029,0.3029,11.6253,0.3029,3.5213,1,,1700,12.70,
1790891919.408,2026-10-01T17:58:39,1700,35.82,v1_Ra40_repeat_20261001,0.3207,0.3207,10.7876,0.3207,3.4596,1,,1700,12.70,
1790891920.483,2026-10-01T17:58:40,1700,35.82,v1_Ra40_repeat_20261001,0.3385,0.3385,10.3455,0.3385,3.5020,1,,1700,12.70,
1790891921.536,2026-10-01T17:58:41,1700,35.82,v1_Ra40_repeat_20261001,0.3563,0.3563,9.5010,0.3563,3.3852,1,,1700,12.70,
1790891922.590,2026-10-01T17:58:42,1700,35.82,v1_Ra40_repeat_20261001,0.3741,0.3741,8.9429,0.3741,3.3455,1,,1699,12.70,
1790891923.641,2026-10-01T17:58:43,1700,35.82,v1_Ra40_repeat_20261001,0.3920,0.3920,8.2842,0.3920,3.2474,1,,1700,12.70,
1790891924.696,2026-10-01T17:58:44,1700,35.82,v1_Ra40_repeat_20261001,0.4098,0.4098,7.7262,0.4098,3.1662,1,,1700,12.70,
1790891925.753,2026-10-01T17:58:45,1700,35.82,v1_Ra40_repeat_20261001,0.4276,0.4276,7.1202,0.4276,3.0446,1,,1699,12.70,
1790891926.809,2026-10-01T17:58:46,1700,35.82,v1_Ra40_repeat_20261001,0.4454,0.4454,6.4056,0.4454,2.8531,1,,1700,12.70,
1790891927.863,2026-10-01T17:58:47,1700,35.82,v1_Ra40_repeat_20261001,0.4632,0.4632,5.5779,0.4632,2.5837,1,,1699,12.80,
1790891928.915,2026-10-01T17:58:48,1700,35.82,v1_Ra40_repeat_20261001,0.4810,0.4810,5.5331,0.4810,2.6614,1,,1699,12.80,
1790891936.781,2026-10-01T17:58:56,1800,37.95,v1_Ra40_repeat_20261001,0.0100,0.0100,25.7114,0.0100,0.2571,1,,1800,13.60,
1790891937.836,2026-10-01T17:58:57,1800,37.95,v1_Ra40_repeat_20261001,0.0200,0.0200,24.6801,0.0200,0.4936,1,,1799,13.70,
1790891938.892,2026-10-01T17:58:58,1800,37.95,v1_Ra40_repeat_20261001,0.0400,0.0400,24.0102,0.0400,0.9604,1,,1799,13.60,
1790891939.948,2026-10-01T17:58:59,1800,37.95,v1_Ra40_repeat_20261001,0.0600,0.0600,22.6360,0.0600,1.3582,1,,1800,13.60,
1790891941.004,2026-10-01T17:59:01,1800,37.95,v1_Ra40_repeat_20261001,0.0800,0.0800,22.1804,0.0800,1.7744,1,,1800,13.60,
1790891942.092,2026-10-01T17:59:02,1800,37.95,v1_Ra40_repeat_20261001,0.1000,0.1000,21.1655,0.1000,2.1166,1,,1800,13.60,
1790891943.148,2026-10-01T17:59:03,1800,37.95,v1_Ra40_repeat_20261001,0.1200,0.1200,20.5084,0.1200,2.4610,1,,1800,13.60,
1790891944.199,2026-10-01T17:59:04,1800,37.95,v1_Ra40_repeat_20261001,0.1400,0.1400,19.6449,0.1400,2.7503,1,,1800,13.60,
1790891945.250,2026-10-01T17:59:05,1800,37.95,v1_Ra40_repeat_20261001,0.1600,0.1600,18.7830,0.1600,3.0053,1,,1800,13.60,
1790891946.306,2026-10-01T17:59:06,1800,37.95,v1_Ra40_repeat_20261001,0.1800,0.1800,18.4682,0.1800,3.3243,1,,1800,13.70,
1790891947.391,2026-10-01T17:59:07,1800,37.95,v1_Ra40_repeat_20261001,0.2000,0.2000,17.6483,0.2000,3.5297,1,,1799,13.70,
1790891948.449,2026-10-01T17:59:08,1800,37.95,v1_Ra40_repeat_20261001,0.2200,0.2200,16.6931,0.2200,3.6725,1,,1800,13.60,
1790891949.505,2026-10-01T17:59:09,1800,37.95,v1_Ra40_repeat_20261001,0.2400,0.2400,16.2029,0.2400,3.8887,1,,1801,13.60,
1790891950.561,2026-10-01T17:59:10,1800,37.95,v1_Ra40_repeat_20261001,0.2600,0.2600,15.0938,0.2600,3.9244,1,,1800,13.60,
1790891951.614,2026-10-01T17:59:11,1800,37.95,v1_Ra40_repeat_20261001,0.2800,0.2800,14.5466,0.2800,4.0730,1,,1800,13.70,
1790891952.696,2026-10-01T17:59:12,1800,37.95,v1_Ra40_repeat_20261001,0.3000,0.3000,13.7203,0.3000,4.1161,1,,1800,13.60,
1790891953.749,2026-10-01T17:59:13,1800,37.95,v1_Ra40_repeat_20261001,0.3200,0.3200,13.1103,0.3200,4.1953,1,,1800,13.70,
1790891954.806,2026-10-01T17:59:14,1800,37.95,v1_Ra40_repeat_20261001,0.3400,0.3400,12.6190,0.3400,4.2905,1,,1800,13.60,
1790891955.858,2026-10-01T17:59:15,1800,37.95,v1_Ra40_repeat_20261001,0.3600,0.3600,11.8097,0.3600,4.2515,1,,1799,13.70,
1790891956.914,2026-10-01T17:59:16,1800,37.95,v1_Ra40_repeat_20261001,0.3800,0.3800,11.1864,0.3800,4.2508,1,,1800,13.70,
1790891958.001,2026-10-01T17:59:18,1800,37.95,v1_Ra40_repeat_20261001,0.4000,0.4000,10.2790,0.4000,4.1116,1,,1801,13.60,
1790891959.054,2026-10-01T17:59:19,1800,37.95,v1_Ra40_repeat_20261001,0.4200,0.4200,9.7830,0.4200,4.1089,1,,1800,13.60,
1790891960.111,2026-10-01T17:59:20,1800,37.95,v1_Ra40_repeat_20261001,0.4400,0.4400,9.1524,0.4400,4.0271,1,,1800,13.60,
1790891961.163,2026-10-01T17:59:21,1800,37.95,v1_Ra40_repeat_20261001,0.4600,0.4600,8.2605,0.4600,3.7998,1,,1800,13.60,
1790891962.219,2026-10-01T17:59:22,1800,37.95,v1_Ra40_repeat_20261001,0.4800,0.4800,7.7425,0.4800,3.7164,1,,1800,13.60,
1790891963.275,2026-10-01T17:59:23,1800,37.95,v1_Ra40_repeat_20261001,0.5000,0.5000,6.7598,0.5000,3.3799,1,,1799,13.60,
1790891964.329,2026-10-01T17:59:24,1800,37.95,v1_Ra40_repeat_20261001,0.5200,0.5200,6.5166,0.5200,3.3886,1,,1799,13.70,
