blade,setting,I_lab_mA,V_lab,V_rig_at_I_lab,I_rig_at_V_lab_mA,ratio_Irig_over_Ilab
Ra20,900,28.8,5.536,6.407,38.7,1.343
Ra20,900,38.2,4.718,5.586,56.9,1.491
Ra20,1000,38.0,6.33,7.242,59.4,1.564
Ra20,1000,46.4,5.76,6.855,70.2,1.512
Ra20,1100,78.0,5.382,7.266,116.0,1.488
Ra20,1200,101.9,5.857,8.105,162.5,1.595
Ra20,1300,127.6,6.924,9.097,190.8,1.495
Ra20,1400,142.7,8.091,10.28,197.1,1.381
Ra20,1400,197.1,7.184,8.091,223.3,1.133
Ra20,1400,224.5,6.251,7.124,251.6,1.121
Ra20,1500,223.4,8.289,9.015,245.7,1.1
Ra20,1500,231.5,7.661,8.751,268.0,1.157
Ra20,1700,301.5,8.593,9.866,344.8,1.144
Ra20,1800,301.2,10.105,12.168,363.7,1.208
Ra20,1800,317.8,9.606,11.891,374.3,1.178
Ra40,900,28.8,5.536,6.405,48.5,1.683
Ra40,900,38.2,4.718,6.092,61.5,1.611
Ra40,1000,38.0,6.33,7.66,65.3,1.718
Ra40,1000,46.4,5.76,7.246,74.5,1.605
Ra40,1100,78.0,5.382,7.842,135.7,1.74
Ra40,1200,101.9,5.857,8.825,176.8,1.735
Ra40,1300,127.6,6.924,9.818,194.4,1.523
Ra40,1400,142.7,8.091,10.803,218.3,1.53
Ra40,1400,197.1,7.184,8.796,242.2,1.229
Ra40,1400,224.5,6.251,7.892,268.2,1.195
Ra40,1500,223.4,8.289,9.494,264.0,1.182
Ra40,1500,231.5,7.661,9.258,282.7,1.221
Ra40,1700,301.5,8.593,11.134,370.9,1.23
Ra40,1800,301.2,10.105,13.133,393.1,1.305
Ra40,1800,317.8,9.606,12.823,409.9,1.29
Ra80,900,28.8,5.536,6.889,48.5,1.685
Ra80,900,38.2,4.718,6.042,63.2,1.656
Ra80,1000,38.0,6.33,8.244,81.2,2.136
Ra80,1000,46.4,5.76,7.871,91.4,1.969
Ra80,1100,78.0,5.382,8.328,141.4,1.812
Ra80,1200,101.9,5.857,9.323,182.5,1.791
Ra80,1300,127.6,6.924,9.923,201.1,1.576
Ra80,1400,142.7,8.091,10.91,223.9,1.569
Ra80,1400,197.1,7.184,8.856,249.4,1.266
Ra80,1400,224.5,6.251,8.061,277.9,1.238
Ra80,1500,223.4,8.289,9.863,269.8,1.208
Ra80,1500,231.5,7.661,9.546,288.6,1.247
Ra80,1700,301.5,8.593,11.188,380.0,1.26
Ra80,1800,301.2,10.105,14.127,422.2,1.402
Ra80,1800,317.8,9.606,13.532,441.2,1.388
