setting,lab_wind,lab_Pdc_max,lab_window_1s_max,lab_window_1s_max_t,lab_window_Pmax_sample_t,span_1s_max,stable_1s_max,plateau_max_mean,lab_I_max_plateau_mA,rig_Ra20_P,rig_Ra20_I,rig_Ra20_wind,rig_Ra40_P,rig_Ra40_I,rig_Ra40_wind,rig_Ra80_P,rig_Ra80_I,rig_Ra80_wind,span_1s_max_over_Ra20,plateau_max_mean_over_Ra20,lab_window_1s_max_over_Ra20,lab_Pdc_max_over_Ra20,noise_share_of_lab_Pdc_max,lab_Imax_over_rig_Ra20_Impp,plateau_over_span1s
500,9.786,0.333189961809082,0.0097,10.96,10.5,0.0157,0.0157,,,0.0297,0.018,10.14,0.0298,0.018,10.24,0.033,0.018,10.24,0.529,,0.327,11.219,0.971,,
600,12.026,0.533187386348877,0.0192,34.14,35.11,0.0192,0.0192,,,0.0604,0.0255,12.22,0.0658,0.0319,12.37,0.066,0.0319,12.37,0.318,,0.318,8.828,0.964,,
700,13.986,0.508260729575196,0.0172,54.34,53.46,0.0675,0.0675,0.0598,15.2,0.1047,0.038,14.36,0.121,0.038,14.5,0.118,0.0409,14.5,0.645,0.571,0.164,4.854,0.966,0.4,0.886
800,16.188,0.60749053828125,0.0956,74.58,77.1,0.0956,0.0881,,,0.1769,0.0538,16.5,0.192,0.0576,16.63,0.1925,0.0615,16.63,0.54,,0.54,3.434,0.843,,
900,18.39,0.7677078215625,0.1948,96.54,90.83,0.1948,0.1948,0.1803,38.2,0.2732,0.0684,18.63,0.2974,0.0684,18.76,0.3079,0.0684,18.76,0.713,0.66,0.713,2.81,0.746,0.558,0.926
1000,20.592,0.918388373261719,0.2798,116.85,115.53,0.2832,0.2832,0.2673,46.4,0.4227,0.0788,20.71,0.4642,0.0909,20.9,0.5265,0.0909,20.9,0.67,0.632,0.662,2.173,0.695,0.589,0.944
1100,22.794,1.01586580810425,0.4521,134.6,132.01,0.4521,0.4521,0.4196,78.0,0.6433,0.1104,22.78,0.751,0.1252,23.03,0.8044,0.1252,23.05,0.703,0.652,0.703,1.579,0.555,0.707,0.928
1200,24.996,1.34035349323608,0.6378,150.86,158.62,0.6378,0.6378,0.5967,101.9,0.9592,0.1582,24.92,1.0407,0.1494,25.16,1.1009,0.1758,25.16,0.665,0.622,0.665,1.397,0.524,0.644,0.936
1300,27.198,1.82533264203125,1.1214,181.85,179.47,0.9184,0.9184,0.8837,127.6,1.3286,0.1862,27.0,1.4007,0.2172,27.29,1.4455,0.1758,27.29,0.691,0.665,0.844,1.374,0.386,0.685,0.962
1400,29.4,2.25305557678711,1.4818,202.63,201.97,1.519,1.519,1.4158,224.5,1.6653,0.2404,29.07,1.774,0.2284,29.42,1.8391,0.2164,29.45,0.912,0.85,0.89,1.353,0.342,0.934,0.932
1500,31.5875,2.61127948397217,1.9057,222.28,223.37,1.9057,1.9057,1.8515,231.5,2.0806,0.2627,31.21,2.194,0.2489,31.56,2.2569,0.2489,31.56,0.916,0.89,0.916,1.255,0.27,0.881,0.972
1600,33.775,3.1026363330127,2.2324,243.55,238.95,2.2383,2.2383,,,2.5188,0.2994,33.29,2.6547,0.2994,33.71,2.8299,0.2837,33.69,0.889,,0.886,1.232,0.28,,
1700,35.9625,3.81786823709717,2.695,261.05,259.58,2.695,2.695,2.5905,301.5,3.0329,0.2494,35.43,3.3576,0.3563,35.84,3.529,0.2672,35.84,0.889,0.854,0.889,1.259,0.294,1.209,0.961
1800,38.15,4.30405140365967,3.1292,285.43,281.84,3.1292,3.1292,3.0527,317.8,3.7935,0.32,37.5,4.0961,0.34,37.95,4.4981,0.4,37.95,0.825,0.805,0.825,1.135,0.273,0.993,0.976
1900,40.3375,5.07254601513184,3.726,301.12,306.39,3.726,3.726,3.6558,341.0,,,,,,,,,,,,,,0.265,,0.981
2000,42.525,5.60164451379395,4.2676,326.54,326.84,4.2676,4.2676,4.2007,348.4,,,,,,,,,,,,,,0.238,,0.984
