# _smoke_a000_U23_SST_medium_Co5n2: section coefficients, q = 0.5 U^2, A = c dz, c = 0.048 m; Cm about the centroid, CCW +
# averaging window t U/c = 0.02009 .. 1.073; decimated
t_s,t_U_over_c,Cd,Cl,Cm_z_ccw,Cd_pressure,Cd_viscous
4.1932421e-05,0.020092618,2.2197625,-0.13173395,0.73120398,2.2036903,0.016072143
8.3339839e-05,0.039933673,1.6264601,0.12303715,0.53375055,1.6219524,0.0045077448
0.0001247104,0.059757066,1.5286514,0.15837674,0.50708261,1.5288885,-0.00023713991
0.00016670366,0.079878835,1.5492936,0.16461755,0.5163364,1.5527802,-0.0034866121
0.00020862418,0.099965751,1.5892267,0.18753131,0.52456567,1.5949556,-0.0057289298
0.00025061913,0.12008833,1.5942604,0.21946397,0.52258716,1.6015423,-0.007281913
0.00029248372,0.14014845,1.5789456,0.26965972,0.50742778,1.587409,-0.0084633236
0.00033415967,0.16011817,1.6265534,0.2895595,0.51327347,1.6357855,-0.0092321684
0.00037587691,0.18010769,1.7299798,0.27863503,0.54119068,1.7396261,-0.0096462835
0.00041799079,0.20028725,1.8638341,0.23759828,0.58941187,1.873718,-0.0098838442
0.00045945208,0.22015412,1.9612944,0.21496072,0.62746906,1.9714577,-0.010163266
0.00050030569,0.23972981,2.027812,0.22109621,0.65135071,2.0383496,-0.010537626
0.00054335324,0.26035676,2.0650832,0.26231704,0.65635624,2.0757824,-0.01069923
0.00058511094,0.28036566,2.0736617,0.31380611,0.64907433,2.084447,-0.01078534
0.0006266872,0.30028762,2.0491318,0.37413561,0.63024255,2.0601092,-0.01097743
0.00066759794,0.31989068,1.9677178,0.45993805,0.58959686,1.9790891,-0.011371323
0.00070903659,0.3397467,1.8562923,0.55706808,0.535491,1.8682642,-0.011971857
0.0007506976,0.35970927,1.7898437,0.63057988,0.49160572,1.802457,-0.012613278
0.00079261439,0.37979439,1.8070953,0.6642331,0.47251196,1.8202205,-0.013125208
0.00083519027,0.40019534,1.901305,0.6588567,0.48039986,1.9147342,-0.013429239
0.00087685158,0.42015805,2.0243168,0.63807646,0.50135438,2.0378695,-0.013552696
0.00091866298,0.44019268,2.1368009,0.61939379,0.52229004,2.1504039,-0.013602998
0.00096053145,0.46025465,2.2028862,0.61964647,0.53187138,2.2165576,-0.01367137
0.0010024796,0.48035483,2.2220968,0.63781754,0.52851083,2.2358964,-0.013799668
0.0010426968,0.49962556,2.2065331,0.67043181,0.51445526,2.220524,-0.013990903
0.0010848736,0.51983526,2.1706334,0.71321456,0.49275778,2.1848732,-0.014239714
0.0011271945,0.54011403,2.1333286,0.75765918,0.46831592,2.1478295,-0.014500902
0.0011678218,0.55958126,2.1095627,0.79670413,0.4459946,2.1243001,-0.014737334
0.0012104562,0.58001027,2.1044926,0.83114183,0.42593316,2.1194415,-0.014948942
0.0012794057,0.61304856,2.1388163,0.86915091,0.40423812,2.1539688,-0.015152475
0.0013225054,0.63370052,2.1816729,0.88292194,0.39712784,2.1968712,-0.015198283
0.0013639094,0.65353991,2.2272487,0.89308881,0.39257975,2.2424459,-0.015197217
0.0014054946,0.67346617,2.2719877,0.90274318,0.38856857,2.2871545,-0.015166816
0.0014472606,0.69347906,2.3117229,0.91566621,0.38272503,2.3268455,-0.015122619
0.0014892131,0.71358128,2.3415063,0.93306369,0.37427357,2.3565866,-0.015080294
0.0015313512,0.73377246,2.3625537,0.95409345,0.36333611,2.3776032,-0.015049455
0.0015717529,0.75313159,2.3734652,0.97760452,0.35060867,2.3885059,-0.015040682
0.0016142743,0.77350641,2.3786502,1.0045183,0.33596878,2.3937046,-0.015054403
0.0016550564,0.79304785,2.3788169,1.0315845,0.32125614,2.3939035,-0.015086647
0.0016979994,0.81362472,2.3766296,1.0605869,0.30576503,2.3917609,-0.015131354
0.0017392121,0.83337247,2.3750983,1.0866562,0.2918634,2.3902752,-0.01517681
0.0017806528,0.85322946,2.3756092,1.112088,0.27894243,2.3908316,-0.015222435
0.001822332,0.87320076,2.3787282,1.1360207,0.26709309,2.3939877,-0.015259456
0.0018642603,0.8932914,2.3862391,1.1590113,0.25646375,2.4015257,-0.015286532
0.0019064478,0.91350623,2.3963114,1.1811617,0.24651908,2.411609,-0.015297592
0.0019489051,0.93385035,2.4102189,1.2023845,0.23748435,2.4255125,-0.015293619
0.0019896016,0.95335076,2.4261791,1.22214,0.22928777,2.4414515,-0.015272434
0.0020305554,0.97297445,2.4459649,1.2416865,0.22112186,2.4611999,-0.015234947
0.0020738434,0.99371664,2.4675745,1.2628905,0.21233024,2.4827519,-0.015177388
0.0021153558,1.013608,2.4904857,1.283901,0.20345494,2.5055928,-0.015107123
0.0021571627,1.0336405,2.513041,1.3065433,0.19359487,2.5280639,-0.015022944
0.0021992641,1.053814,2.5351645,1.3307204,0.18283478,2.5500898,-0.014925306
0.0022395402,1.073113,2.5553872,1.3552672,0.17167142,2.5702108,-0.014823595
