setting_rpm,lab_wind_mps,lab_pdc_max_w,repro_pdc_max_w,repro_vdc_max_v,repro_idc_max_a,i_spike_at_pmax_a,p_1s_max_zc_w,p_mean_zc_w,i_mean_zc_a,v_mean_v,t_start_s,t_end_s,rig_v1_Ra20_p_raw_w,rig_v1_Ra40_p_raw_w,rig_v1_Ra80_p_raw_w,ratio_1s_to_Ra20,usable_for_rig_comparison,window_note,rig_no_texture_1oct_p_raw_w,ratio_1s_to_no_texture
500,9.786,0.33319,0.33319,3.42285,0.10498,0.112379,0.00805066,-0.00423339,-0.00136685,3.11033,5.19444,15.5861,0.0297,0.0298,0.033,,0,load at 0 A,0.0295993,
600,12.026,0.533187,0.533187,4.49219,0.124512,0.131714,0.0169706,0.000633572,9.52546e-05,3.84242,25.9778,36.3694,0.0604,0.0658,0.066,,0,load at 0 A,0.0658999,
700,13.986,0.508261,0.508261,5.75684,0.0927734,0.101827,0.0144227,-0.00238948,-0.00044757,5.38502,46.7611,57.1528,0.1047,0.121,0.118,,0,load at 0 A,0.115737,
800,16.188,0.607491,0.607491,5.52734,0.12207,0.112393,0.0928311,0.0671531,0.0146928,4.54097,67.5444,77.9361,0.1769,0.192,0.1925,,0,load 13-16 mA; mostly below the power peak,0.183435,
900,18.39,0.767708,0.767708,6.92383,0.134277,0.108209,0.192207,0.150238,0.0277036,5.61772,88.3278,98.7194,0.2732,0.2974,0.3079,0.70354,1,,0.284351,0.67595
1000,20.592,0.918388,0.918388,6.70898,0.146484,0.117106,0.2767,0.247993,0.0402812,6.17646,109.111,119.503,0.4227,0.4642,0.5265,0.654602,1,,0.413542,0.6691
1100,22.794,1.01587,1.01587,7.29492,0.166016,0.0946452,0.448844,0.411784,0.0693145,6.01794,129.894,140.286,0.6433,0.751,0.8044,0.697721,1,,0.606192,0.740431
1200,24.996,1.34035,1.34035,6.84082,0.227051,0.132331,0.634327,0.602397,0.101038,5.96477,150.678,161.069,0.9592,1.0407,1.1009,0.661308,1,,0.890399,0.712407
1300,27.198,1.82533,1.82533,9.01367,0.222168,0.0971002,1.11679,0.95945,0.126789,7.56486,171.461,181.853,1.3286,1.4007,1.4455,0.840579,0,window contains the step to 1400 rpm,1.25839,
1400,29.4,2.25306,2.25306,8.34473,0.307617,0.116855,1.47791,1.32281,0.17788,7.45673,192.244,202.636,1.6653,1.774,1.8391,0.887476,1,,1.58812,0.930604
1500,31.5875,2.61128,2.61128,8.70117,0.336914,0.103271,1.90126,1.6504,0.223366,7.38481,213.028,223.419,2.0806,2.194,2.2569,0.913802,1,,2.00815,0.94677
1600,33.775,3.10264,3.10264,9.8584,0.336914,0.113437,2.22742,2.05463,0.231326,8.87871,233.811,244.203,2.5188,2.6547,2.8299,0.884316,1,,2.46805,0.902499
1700,35.9625,3.81787,3.81787,10.752,0.412598,0.125129,2.69,2.52987,0.270598,9.36343,254.594,264.986,3.0329,3.3576,3.529,0.886939,1,,3.01377,0.892569
1800,38.15,4.30405,4.30405,10.6348,0.424805,0.133606,3.12401,3.04555,0.302457,10.0702,275.378,285.769,3.7935,4.0961,4.4981,0.823517,1,,3.6653,0.852321
1900,40.3375,5.07255,5.07255,11.4014,0.478516,0.144158,3.72016,3.6589,0.339718,10.7701,296.161,306.553,,,,,1,,,
2000,42.525,5.60164,5.60164,12.5098,0.456543,0.109463,4.26124,4.18854,0.347825,12.0423,316.944,327.336,,,,,1,,,
