t_s,cmd_hz,meas_hz,meas_a,v_meas
0.0256,20.000,20.00,5.00,
0.0773,20.000,20.00,5.00,
0.1296,20.000,20.00,4.80,
0.1772,20.000,20.00,4.80,
0.2276,20.000,19.00,4.70,
0.2771,20.000,19.00,4.70,
0.3296,20.000,19.00,4.90,
0.3772,20.000,19.00,4.90,
0.4277,20.000,20.00,5.00,
0.4772,20.000,20.00,5.00,
0.5277,20.000,20.00,5.00,
0.5772,20.000,20.00,5.00,
0.6276,20.000,20.00,4.80,
0.6771,20.000,20.00,4.80,
0.7296,20.000,20.00,4.60,
0.7771,20.000,20.00,4.60,
0.8316,20.000,20.00,4.80,
0.8770,20.000,20.00,4.80,
0.9295,20.000,20.00,5.00,
0.9773,20.000,20.00,5.00,
1.0277,20.000,20.00,4.90,
1.0772,20.000,20.00,4.90,
1.1276,20.000,20.00,4.80,
1.1773,20.000,20.00,4.80,
1.2297,20.000,19.00,4.70,
1.2772,20.000,19.00,4.70,
1.3276,20.000,19.00,4.70,
1.3772,20.000,19.00,4.70,
1.4296,20.000,20.00,4.90,
1.4772,20.000,20.00,4.90,
1.5297,20.000,20.00,5.00,
1.5773,20.000,20.00,5.00,
1.6317,20.000,20.00,5.00,
1.6774,20.000,20.00,5.00,
1.7297,20.000,20.00,4.80,
1.7774,20.000,20.00,4.80,
1.8278,20.000,19.00,4.80,
1.8773,20.000,19.00,4.80,
1.9299,20.000,21.00,5.10,
1.9781,20.000,21.00,5.10,
2.0256,20.000,20.00,4.90,
2.0772,20.000,20.00,4.90,
2.1297,20.000,20.00,4.80,
2.1774,20.000,20.00,4.80,
2.2285,20.000,20.00,4.70,
2.2774,20.000,20.00,4.70,
2.3277,20.000,19.00,4.70,
2.3787,20.000,19.00,4.70,
2.4299,20.000,21.00,5.00,
2.4775,20.000,21.00,5.00,
2.5279,20.000,20.00,5.00,
2.5776,20.000,20.00,5.00,
2.6299,20.000,19.00,4.90,
2.6777,20.000,19.00,4.90,
2.7301,20.000,20.00,4.80,
2.7774,20.000,20.00,4.80,
2.8280,20.000,19.00,4.70,
2.8777,20.000,19.00,4.70,
2.9300,20.000,19.00,4.90,
2.9784,20.000,19.00,4.90,
3.0299,20.000,20.00,5.00,
3.0773,20.000,20.00,5.00,
3.1298,20.000,20.00,5.00,
3.1773,20.000,20.00,5.00,
3.2297,20.000,20.00,4.90,
3.2773,20.000,20.00,4.90,
3.3278,20.000,19.00,4.80,
3.3773,20.000,19.00,4.80,
3.4298,20.000,19.00,4.90,
3.4773,20.000,19.00,4.90,
3.5299,20.000,20.00,5.10,
3.5773,20.000,20.00,5.10,
3.6279,20.000,20.00,4.90,
3.6774,20.000,20.00,4.90,
3.7279,20.000,20.00,4.80,
3.7773,20.000,20.00,4.80,
3.8319,20.000,20.00,4.70,
3.8774,20.000,20.00,4.70,
3.9298,20.000,19.00,4.80,
3.9774,20.000,19.00,4.80,
4.0299,20.000,20.00,4.90,
4.0774,20.000,20.00,4.90,
4.1256,20.000,20.00,5.00,
4.1774,20.000,20.00,5.00,
4.2297,20.000,20.00,4.90,
4.2776,20.000,20.00,4.90,
4.3258,20.000,20.00,4.80,
4.3774,20.000,20.00,4.80,
4.4321,20.000,19.00,4.70,
4.4776,20.000,19.00,4.70,
4.5299,20.000,21.00,4.90,
4.5777,20.000,21.00,4.90,
4.6300,20.000,20.00,4.90,
4.6775,20.000,20.00,4.90,
4.7341,20.000,20.00,5.00,
4.7775,20.000,20.00,5.00,
4.8300,20.000,20.00,4.80,
4.8775,20.000,20.00,4.80,
4.9320,20.000,19.00,4.80,
4.9776,20.000,19.00,4.80,
5.0279,20.000,21.00,5.00,
5.0778,20.079,21.00,5.00,
5.1299,20.157,20.00,5.00,
5.1774,20.236,20.00,5.00,
5.2318,20.314,20.00,4.90,
5.2774,20.392,20.00,4.90,
5.3321,20.471,20.00,4.70,
5.3776,20.549,20.00,4.70,
5.4301,20.627,19.00,4.60,
5.4778,20.705,19.00,4.60,
5.5282,20.782,20.00,4.90,
5.5776,20.860,20.00,4.90,
5.6300,20.937,20.00,4.90,
5.6781,21.014,20.00,4.90,
5.7341,21.091,20.00,5.00,
5.7777,21.167,20.00,5.00,
5.8301,21.243,21.00,4.80,
5.8776,21.319,21.00,4.80,
5.9301,21.395,20.00,4.70,
5.9777,21.470,20.00,4.70,
6.0302,21.545,21.00,4.80,
6.0778,21.620,21.00,4.80,
6.1301,21.694,21.00,4.90,
6.1775,21.767,21.00,4.90,
6.2318,21.841,22.00,5.00,
6.2775,21.913,22.00,5.00,
6.3298,21.986,22.00,4.80,
6.3774,22.058,22.00,4.80,
6.4299,22.129,21.00,4.80,
6.4774,22.200,21.00,4.80,
6.5280,22.270,23.00,5.00,
6.5777,22.340,23.00,5.00,
6.6301,22.409,22.00,4.90,
6.6781,22.477,22.00,4.90,
6.7301,22.545,22.00,4.80,
6.7781,22.612,22.00,4.80,
6.8300,22.679,22.00,4.70,
6.8775,22.745,22.00,4.70,
6.9279,22.810,22.00,4.90,
6.9775,22.875,22.00,4.90,
7.0299,22.939,23.00,5.00,
7.0774,23.002,23.00,5.00,
7.1299,23.065,23.00,5.00,
7.1773,23.126,23.00,5.00,
7.2278,23.187,23.00,4.80,
7.2775,23.247,23.00,4.80,
7.3298,23.307,22.00,4.70,
7.3775,23.365,22.00,4.70,
7.4319,23.423,23.00,4.90,
7.4784,23.480,23.00,4.90,
7.5302,23.536,23.00,4.90,
7.5776,23.591,23.00,4.90,
7.6281,23.645,24.00,4.90,
7.6777,23.698,24.00,4.90,
7.7301,23.751,23.00,4.80,
7.7778,23.802,23.00,4.80,
7.8303,23.853,23.00,5.00,
7.8778,23.902,23.00,5.00,
7.9301,23.951,24.00,5.00,
7.9777,23.998,24.00,5.00,
8.0302,24.045,24.00,4.80,
8.0781,24.091,24.00,4.80,
8.1303,24.135,24.00,4.70,
8.1778,24.179,24.00,4.70,
8.2342,24.222,23.00,4.80,
8.2774,24.263,23.00,4.80,
8.3299,24.304,24.00,5.00,
8.3904,24.343,24.00,5.00,
8.4299,24.382,24.00,4.90,
8.4776,24.419,24.00,4.90,
8.5301,24.455,24.00,4.80,
8.5777,24.490,24.00,4.80,
8.6303,24.524,23.00,4.70,
8.6780,24.557,23.00,4.70,
8.7343,24.589,25.00,4.90,
8.7777,24.619,25.00,4.90,
8.8283,24.649,24.00,4.90,
8.8779,24.677,24.00,4.90,
8.9281,24.704,25.00,4.80,
8.9778,24.730,25.00,4.80,
9.0343,24.755,24.00,4.80,
9.0779,24.779,24.00,4.80,
9.1323,24.801,26.00,5.10,
9.1779,24.823,26.00,5.10,
9.2303,24.843,25.00,4.90,
9.2776,24.862,25.00,4.90,
9.3298,24.880,25.00,4.70,
9.3776,24.896,25.00,4.70,
9.4300,24.911,24.00,4.70,
9.4776,24.926,24.00,4.70,
9.5322,24.938,25.00,4.90,
9.5779,24.950,25.00,4.90,
9.6280,24.961,25.00,4.80,
9.6780,24.970,25.00,4.80,
9.7322,24.978,25.00,4.90,
9.7779,24.985,25.00,4.90,
9.8343,24.990,24.00,4.70,
9.8777,24.994,24.00,4.70,
9.9302,24.998,24.00,4.90,
9.9780,24.999,24.00,4.90,
10.0321,25.000,25.00,4.90,
10.0779,24.999,25.00,4.90,
10.1323,24.998,25.00,4.90,
10.1779,24.994,25.00,4.90,
10.2302,24.990,24.00,4.80,
10.2776,24.985,24.00,4.80,
10.3321,24.978,24.00,4.90,
10.3776,24.970,24.00,4.90,
10.4299,24.961,25.00,5.00,
10.4776,24.950,25.00,5.00,
10.5300,24.938,24.00,4.80,
10.5777,24.926,24.00,4.80,
10.6301,24.911,25.00,4.70,
10.6778,24.896,25.00,4.70,
10.7302,24.880,24.00,4.70,
10.7778,24.862,24.00,4.70,
10.8302,24.843,25.00,4.90,
10.8779,24.823,25.00,4.90,
10.9303,24.801,25.00,4.90,
10.9779,24.779,25.00,4.90,
11.0303,24.755,25.00,4.80,
11.0782,24.730,25.00,4.80,
11.1302,24.704,24.00,4.70,
11.1781,24.677,24.00,4.70,
11.2283,24.649,25.00,4.90,
11.2778,24.619,25.00,4.90,
11.3302,24.589,24.00,4.90,
11.3778,24.557,24.00,4.90,
11.4300,24.524,25.00,4.90,
11.4776,24.490,25.00,4.90,
11.5321,24.455,24.00,4.80,
11.5777,24.419,24.00,4.80,
11.6281,24.382,25.00,5.20,
11.6777,24.343,25.00,5.20,
11.7281,24.304,25.00,5.00,
11.7778,24.263,25.00,5.00,
11.8302,24.222,25.00,4.80,
11.8777,24.179,25.00,4.80,
11.9281,24.135,24.00,4.60,
11.9757,24.091,24.00,4.60,
12.0273,24.045,24.00,4.90,
12.0766,23.998,24.00,4.90,
12.1282,23.951,24.00,4.80,
12.1766,23.902,24.00,4.80,
12.2281,23.853,24.00,4.80,
12.2905,23.802,24.00,4.80,
12.3321,23.751,24.00,4.80,
12.3778,23.698,24.00,4.80,
12.4303,23.645,23.00,4.80,
12.4756,23.591,23.00,4.80,
12.5281,23.536,24.00,4.90,
12.5757,23.480,24.00,4.90,
12.6302,23.423,24.00,5.00,
12.6758,23.365,24.00,5.00,
12.7301,23.307,24.00,4.90,
12.7757,23.247,24.00,4.90,
12.8323,23.187,23.00,4.80,
12.8758,23.126,23.00,4.80,
12.9302,23.065,24.00,5.10,
12.9761,23.002,24.00,5.10,
13.0315,22.939,23.00,4.90,
13.0761,22.875,23.00,4.90,
13.1304,22.810,24.00,4.80,
13.1774,22.745,24.00,4.80,
13.2304,22.679,23.00,4.70,
13.2761,22.612,23.00,4.70,
13.3304,22.545,23.00,4.80,
13.3764,22.477,23.00,4.80,
13.4304,22.409,23.00,4.90,
13.4761,22.340,23.00,4.90,
13.5284,22.270,22.00,4.90,
13.5757,22.200,22.00,4.90,
13.6300,22.129,22.00,4.80,
13.6756,22.058,22.00,4.80,
13.7262,21.986,22.00,4.70,
13.7758,21.913,22.00,4.70,
13.8323,21.841,22.00,5.00,
13.8774,21.767,22.00,5.00,
13.9325,21.694,22.00,5.00,
13.9757,21.620,22.00,5.00,
14.0311,21.545,22.00,5.00,
14.0757,21.470,22.00,5.00,
14.1322,21.395,22.00,4.80,
14.1757,21.319,22.00,4.80,
14.2303,21.243,21.00,4.90,
14.2757,21.167,21.00,4.90,
14.3262,21.091,22.00,5.10,
14.3762,21.014,22.00,5.10,
14.4284,20.937,22.00,5.00,
14.4758,20.860,22.00,5.00,
14.5302,20.782,21.00,4.80,
14.5758,20.705,21.00,4.80,
14.6322,20.627,21.00,4.60,
14.6757,20.549,21.00,4.60,
14.7261,20.471,20.00,4.70,
14.7797,20.392,20.00,4.70,
14.8462,20.314,21.00,5.00,
14.8778,20.236,21.00,5.00,
14.9323,20.157,20.00,4.90,
14.9757,20.079,20.00,4.90,
15.0303,20.000,20.00,4.80,
15.0757,19.921,20.00,4.80,
15.1304,19.843,20.00,4.80,
15.1763,19.764,20.00,4.80,
15.2284,19.686,19.00,4.70,
15.2888,19.608,19.00,4.70,
15.3284,19.529,20.00,5.00,
15.3761,19.451,20.00,5.00,
15.4324,19.373,20.00,5.00,
15.4761,19.295,20.00,5.00,
15.5285,19.218,19.00,5.00,
15.5761,19.140,19.00,5.00,
15.6282,19.063,20.00,4.90,
15.6758,18.986,20.00,4.90,
15.7303,18.909,19.00,4.80,
15.7759,18.833,19.00,4.80,
15.8305,18.757,19.00,5.00,
15.8760,18.681,19.00,5.00,
15.9328,18.605,19.00,5.00,
15.9760,18.530,19.00,5.00,
16.0307,18.455,19.00,4.90,
16.0760,18.380,19.00,4.90,
16.1324,18.306,19.00,4.80,
16.1790,18.233,19.00,4.80,
16.2304,18.159,18.00,4.70,
16.2761,18.087,18.00,4.70,
16.3266,18.014,18.00,4.70,
16.3761,17.942,18.00,4.70,
16.4303,17.871,19.00,5.00,
16.4758,17.800,19.00,5.00,
16.5302,17.730,18.00,5.00,
16.5757,17.660,18.00,5.00,
16.6303,17.591,17.00,5.00,
16.6758,17.523,17.00,5.00,
16.7303,17.455,18.00,4.90,
16.7758,17.388,18.00,4.90,
16.8305,17.321,17.00,4.70,
16.8763,17.255,17.00,4.70,
16.9344,17.190,16.00,4.80,
16.9760,17.125,16.00,4.80,
17.0283,17.061,18.00,5.10,
17.0890,16.998,18.00,5.10,
17.1283,16.935,18.00,5.10,
17.1761,16.874,18.00,5.10,
17.2285,16.813,17.00,5.00,
17.2764,16.753,17.00,5.00,
17.3305,16.693,18.00,4.80,
17.3763,16.635,18.00,4.80,
17.4305,16.577,17.00,4.70,
17.4763,16.520,17.00,4.70,
17.5265,16.464,16.00,4.80,
17.5764,16.409,16.00,4.80,
17.6305,16.355,18.00,5.10,
17.6759,16.302,18.00,5.10,
17.7284,16.249,17.00,5.00,
17.7759,16.198,17.00,5.00,
17.8263,16.147,16.00,4.90,
17.8759,16.098,16.00,4.90,
17.9325,16.049,17.00,4.80,
17.9764,16.002,17.00,4.80,
18.0286,15.955,16.00,4.70,
18.0762,15.909,16.00,4.70,
18.1304,15.865,15.00,4.70,
18.1760,15.821,15.00,4.70,
18.2306,15.778,16.00,5.00,
18.2891,15.737,16.00,5.00,
18.3285,15.696,16.00,4.90,
18.3766,15.657,16.00,4.90,
18.4307,15.618,15.00,4.90,
18.4760,15.581,15.00,4.90,
18.5305,15.545,14.00,4.90,
18.5758,15.510,14.00,4.90,
18.6304,15.476,15.00,4.80,
18.6758,15.443,15.00,4.80,
18.7304,15.411,15.00,4.70,
18.7758,15.381,15.00,4.70,
18.8304,15.351,14.00,4.80,
18.8759,15.323,14.00,4.80,
18.9304,15.296,16.00,5.00,
18.9763,15.270,16.00,5.00,
19.0286,15.245,16.00,5.10,
19.0765,15.221,16.00,5.10,
19.1286,15.199,16.00,5.10,
19.1763,15.177,16.00,5.10,
19.2285,15.157,16.00,5.00,
19.2760,15.138,16.00,5.00,
19.3305,15.120,16.00,4.80,
19.3763,15.104,16.00,4.80,
19.4286,15.089,15.00,4.80,
19.4760,15.074,15.00,4.80,
19.5304,15.062,15.00,4.90,
19.5760,15.050,15.00,4.90,
19.6264,15.039,16.00,5.10,
19.6759,15.030,16.00,5.10,
19.7286,15.022,15.00,5.00,
19.7760,15.015,15.00,5.00,
19.8304,15.010,15.00,4.90,
19.8759,15.006,15.00,4.90,
19.9263,15.002,16.00,4.80,
19.9761,15.001,16.00,4.80,
20.0286,15.000,15.00,4.70,
20.0765,15.001,15.00,4.70,
20.1286,15.002,15.00,4.70,
20.1764,15.006,15.00,4.70,
20.2306,15.010,14.00,4.90,
20.2760,15.015,14.00,4.90,
20.3305,15.022,15.00,5.00,
20.3760,15.030,15.00,5.00,
20.4305,15.039,15.00,5.00,
20.4762,15.050,15.00,5.00,
20.5286,15.062,14.00,4.90,
20.5771,15.074,14.00,4.90,
20.6286,15.089,15.00,4.90,
20.6761,15.104,15.00,4.90,
20.7307,15.120,15.00,4.70,
20.7780,15.138,15.00,4.70,
20.8306,15.157,14.00,4.80,
20.8759,15.177,14.00,4.80,
20.9305,15.199,14.00,4.90,
20.9760,15.221,14.00,4.90,
21.0305,15.245,15.00,5.10,
21.0765,15.270,15.00,5.10,
21.1286,15.296,15.00,5.00,
21.1766,15.323,15.00,5.00,
21.2327,15.351,15.00,4.90,
21.2779,15.381,15.00,4.90,
21.3366,15.411,16.00,4.80,
21.3760,15.443,16.00,4.80,
21.4305,15.476,15.00,4.70,
21.4760,15.510,15.00,4.70,
21.5305,15.545,15.00,4.80,
21.5761,15.581,15.00,4.80,
21.6307,15.618,17.00,5.10,
21.6775,15.657,17.00,5.10,
21.7287,15.696,16.00,5.00,
21.7769,15.737,16.00,5.00,
21.8306,15.778,16.00,4.90,
21.8760,15.821,16.00,4.90,
21.9264,15.865,16.00,4.90,
21.9760,15.909,16.00,4.90,
22.0305,15.955,16.00,4.70,
22.0760,16.002,16.00,4.70,
22.1286,16.049,15.00,4.70,
22.1761,16.098,15.00,4.70,
22.2305,16.147,15.00,4.90,
22.2762,16.198,15.00,4.90,
22.3306,16.249,16.00,5.00,
22.3761,16.302,16.00,5.00,
22.4287,16.355,16.00,5.00,
22.4762,16.409,16.00,5.00,
22.5307,16.464,15.00,4.80,
22.5763,16.520,15.00,4.80,
22.6266,16.577,16.00,4.80,
22.6761,16.635,16.00,4.80,
22.7306,16.693,16.00,4.80,
22.7761,16.753,16.00,4.80,
22.8306,16.813,15.00,4.80,
22.8762,16.874,15.00,4.80,
22.9305,16.935,17.00,5.10,
22.9861,16.998,17.00,5.10,
23.0296,17.061,17.00,5.10,
23.0841,17.125,17.00,5.10,
23.1348,17.190,17.00,5.00,
23.1843,17.255,17.00,5.00,
23.2288,17.321,17.00,4.80,
23.2534,17.388,17.00,4.80,
23.3307,17.455,17.00,4.70,
23.3533,17.523,17.00,4.70,
23.4347,17.591,16.00,4.80,
23.4844,17.660,16.00,4.80,
23.5287,17.730,18.00,5.10,
23.5540,17.800,18.00,5.10,
23.6307,17.871,18.00,5.10,
23.6843,17.942,18.00,5.10,
23.7348,18.014,18.00,5.00,
23.7843,18.087,18.00,5.00,
23.8287,18.159,18.00,4.80,
23.8532,18.233,18.00,4.80,
23.9308,18.306,18.00,4.60,
23.9842,18.380,18.00,4.60,
24.0346,18.455,18.00,4.90,
24.0842,18.530,18.00,4.90,
24.1287,18.605,19.00,5.00,
24.1844,18.681,19.00,5.00,
24.2287,18.757,18.00,4.90,
24.2844,18.833,18.00,4.90,
24.3387,18.909,18.00,4.90,
24.3527,18.986,18.00,4.90,
24.4308,19.063,18.00,4.80,
24.4844,19.140,18.00,4.80,
24.5288,19.218,18.00,4.70,
24.5843,19.295,18.00,4.70,
24.6367,19.373,19.00,5.10,
24.6539,19.451,19.00,5.10,
24.7245,19.529,19.00,5.00,
24.7842,19.608,19.00,5.00,
24.8307,19.686,19.00,4.90,
24.8843,19.764,19.00,4.90,
24.9347,19.843,20.00,4.80,
24.9843,19.921,20.00,4.80,
