# blade,v1_Ra20_20261001
# notes,"Ra20, fuzzy 0.050 mm, 1 Oct mount 1"
# fan_rpm,500
# wind_mps,10.24
# instrument,"Chroma,63004-150-60,630041501113,2.01"
# protocol,94bed28333f7
# protocol_detail,scaling=v2;step=0.02000;frac=0.0000;dwell=1.00;voff=0.500;range=low;floor=0.00000;operate=80.0;collapse=0.700;confirm=2
# clock,2026-10-01T17:26:07-0400
# clock_unix,1790889967.900
# _clock_note,host wall clock at run start. Every row carries t_unix so a DAQ record can be joined to it — check the two machines agree to better than a dwell before trusting the join.
# protocol_extra,min_step_amps=0.002;stop_rpm=1800;start_rpm=500;rpm_step=100;settle_min=2;settle_max=20;settle_poll=0.5;settle_tol=0.01;settle_confirm=3;rpm_tol_abs=10;rpm_tol_frac=0.02;unload_amps=0
# protocol_full,b5ac081ac5c0
# instrument_check,ok
# air,not recorded — no tunnel node connected
# drive_actual_signals,5310=103;5311=104
t_unix,t_local,fan_rpm,wind_mps,blade,demand_a,held_a,volts,amps,watts,tracking,note,fan_rpm_actual,motor_amps,turbine_rpm
1790889507.448,2026-10-01T17:18:27,500,10.24,v1_Ra20_20261001,0.0010,0.0010,2.9108,0.0010,0.0029,1,,501,4.50,
1790889508.535,2026-10-01T17:18:28,500,10.24,v1_Ra20_20261001,0.0020,0.0020,3.0779,0.0020,0.0062,1,,501,4.50,
1790889509.591,2026-10-01T17:18:29,500,10.24,v1_Ra20_20261001,0.0040,0.0040,2.9730,0.0040,0.0119,1,,501,4.50,
1790889510.648,2026-10-01T17:18:30,500,10.24,v1_Ra20_20261001,0.0060,0.0060,2.7225,0.0060,0.0163,1,,501,4.50,
1790889511.702,2026-10-01T17:18:31,500,10.24,v1_Ra20_20261001,0.0080,0.0080,2.5171,0.0080,0.0201,1,,501,4.50,
1790889512.754,2026-10-01T17:18:32,500,10.24,v1_Ra20_20261001,0.0100,0.0100,2.3232,0.0100,0.0232,1,,500,4.50,
1790889513.818,2026-10-01T17:18:33,500,10.24,v1_Ra20_20261001,0.0120,0.0120,2.1179,0.0120,0.0254,1,,500,4.50,
1790889514.873,2026-10-01T17:18:34,500,10.24,v1_Ra20_20261001,0.0140,0.0140,1.8766,0.0140,0.0263,1,,500,4.40,
1790889515.928,2026-10-01T17:18:35,500,10.24,v1_Ra20_20261001,0.0160,0.0160,1.7571,0.0160,0.0281,1,,499,4.50,
1790889516.982,2026-10-01T17:18:36,500,10.24,v1_Ra20_20261001,0.0180,0.0180,1.6144,0.0180,0.0291,1,,499,4.50,
1790889518.039,2026-10-01T17:18:38,500,10.24,v1_Ra20_20261001,0.0200,0.0200,1.5651,0.0200,0.0313,1,,499,4.60,
1790889519.125,2026-10-01T17:18:39,500,10.24,v1_Ra20_20261001,0.0220,0.0220,1.1782,0.0220,0.0259,1,,499,4.60,
1790889520.181,2026-10-01T17:18:40,500,10.24,v1_Ra20_20261001,0.0240,0.0240,1.0915,0.0240,0.0262,1,,499,4.50,
1790889521.236,2026-10-01T17:18:41,500,10.24,v1_Ra20_20261001,0.0260,0.0260,0.8195,0.0260,0.0213,1,,499,4.50,
1790889522.324,2026-10-01T17:18:42,500,10.24,v1_Ra20_20261001,0.0280,0.0280,0.5684,0.0280,0.0159,1,,500,4.40,
1790889531.816,2026-10-01T17:18:51,600,12.37,v1_Ra20_20261001,0.0011,0.0011,4.6016,0.0011,0.0051,1,,600,4.90,
1790889532.873,2026-10-01T17:18:52,600,12.37,v1_Ra20_20261001,0.0021,0.0021,4.3784,0.0021,0.0092,1,,600,4.80,
1790889533.925,2026-10-01T17:18:53,600,12.37,v1_Ra20_20261001,0.0042,0.0042,4.3240,0.0042,0.0182,1,,600,4.80,
1790889534.979,2026-10-01T17:18:54,600,12.37,v1_Ra20_20261001,0.0064,0.0064,4.0773,0.0064,0.0261,1,,600,4.80,
1790889536.035,2026-10-01T17:18:56,600,12.37,v1_Ra20_20261001,0.0085,0.0085,3.9123,0.0085,0.0333,1,,600,4.80,
1790889537.091,2026-10-01T17:18:57,600,12.37,v1_Ra20_20261001,0.0106,0.0106,3.6397,0.0106,0.0386,1,,600,4.90,
1790889538.263,2026-10-01T17:18:58,600,12.37,v1_Ra20_20261001,0.0127,0.0127,3.4467,0.0127,0.0438,1,,600,4.80,
1790889539.319,2026-10-01T17:18:59,600,12.37,v1_Ra20_20261001,0.0149,0.0149,3.2112,0.0149,0.0478,1,,600,4.80,
1790889540.377,2026-10-01T17:19:00,600,12.37,v1_Ra20_20261001,0.0170,0.0170,2.9515,0.0170,0.0502,1,,600,4.80,
1790889541.430,2026-10-01T17:19:01,600,12.37,v1_Ra20_20261001,0.0191,0.0191,2.8828,0.0191,0.0551,1,,600,4.80,
1790889542.486,2026-10-01T17:19:02,600,12.37,v1_Ra20_20261001,0.0212,0.0212,2.7933,0.0212,0.0592,1,,600,4.90,
1790889543.540,2026-10-01T17:19:03,600,12.37,v1_Ra20_20261001,0.0234,0.0234,2.5576,0.0234,0.0598,1,,600,4.80,
1790889544.596,2026-10-01T17:19:04,600,12.37,v1_Ra20_20261001,0.0255,0.0255,2.3615,0.0255,0.0602,1,,600,4.80,
1790889545.649,2026-10-01T17:19:05,600,12.37,v1_Ra20_20261001,0.0276,0.0276,2.2905,0.0276,0.0632,1,,600,4.80,
1790889546.822,2026-10-01T17:19:06,600,12.37,v1_Ra20_20261001,0.0297,0.0297,2.1136,0.0297,0.0628,1,,600,4.80,
1790889547.878,2026-10-01T17:19:07,600,12.37,v1_Ra20_20261001,0.0319,0.0319,1.9996,0.0319,0.0638,1,,600,4.80,
1790889548.946,2026-10-01T17:19:08,600,12.37,v1_Ra20_20261001,0.0340,0.0340,1.7930,0.0340,0.0610,1,,600,4.80,
1790889550.002,2026-10-01T17:19:10,600,12.37,v1_Ra20_20261001,0.0361,0.0361,1.3294,0.0361,0.0480,1,,600,4.80,
1790889551.064,2026-10-01T17:19:11,600,12.37,v1_Ra20_20261001,0.0382,0.0382,1.4599,0.0382,0.0558,1,,600,4.90,
1790889552.119,2026-10-01T17:19:12,600,12.37,v1_Ra20_20261001,0.0404,0.0404,1.2159,0.0404,0.0491,1,,600,4.80,
1790889553.173,2026-10-01T17:19:13,600,12.37,v1_Ra20_20261001,0.0425,0.0425,0.9788,0.0425,0.0416,1,,600,4.80,
1790889565.507,2026-10-01T17:19:25,700,14.50,v1_Ra20_20261001,0.0015,0.0015,5.6975,0.0015,0.0085,1,,700,5.30,
1790889566.564,2026-10-01T17:19:26,700,14.50,v1_Ra20_20261001,0.0029,0.0029,5.4973,0.0029,0.0159,1,,700,5.30,
1790889567.620,2026-10-01T17:19:27,700,14.50,v1_Ra20_20261001,0.0058,0.0058,5.3000,0.0058,0.0307,1,,700,5.30,
1790889568.676,2026-10-01T17:19:28,700,14.50,v1_Ra20_20261001,0.0088,0.0088,5.2041,0.0088,0.0458,1,,700,5.30,
1790889569.733,2026-10-01T17:19:29,700,14.50,v1_Ra20_20261001,0.0117,0.0117,4.9010,0.0117,0.0573,1,,700,5.30,
1790889570.808,2026-10-01T17:19:30,700,14.50,v1_Ra20_20261001,0.0146,0.0146,4.6888,0.0146,0.0685,1,,700,5.30,
1790889571.864,2026-10-01T17:19:31,700,14.50,v1_Ra20_20261001,0.0175,0.0175,4.4867,0.0175,0.0785,1,,700,5.20,
1790889572.917,2026-10-01T17:19:32,700,14.50,v1_Ra20_20261001,0.0204,0.0204,4.3753,0.0204,0.0893,1,,700,5.30,
1790889573.974,2026-10-01T17:19:33,700,14.50,v1_Ra20_20261001,0.0234,0.0234,4.0540,0.0234,0.0949,1,,700,5.30,
1790889575.026,2026-10-01T17:19:35,700,14.50,v1_Ra20_20261001,0.0263,0.0263,3.6924,0.0263,0.0971,1,,700,5.30,
1790889576.105,2026-10-01T17:19:36,700,14.50,v1_Ra20_20261001,0.0292,0.0292,3.4432,0.0292,0.1005,1,,700,5.30,
1790889577.162,2026-10-01T17:19:37,700,14.50,v1_Ra20_20261001,0.0321,0.0321,3.1117,0.0321,0.0999,1,,700,5.30,
1790889578.218,2026-10-01T17:19:38,700,14.50,v1_Ra20_20261001,0.0350,0.0350,2.8165,0.0350,0.0986,1,,700,5.30,
1790889579.273,2026-10-01T17:19:39,700,14.50,v1_Ra20_20261001,0.0380,0.0380,2.8599,0.0380,0.1087,1,,700,5.30,
1790889580.330,2026-10-01T17:19:40,700,14.50,v1_Ra20_20261001,0.0409,0.0409,2.7582,0.0409,0.1128,1,,700,5.30,
1790889581.409,2026-10-01T17:19:41,700,14.50,v1_Ra20_20261001,0.0438,0.0438,2.4261,0.0438,0.1063,1,,700,5.30,
1790889582.464,2026-10-01T17:19:42,700,14.50,v1_Ra20_20261001,0.0467,0.0467,2.2590,0.0467,0.1055,1,,700,5.30,
1790889583.520,2026-10-01T17:19:43,700,14.50,v1_Ra20_20261001,0.0496,0.0496,1.9426,0.0496,0.0964,1,,700,5.30,
1790889584.573,2026-10-01T17:19:44,700,14.50,v1_Ra20_20261001,0.0525,0.0525,1.8842,0.0525,0.0989,1,,700,5.30,
1790889585.626,2026-10-01T17:19:45,700,14.50,v1_Ra20_20261001,0.0555,0.0555,1.7166,0.0555,0.0953,1,,700,5.30,
1790889586.683,2026-10-01T17:19:46,700,14.50,v1_Ra20_20261001,0.0584,0.0584,1.6099,0.0584,0.0940,1,,700,5.30,
1790889587.735,2026-10-01T17:19:47,700,14.50,v1_Ra20_20261001,0.0613,0.0613,1.2370,0.0613,0.0758,1,,700,5.30,
1790889588.791,2026-10-01T17:19:48,700,14.50,v1_Ra20_20261001,0.0642,0.0642,1.0825,0.0642,0.0695,1,,700,5.30,
1790889596.720,2026-10-01T17:19:56,800,16.63,v1_Ra20_20261001,0.0019,0.0019,6.6575,0.0019,0.0126,1,,800,5.90,
1790889597.773,2026-10-01T17:19:57,800,16.63,v1_Ra20_20261001,0.0038,0.0038,6.4501,0.0038,0.0245,1,,800,5.90,
1790889598.857,2026-10-01T17:19:58,800,16.63,v1_Ra20_20261001,0.0077,0.0077,6.2704,0.0077,0.0483,1,,800,5.90,
1790889599.913,2026-10-01T17:19:59,800,16.63,v1_Ra20_20261001,0.0115,0.0115,6.0513,0.0115,0.0696,1,,800,5.90,
1790889600.966,2026-10-01T17:20:00,800,16.63,v1_Ra20_20261001,0.0154,0.0154,5.7447,0.0154,0.0885,1,,800,5.90,
1790889602.019,2026-10-01T17:20:02,800,16.63,v1_Ra20_20261001,0.0192,0.0192,5.7652,0.0192,0.1107,1,,800,5.90,
1790889603.070,2026-10-01T17:20:03,800,16.63,v1_Ra20_20261001,0.0230,0.0230,5.2293,0.0230,0.1203,1,,800,5.90,
1790889604.127,2026-10-01T17:20:04,800,16.63,v1_Ra20_20261001,0.0269,0.0269,5.1079,0.0269,0.1374,1,,800,5.90,
1790889605.179,2026-10-01T17:20:05,800,16.63,v1_Ra20_20261001,0.0307,0.0307,4.6776,0.0307,0.1436,1,,800,5.90,
1790889606.265,2026-10-01T17:20:06,800,16.63,v1_Ra20_20261001,0.0346,0.0346,4.5502,0.0346,0.1574,1,,800,5.90,
1790889607.319,2026-10-01T17:20:07,800,16.63,v1_Ra20_20261001,0.0384,0.0384,4.2812,0.0384,0.1644,1,,800,5.90,
1790889608.375,2026-10-01T17:20:08,800,16.63,v1_Ra20_20261001,0.0423,0.0423,4.2740,0.0423,0.1808,1,,800,5.90,
1790889609.445,2026-10-01T17:20:09,800,16.63,v1_Ra20_20261001,0.0461,0.0461,3.8469,0.0461,0.1773,1,,800,5.90,
1790889610.501,2026-10-01T17:20:10,800,16.63,v1_Ra20_20261001,0.0499,0.0499,3.4507,0.0499,0.1722,1,,800,5.90,
1790889611.576,2026-10-01T17:20:11,800,16.63,v1_Ra20_20261001,0.0538,0.0538,3.2201,0.0538,0.1732,1,,800,5.90,
1790889612.632,2026-10-01T17:20:12,800,16.63,v1_Ra20_20261001,0.0576,0.0576,3.0199,0.0576,0.1739,1,,800,5.90,
1790889613.688,2026-10-01T17:20:13,800,16.63,v1_Ra20_20261001,0.0615,0.0615,2.5992,0.0615,0.1599,1,,800,5.90,
1790889614.763,2026-10-01T17:20:14,800,16.63,v1_Ra20_20261001,0.0653,0.0653,2.6131,0.0653,0.1706,1,,800,5.90,
1790889615.819,2026-10-01T17:20:15,800,16.63,v1_Ra20_20261001,0.0691,0.0691,2.4834,0.0691,0.1716,1,,800,5.90,
1790889616.875,2026-10-01T17:20:16,800,16.63,v1_Ra20_20261001,0.0730,0.0730,1.9995,0.0730,0.1460,1,,799,5.90,
1790889617.932,2026-10-01T17:20:17,800,16.63,v1_Ra20_20261001,0.0768,0.0768,1.7827,0.0768,0.1369,1,,800,5.90,
1790889618.988,2026-10-01T17:20:18,800,16.63,v1_Ra20_20261001,0.0807,0.0807,1.4452,0.0807,0.1166,1,,800,5.90,
1790889626.838,2026-10-01T17:20:26,900,18.76,v1_Ra20_20261001,0.0024,0.0024,7.9810,0.0024,0.0192,1,,900,6.70,
1790889627.925,2026-10-01T17:20:27,900,18.76,v1_Ra20_20261001,0.0049,0.0049,7.6546,0.0049,0.0375,1,,900,6.70,
1790889628.981,2026-10-01T17:20:28,900,18.76,v1_Ra20_20261001,0.0098,0.0098,7.3860,0.0098,0.0724,1,,900,6.60,
1790889630.037,2026-10-01T17:20:30,900,18.76,v1_Ra20_20261001,0.0147,0.0147,6.9812,0.0147,0.1026,1,,900,6.60,
1790889631.089,2026-10-01T17:20:31,900,18.76,v1_Ra20_20261001,0.0196,0.0196,6.9030,0.0196,0.1353,1,,900,6.70,
1790889632.146,2026-10-01T17:20:32,900,18.76,v1_Ra20_20261001,0.0244,0.0244,6.4995,0.0244,0.1586,1,,900,6.60,
1790889633.200,2026-10-01T17:20:33,900,18.76,v1_Ra20_20261001,0.0293,0.0293,6.2131,0.0293,0.1820,1,,900,6.60,
1790889634.255,2026-10-01T17:20:34,900,18.76,v1_Ra20_20261001,0.0342,0.0342,5.9309,0.0342,0.2028,1,,900,6.70,
1790889635.313,2026-10-01T17:20:35,900,18.76,v1_Ra20_20261001,0.0391,0.0391,5.8033,0.0391,0.2269,1,,900,6.70,
1790889636.365,2026-10-01T17:20:36,900,18.76,v1_Ra20_20261001,0.0440,0.0440,5.4189,0.0440,0.2384,1,,900,6.70,
1790889637.421,2026-10-01T17:20:37,900,18.76,v1_Ra20_20261001,0.0489,0.0489,5.4179,0.0489,0.2649,1,,900,6.70,
1790889638.476,2026-10-01T17:20:38,900,18.76,v1_Ra20_20261001,0.0538,0.0538,4.9634,0.0538,0.2670,1,,901,6.60,
1790889639.532,2026-10-01T17:20:39,900,18.76,v1_Ra20_20261001,0.0587,0.0587,4.6086,0.0587,0.2705,1,,900,6.60,
1790889640.617,2026-10-01T17:20:40,900,18.76,v1_Ra20_20261001,0.0636,0.0636,4.5035,0.0636,0.2864,1,,900,6.70,
1790889641.674,2026-10-01T17:20:41,900,18.76,v1_Ra20_20261001,0.0684,0.0684,4.0829,0.0684,0.2793,1,,900,6.70,
1790889642.726,2026-10-01T17:20:42,900,18.76,v1_Ra20_20261001,0.0733,0.0733,3.6019,0.0733,0.2640,1,,900,6.70,
1790889643.805,2026-10-01T17:20:43,900,18.76,v1_Ra20_20261001,0.0782,0.0782,3.4626,0.0782,0.2708,1,,900,6.70,
1790889644.861,2026-10-01T17:20:44,900,18.76,v1_Ra20_20261001,0.0831,0.0831,2.9655,0.0831,0.2464,1,,900,6.70,
1790889645.915,2026-10-01T17:20:45,900,18.76,v1_Ra20_20261001,0.0880,0.0880,2.9081,0.0880,0.2559,1,,900,6.60,
1790889646.969,2026-10-01T17:20:46,900,18.76,v1_Ra20_20261001,0.0929,0.0929,2.4599,0.0929,0.2285,1,,900,6.60,
1790889648.021,2026-10-01T17:20:48,900,18.76,v1_Ra20_20261001,0.0978,0.0978,2.0980,0.0978,0.2052,1,,900,6.60,
1790889656.970,2026-10-01T17:20:56,1000,20.90,v1_Ra20_20261001,0.0030,0.0030,9.2281,0.0030,0.0277,1,,1000,7.50,
1790889658.027,2026-10-01T17:20:58,1000,20.90,v1_Ra20_20261001,0.0061,0.0061,8.9707,0.0061,0.0547,1,,1000,7.50,
1790889659.083,2026-10-01T17:20:59,1000,20.90,v1_Ra20_20261001,0.0121,0.0121,8.6327,0.0121,0.1045,1,,1000,7.50,
1790889660.140,2026-10-01T17:21:00,1000,20.90,v1_Ra20_20261001,0.0182,0.0182,8.2161,0.0182,0.1495,1,,1000,7.50,
1790889661.195,2026-10-01T17:21:01,1000,20.90,v1_Ra20_20261001,0.0243,0.0243,7.9268,0.0243,0.1926,1,,1001,7.40,
1790889662.256,2026-10-01T17:21:02,1000,20.90,v1_Ra20_20261001,0.0303,0.0303,7.6540,0.0303,0.2319,1,,1000,7.50,
1790889663.312,2026-10-01T17:21:03,1000,20.90,v1_Ra20_20261001,0.0364,0.0364,7.4118,0.0364,0.2698,1,,1000,7.50,
1790889664.366,2026-10-01T17:21:04,1000,20.90,v1_Ra20_20261001,0.0424,0.0424,6.9626,0.0424,0.2952,1,,1000,7.50,
1790889665.422,2026-10-01T17:21:05,1000,20.90,v1_Ra20_20261001,0.0485,0.0485,6.7684,0.0485,0.3283,1,,1000,7.50,
1790889666.498,2026-10-01T17:21:06,1000,20.90,v1_Ra20_20261001,0.0546,0.0546,6.4702,0.0546,0.3533,1,,1000,7.50,
1790889667.549,2026-10-01T17:21:07,1000,20.90,v1_Ra20_20261001,0.0606,0.0606,6.3885,0.0606,0.3871,1,,1000,7.50,
1790889668.608,2026-10-01T17:21:08,1000,20.90,v1_Ra20_20261001,0.0667,0.0667,5.9659,0.0667,0.3979,1,,1000,7.50,
1790889669.665,2026-10-01T17:21:09,1000,20.90,v1_Ra20_20261001,0.0728,0.0728,5.6445,0.0728,0.4109,1,,1000,7.50,
1790889670.718,2026-10-01T17:21:10,1000,20.90,v1_Ra20_20261001,0.0788,0.0788,5.2762,0.0788,0.4158,1,,1000,7.50,
1790889671.773,2026-10-01T17:21:11,1000,20.90,v1_Ra20_20261001,0.0849,0.0849,4.6677,0.0849,0.3963,1,,1000,7.50,
1790889672.823,2026-10-01T17:21:12,1000,20.90,v1_Ra20_20261001,0.0909,0.0909,4.2980,0.0909,0.3907,1,,1000,7.50,
1790889673.906,2026-10-01T17:21:13,1000,20.90,v1_Ra20_20261001,0.0970,0.0970,3.9172,0.0970,0.3800,1,,1000,7.50,
1790889674.963,2026-10-01T17:21:14,1000,20.90,v1_Ra20_20261001,0.1031,0.1031,3.5762,0.1031,0.3687,1,,1000,7.50,
1790889676.016,2026-10-01T17:21:16,1000,20.90,v1_Ra20_20261001,0.1091,0.1091,3.3548,0.1091,0.3660,1,,1000,7.50,
1790889677.074,2026-10-01T17:21:17,1000,20.90,v1_Ra20_20261001,0.1152,0.1152,2.8582,0.1152,0.3293,1,,1000,7.40,
1790889678.126,2026-10-01T17:21:18,1000,20.90,v1_Ra20_20261001,0.1213,0.1213,2.5755,0.1213,0.3124,1,,1000,7.50,
1790889689.386,2026-10-01T17:21:29,1100,23.03,v1_Ra20_20261001,0.0037,0.0037,10.9833,0.0037,0.0406,1,,1101,8.20,
1790889690.443,2026-10-01T17:21:30,1100,23.03,v1_Ra20_20261001,0.0074,0.0074,10.7704,0.0074,0.0797,1,,1100,8.30,
1790889691.499,2026-10-01T17:21:31,1100,23.03,v1_Ra20_20261001,0.0147,0.0147,10.1880,0.0147,0.1498,1,,1100,8.30,
1790889692.556,2026-10-01T17:21:32,1100,23.03,v1_Ra20_20261001,0.0221,0.0221,9.6444,0.0221,0.2131,1,,1100,8.20,
1790889693.610,2026-10-01T17:21:33,1100,23.03,v1_Ra20_20261001,0.0295,0.0295,9.2342,0.0295,0.2724,1,,1101,8.20,
1790889694.666,2026-10-01T17:21:34,1100,23.03,v1_Ra20_20261001,0.0368,0.0368,8.8457,0.0368,0.3255,1,,1100,8.30,
1790889695.840,2026-10-01T17:21:35,1100,23.03,v1_Ra20_20261001,0.0442,0.0442,8.5286,0.0442,0.3770,1,,1100,8.30,
1790889696.927,2026-10-01T17:21:36,1100,23.03,v1_Ra20_20261001,0.0515,0.0515,8.4114,0.0515,0.4332,1,,1101,8.20,
1790889697.979,2026-10-01T17:21:37,1100,23.03,v1_Ra20_20261001,0.0589,0.0589,8.0601,0.0589,0.4747,1,,1100,8.30,
1790889699.033,2026-10-01T17:21:39,1100,23.03,v1_Ra20_20261001,0.0663,0.0663,7.6338,0.0663,0.5061,1,,1100,8.30,
1790889700.090,2026-10-01T17:21:40,1100,23.03,v1_Ra20_20261001,0.0736,0.0736,7.6408,0.0736,0.5624,1,,1100,8.30,
1790889701.147,2026-10-01T17:21:41,1100,23.03,v1_Ra20_20261001,0.0810,0.0810,7.0676,0.0810,0.5725,1,,1100,8.20,
1790889702.200,2026-10-01T17:21:42,1100,23.03,v1_Ra20_20261001,0.0884,0.0884,6.8474,0.0884,0.6053,1,,1101,8.20,
1790889703.285,2026-10-01T17:21:43,1100,23.03,v1_Ra20_20261001,0.0957,0.0957,6.4176,0.0957,0.6142,1,,1100,8.30,
1790889704.341,2026-10-01T17:21:44,1100,23.03,v1_Ra20_20261001,0.1031,0.1031,6.2789,0.1031,0.6474,1,,1100,8.30,
1790889705.398,2026-10-01T17:21:45,1100,23.03,v1_Ra20_20261001,0.1104,0.1104,5.6145,0.1104,0.6198,1,,1100,8.40,
1790889706.451,2026-10-01T17:21:46,1100,23.03,v1_Ra20_20261001,0.1178,0.1178,5.4602,0.1178,0.6432,1,,1100,8.30,
1790889707.635,2026-10-01T17:21:47,1100,23.03,v1_Ra20_20261001,0.1252,0.1252,4.7403,0.1252,0.5935,1,,1101,8.20,
1790889708.687,2026-10-01T17:21:48,1100,23.03,v1_Ra20_20261001,0.1325,0.1325,4.4727,0.1325,0.5926,1,,1101,8.30,
1790889709.744,2026-10-01T17:21:49,1100,23.03,v1_Ra20_20261001,0.1399,0.1399,4.3017,0.1399,0.6018,1,,1100,8.30,
1790889710.801,2026-10-01T17:21:50,1100,23.03,v1_Ra20_20261001,0.1473,0.1473,3.3042,0.1473,0.4867,1,,1101,8.30,
1790889711.857,2026-10-01T17:21:51,1100,23.03,v1_Ra20_20261001,0.1546,0.1546,3.1444,0.1546,0.4861,1,,1100,8.30,
1790889720.336,2026-10-01T17:22:00,1200,25.16,v1_Ra20_20261001,0.0044,0.0044,12.9950,0.0044,0.0572,1,,1200,9.00,
1790889721.507,2026-10-01T17:22:01,1200,25.16,v1_Ra20_20261001,0.0088,0.0088,12.5093,0.0088,0.1101,1,,1200,9.00,
1790889722.563,2026-10-01T17:22:02,1200,25.16,v1_Ra20_20261001,0.0176,0.0176,11.8496,0.0176,0.2086,1,,1200,9.00,
1790889723.649,2026-10-01T17:22:03,1200,25.16,v1_Ra20_20261001,0.0264,0.0264,11.4028,0.0264,0.3010,1,,1200,9.10,
1790889724.705,2026-10-01T17:22:04,1200,25.16,v1_Ra20_20261001,0.0352,0.0352,11.0542,0.0352,0.3891,1,,1200,9.10,
1790889725.758,2026-10-01T17:22:05,1200,25.16,v1_Ra20_20261001,0.0439,0.0439,10.8393,0.0439,0.4758,1,,1200,9.10,
1790889726.814,2026-10-01T17:22:06,1200,25.16,v1_Ra20_20261001,0.0527,0.0527,10.5763,0.0527,0.5574,1,,1200,9.10,
1790889727.867,2026-10-01T17:22:07,1200,25.16,v1_Ra20_20261001,0.0615,0.0615,9.9679,0.0615,0.6130,1,,1200,9.10,
1790889728.949,2026-10-01T17:22:08,1200,25.16,v1_Ra20_20261001,0.0703,0.0703,9.5108,0.0703,0.6686,1,,1200,9.10,
1790889730.005,2026-10-01T17:22:10,1200,25.16,v1_Ra20_20261001,0.0791,0.0791,9.0185,0.0791,0.7134,1,,1200,9.10,
1790889731.062,2026-10-01T17:22:11,1200,25.16,v1_Ra20_20261001,0.0879,0.0879,8.7084,0.0879,0.7655,1,,1200,9.10,
1790889732.116,2026-10-01T17:22:12,1200,25.16,v1_Ra20_20261001,0.0967,0.0967,8.4046,0.0967,0.8127,1,,1200,9.10,
1790889733.167,2026-10-01T17:22:13,1200,25.16,v1_Ra20_20261001,0.1055,0.1055,7.9949,0.1055,0.8435,1,,1200,9.10,
1790889734.246,2026-10-01T17:22:14,1200,25.16,v1_Ra20_20261001,0.1143,0.1143,7.8519,0.1143,0.8975,1,,1200,9.10,
1790889735.302,2026-10-01T17:22:15,1200,25.16,v1_Ra20_20261001,0.1231,0.1231,7.2554,0.1231,0.8931,1,,1201,9.00,
1790889736.358,2026-10-01T17:22:16,1200,25.16,v1_Ra20_20261001,0.1318,0.1318,7.1777,0.1318,0.9460,1,,1200,9.10,
1790889737.445,2026-10-01T17:22:17,1200,25.16,v1_Ra20_20261001,0.1406,0.1406,6.8512,0.1406,0.9633,1,,1200,9.10,
1790889738.501,2026-10-01T17:22:18,1200,25.16,v1_Ra20_20261001,0.1494,0.1494,6.4044,0.1494,0.9568,1,,1200,9.10,
1790889739.558,2026-10-01T17:22:19,1200,25.16,v1_Ra20_20261001,0.1582,0.1582,6.1079,0.1582,0.9663,1,,1200,9.10,
1790889740.615,2026-10-01T17:22:20,1200,25.16,v1_Ra20_20261001,0.1670,0.1670,5.8082,0.1670,0.9700,1,,1200,9.10,
1790889741.670,2026-10-01T17:22:21,1200,25.16,v1_Ra20_20261001,0.1758,0.1758,5.2870,0.1758,0.9295,1,,1200,9.10,
1790889742.754,2026-10-01T17:22:22,1200,25.16,v1_Ra20_20261001,0.1846,0.1846,4.7411,0.1846,0.8752,1,,1200,9.10,
1790889743.811,2026-10-01T17:22:23,1200,25.16,v1_Ra20_20261001,0.1934,0.1934,4.2472,0.1934,0.8214,1,,1200,9.10,
1790889744.867,2026-10-01T17:22:24,1200,25.16,v1_Ra20_20261001,0.2022,0.2022,3.6884,0.2022,0.7458,1,,1200,9.10,
1790889745.954,2026-10-01T17:22:25,1200,25.16,v1_Ra20_20261001,0.2110,0.2110,3.1703,0.2110,0.6689,1,,1200,9.10,
1790889753.284,2026-10-01T17:22:33,1300,27.29,v1_Ra20_20261001,0.0052,0.0052,14.4445,0.0052,0.0751,1,,1300,9.80,
1790889754.340,2026-10-01T17:22:34,1300,27.29,v1_Ra20_20261001,0.0103,0.0103,14.0873,0.0103,0.1451,1,,1300,9.80,
1790889755.396,2026-10-01T17:22:35,1300,27.29,v1_Ra20_20261001,0.0207,0.0207,13.5093,0.0207,0.2796,1,,1300,9.80,
1790889756.467,2026-10-01T17:22:36,1300,27.29,v1_Ra20_20261001,0.0310,0.0310,13.0531,0.0310,0.4046,1,,1300,9.90,
1790889757.520,2026-10-01T17:22:37,1300,27.29,v1_Ra20_20261001,0.0414,0.0414,12.6135,0.0414,0.5222,1,,1300,9.80,
1790889758.575,2026-10-01T17:22:38,1300,27.29,v1_Ra20_20261001,0.0517,0.0517,12.3822,0.0517,0.6402,1,,1299,9.90,
1790889759.630,2026-10-01T17:22:39,1300,27.29,v1_Ra20_20261001,0.0621,0.0621,11.6765,0.0621,0.7251,1,,1300,9.90,
1790889760.686,2026-10-01T17:22:40,1300,27.29,v1_Ra20_20261001,0.0724,0.0724,11.4345,0.0724,0.8279,1,,1300,9.90,
1790889761.743,2026-10-01T17:22:41,1300,27.29,v1_Ra20_20261001,0.0827,0.0827,10.8994,0.0827,0.9014,1,,1300,9.90,
1790889762.798,2026-10-01T17:22:42,1300,27.29,v1_Ra20_20261001,0.0931,0.0931,10.5073,0.0931,0.9782,1,,1300,9.90,
1790889763.874,2026-10-01T17:22:43,1300,27.29,v1_Ra20_20261001,0.1034,0.1034,9.8986,0.1034,1.0235,1,,1300,9.90,
1790889764.929,2026-10-01T17:22:44,1300,27.29,v1_Ra20_20261001,0.1138,0.1138,9.6053,0.1138,1.0931,1,,1300,9.90,
1790889765.985,2026-10-01T17:22:45,1300,27.29,v1_Ra20_20261001,0.1241,0.1241,9.1150,0.1241,1.1312,1,,1299,10.00,
1790889767.038,2026-10-01T17:22:47,1300,27.29,v1_Ra20_20261001,0.1345,0.1345,8.9043,0.1345,1.1976,1,,1300,9.90,
1790889768.095,2026-10-01T17:22:48,1300,27.29,v1_Ra20_20261001,0.1448,0.1448,8.3549,0.1448,1.2098,1,,1300,9.90,
1790889769.166,2026-10-01T17:22:49,1300,27.29,v1_Ra20_20261001,0.1551,0.1551,8.0831,0.1551,1.2537,1,,1300,9.90,
1790889770.224,2026-10-01T17:22:50,1300,27.29,v1_Ra20_20261001,0.1655,0.1655,7.6589,0.1655,1.2675,1,,1300,9.90,
1790889771.281,2026-10-01T17:22:51,1300,27.29,v1_Ra20_20261001,0.1758,0.1758,7.5351,0.1758,1.3247,1,,1300,9.90,
1790889772.338,2026-10-01T17:22:52,1300,27.29,v1_Ra20_20261001,0.1862,0.1862,6.9392,0.1862,1.2921,1,,1300,9.90,
1790889773.394,2026-10-01T17:22:53,1300,27.29,v1_Ra20_20261001,0.1965,0.1965,6.3770,0.1965,1.2531,1,,1300,9.90,
1790889774.464,2026-10-01T17:22:54,1300,27.29,v1_Ra20_20261001,0.2069,0.2069,5.9600,0.2069,1.2331,1,,1300,9.90,
1790889775.521,2026-10-01T17:22:55,1300,27.29,v1_Ra20_20261001,0.2172,0.2172,5.5483,0.2172,1.2051,1,,1300,9.90,
1790889776.575,2026-10-01T17:22:56,1300,27.29,v1_Ra20_20261001,0.2275,0.2275,5.1132,0.2275,1.1633,1,,1300,9.90,
1790889777.629,2026-10-01T17:22:57,1300,27.29,v1_Ra20_20261001,0.2379,0.2379,4.5241,0.2379,1.0763,1,,1300,9.90,
1790889778.686,2026-10-01T17:22:58,1300,27.29,v1_Ra20_20261001,0.2482,0.2482,4.4333,0.2482,1.1003,1,,1300,9.90,
1790889779.743,2026-10-01T17:22:59,1300,27.29,v1_Ra20_20261001,0.2586,0.2586,3.7111,0.2586,0.9597,1,,1300,9.90,
1790889780.795,2026-10-01T17:23:00,1300,27.29,v1_Ra20_20261001,0.2689,0.2689,2.4645,0.2689,0.6627,1,,1300,9.90,
1790889788.680,2026-10-01T17:23:08,1400,29.42,v1_Ra20_20261001,0.0060,0.0060,16.7256,0.0060,0.1004,1,,1400,10.20,
1790889789.734,2026-10-01T17:23:09,1400,29.42,v1_Ra20_20261001,0.0120,0.0120,16.0095,0.0120,0.1921,1,,1400,10.40,
1790889790.788,2026-10-01T17:23:10,1400,29.42,v1_Ra20_20261001,0.0240,0.0240,15.6790,0.0240,0.3763,1,,1400,10.40,
1790889791.840,2026-10-01T17:23:11,1400,29.42,v1_Ra20_20261001,0.0361,0.0361,14.8228,0.0361,0.5351,1,,1400,10.40,
1790889792.897,2026-10-01T17:23:12,1400,29.42,v1_Ra20_20261001,0.0481,0.0481,14.2135,0.0481,0.6837,1,,1400,10.40,
1790889793.948,2026-10-01T17:23:13,1400,29.42,v1_Ra20_20261001,0.0601,0.0601,13.9538,0.0601,0.8386,1,,1401,10.40,
1790889795.028,2026-10-01T17:23:15,1400,29.42,v1_Ra20_20261001,0.0721,0.0721,12.9715,0.0721,0.9352,1,,1400,10.40,
1790889796.083,2026-10-01T17:23:16,1400,29.42,v1_Ra20_20261001,0.0842,0.0842,12.4087,0.0842,1.0448,1,,1401,10.30,
1790889797.139,2026-10-01T17:23:17,1400,29.42,v1_Ra20_20261001,0.0962,0.0962,12.1587,0.0962,1.1697,1,,1400,10.40,
1790889798.193,2026-10-01T17:23:18,1400,29.42,v1_Ra20_20261001,0.1082,0.1082,11.5485,0.1082,1.2495,1,,1400,10.40,
1790889799.246,2026-10-01T17:23:19,1400,29.42,v1_Ra20_20261001,0.1202,0.1202,10.9348,0.1202,1.3144,1,,1400,10.30,
1790889800.300,2026-10-01T17:23:20,1400,29.42,v1_Ra20_20261001,0.1322,0.1322,10.4866,0.1322,1.3863,1,,1400,10.40,
1790889801.354,2026-10-01T17:23:21,1400,29.42,v1_Ra20_20261001,0.1443,0.1443,10.1324,0.1443,1.4621,1,,1400,10.40,
1790889802.413,2026-10-01T17:23:22,1400,29.42,v1_Ra20_20261001,0.1563,0.1563,9.7681,0.1563,1.5268,1,,1400,10.40,
1790889803.466,2026-10-01T17:23:23,1400,29.42,v1_Ra20_20261001,0.1683,0.1683,9.4284,0.1683,1.5868,1,,1400,10.40,
1790889804.518,2026-10-01T17:23:24,1400,29.42,v1_Ra20_20261001,0.1803,0.1803,8.8520,0.1803,1.5960,1,,1400,10.40,
1790889805.606,2026-10-01T17:23:25,1400,29.42,v1_Ra20_20261001,0.1923,0.1923,8.2673,0.1923,1.5898,1,,1400,10.40,
1790889806.662,2026-10-01T17:23:26,1400,29.42,v1_Ra20_20261001,0.2044,0.2044,8.0193,0.2044,1.6391,1,,1400,10.40,
1790889807.718,2026-10-01T17:23:27,1400,29.42,v1_Ra20_20261001,0.2164,0.2164,7.4971,0.2164,1.6224,1,,1400,10.30,
1790889808.773,2026-10-01T17:23:28,1400,29.42,v1_Ra20_20261001,0.2284,0.2284,7.1693,0.2284,1.6375,1,,1400,10.40,
1790889809.829,2026-10-01T17:23:29,1400,29.42,v1_Ra20_20261001,0.2404,0.2404,6.4019,0.2404,1.5390,1,,1400,10.40,
1790889810.885,2026-10-01T17:23:30,1400,29.42,v1_Ra20_20261001,0.2525,0.2525,5.9455,0.2525,1.5012,1,,1400,10.40,
1790889811.937,2026-10-01T17:23:31,1400,29.42,v1_Ra20_20261001,0.2645,0.2645,5.8789,0.2645,1.5550,1,,1400,10.40,
1790889813.015,2026-10-01T17:23:33,1400,29.42,v1_Ra20_20261001,0.2765,0.2765,5.5127,0.2765,1.5243,1,,1400,10.40,
1790889814.067,2026-10-01T17:23:34,1400,29.42,v1_Ra20_20261001,0.2885,0.2885,4.8294,0.2885,1.3933,1,,1400,10.40,
1790889815.123,2026-10-01T17:23:35,1400,29.42,v1_Ra20_20261001,0.3005,0.3005,4.4658,0.3005,1.3420,1,,1399,10.50,
1790889816.179,2026-10-01T17:23:36,1400,29.42,v1_Ra20_20261001,0.3126,0.3126,4.1428,0.3126,1.2950,1,,1400,10.40,
1790889817.234,2026-10-01T17:23:37,1400,29.42,v1_Ra20_20261001,0.3246,0.3246,3.4078,0.3246,1.1062,1,,1400,10.40,
1790889824.604,2026-10-01T17:23:44,1500,31.56,v1_Ra20_20261001,0.0069,0.0069,18.4758,0.0069,0.1275,1,,1500,10.90,
1790889825.660,2026-10-01T17:23:45,1500,31.56,v1_Ra20_20261001,0.0138,0.0138,18.1526,0.0138,0.2505,1,,1500,11.00,
1790889826.738,2026-10-01T17:23:46,1500,31.56,v1_Ra20_20261001,0.0277,0.0277,17.1014,0.0277,0.4737,1,,1501,10.90,
1790889827.795,2026-10-01T17:23:47,1500,31.56,v1_Ra20_20261001,0.0415,0.0415,16.7196,0.0415,0.6939,1,,1499,11.00,
1790889828.851,2026-10-01T17:23:48,1500,31.56,v1_Ra20_20261001,0.0553,0.0553,16.1304,0.0553,0.8920,1,,1500,11.00,
1790889829.906,2026-10-01T17:23:49,1500,31.56,v1_Ra20_20261001,0.0691,0.0691,15.5502,0.0691,1.0745,1,,1500,11.00,
1790889830.962,2026-10-01T17:23:50,1500,31.56,v1_Ra20_20261001,0.0830,0.0830,14.8930,0.0830,1.2361,1,,1500,11.00,
1790889832.037,2026-10-01T17:23:52,1500,31.56,v1_Ra20_20261001,0.0968,0.0968,14.1159,0.0968,1.3664,1,,1500,10.90,
1790889833.090,2026-10-01T17:23:53,1500,31.56,v1_Ra20_20261001,0.1106,0.1106,13.5756,0.1106,1.5015,1,,1499,11.00,
1790889834.145,2026-10-01T17:23:54,1500,31.56,v1_Ra20_20261001,0.1244,0.1244,12.6085,0.1244,1.5685,1,,1499,11.10,
1790889835.202,2026-10-01T17:23:55,1500,31.56,v1_Ra20_20261001,0.1383,0.1383,12.0262,0.1383,1.6632,1,,1500,11.00,
1790889836.253,2026-10-01T17:23:56,1500,31.56,v1_Ra20_20261001,0.1521,0.1521,11.7101,0.1521,1.7811,1,,1500,11.00,
1790889837.334,2026-10-01T17:23:57,1500,31.56,v1_Ra20_20261001,0.1659,0.1659,11.2490,0.1659,1.8662,1,,1500,11.00,
1790889838.389,2026-10-01T17:23:58,1500,31.56,v1_Ra20_20261001,0.1797,0.1797,10.5675,0.1797,1.8990,1,,1501,10.90,
1790889839.445,2026-10-01T17:23:59,1500,31.56,v1_Ra20_20261001,0.1936,0.1936,10.0138,0.1936,1.9387,1,,1500,11.00,
1790889840.497,2026-10-01T17:24:00,1500,31.56,v1_Ra20_20261001,0.2074,0.2074,9.6945,0.2074,2.0106,1,,1500,11.00,
1790889841.552,2026-10-01T17:24:01,1500,31.56,v1_Ra20_20261001,0.2212,0.2212,9.1846,0.2212,2.0316,1,,1500,10.90,
1790889842.636,2026-10-01T17:24:02,1500,31.56,v1_Ra20_20261001,0.2351,0.2351,8.6825,0.2351,2.0413,1,,1500,11.00,
1790889843.692,2026-10-01T17:24:03,1500,31.56,v1_Ra20_20261001,0.2489,0.2489,8.1019,0.2489,2.0166,1,,1500,11.00,
1790889844.747,2026-10-01T17:24:04,1500,31.56,v1_Ra20_20261001,0.2627,0.2627,7.6877,0.2627,2.0196,1,,1500,11.00,
1790889845.802,2026-10-01T17:24:05,1500,31.56,v1_Ra20_20261001,0.2765,0.2765,6.8587,0.2765,1.8964,1,,1500,11.00,
1790889846.859,2026-10-01T17:24:06,1500,31.56,v1_Ra20_20261001,0.2904,0.2904,6.4288,0.2904,1.8669,1,,1499,11.00,
1790889847.945,2026-10-01T17:24:07,1500,31.56,v1_Ra20_20261001,0.3042,0.3042,6.0847,0.3042,1.8510,1,,1500,11.00,
1790889848.997,2026-10-01T17:24:08,1500,31.56,v1_Ra20_20261001,0.3180,0.3180,5.5958,0.3180,1.7795,1,,1500,11.00,
1790889850.053,2026-10-01T17:24:10,1500,31.56,v1_Ra20_20261001,0.3318,0.3318,5.5412,0.3318,1.8386,1,,1500,11.00,
1790889851.109,2026-10-01T17:24:11,1500,31.56,v1_Ra20_20261001,0.3457,0.3457,4.7832,0.3457,1.6536,1,,1500,11.00,
1790889852.282,2026-10-01T17:24:12,1500,31.56,v1_Ra20_20261001,0.3595,0.3595,3.8413,0.3595,1.3809,1,,1500,11.00,
1790889853.332,2026-10-01T17:24:13,1500,31.56,v1_Ra20_20261001,0.3733,0.3733,3.9442,0.3733,1.4724,1,,1500,10.90,
1790889860.693,2026-10-01T17:24:20,1600,33.69,v1_Ra20_20261001,0.0079,0.0079,20.2517,0.0079,0.1600,1,,1600,11.80,
1790889861.749,2026-10-01T17:24:21,1600,33.69,v1_Ra20_20261001,0.0158,0.0158,19.8054,0.0158,0.3129,1,,1600,11.80,
1790889862.805,2026-10-01T17:24:22,1600,33.69,v1_Ra20_20261001,0.0315,0.0315,18.9240,0.0315,0.5961,1,,1600,11.80,
1790889863.859,2026-10-01T17:24:23,1600,33.69,v1_Ra20_20261001,0.0473,0.0473,18.2265,0.0473,0.8621,1,,1600,11.80,
1790889864.944,2026-10-01T17:24:24,1600,33.69,v1_Ra20_20261001,0.0630,0.0630,17.5702,0.0630,1.1069,1,,1601,11.70,
1790889865.999,2026-10-01T17:24:25,1600,33.69,v1_Ra20_20261001,0.0788,0.0788,16.8568,0.0788,1.3283,1,,1600,11.90,
1790889867.054,2026-10-01T17:24:27,1600,33.69,v1_Ra20_20261001,0.0946,0.0946,16.2464,0.0946,1.5369,1,,1600,11.90,
1790889868.144,2026-10-01T17:24:28,1600,33.69,v1_Ra20_20261001,0.1103,0.1103,15.3370,0.1103,1.6917,1,,1601,11.80,
1790889869.200,2026-10-01T17:24:29,1600,33.69,v1_Ra20_20261001,0.1261,0.1261,14.7764,0.1261,1.8633,1,,1600,11.80,
1790889870.276,2026-10-01T17:24:30,1600,33.69,v1_Ra20_20261001,0.1418,0.1418,14.0765,0.1418,1.9960,1,,1600,11.80,
1790889871.337,2026-10-01T17:24:31,1600,33.69,v1_Ra20_20261001,0.1576,0.1576,13.3485,0.1576,2.1037,1,,1600,11.80,
1790889872.388,2026-10-01T17:24:32,1600,33.69,v1_Ra20_20261001,0.1733,0.1733,12.9951,0.1733,2.2521,1,,1601,11.80,
1790889873.448,2026-10-01T17:24:33,1600,33.69,v1_Ra20_20261001,0.1891,0.1891,12.2383,0.1891,2.3143,1,,1601,11.70,
1790889874.507,2026-10-01T17:24:34,1600,33.69,v1_Ra20_20261001,0.2049,0.2049,11.6122,0.2049,2.3793,1,,1599,11.90,
1790889875.577,2026-10-01T17:24:35,1600,33.69,v1_Ra20_20261001,0.2206,0.2206,11.2635,0.2206,2.4847,1,,1600,11.80,
1790889876.635,2026-10-01T17:24:36,1600,33.69,v1_Ra20_20261001,0.2364,0.2364,10.4949,0.2364,2.4810,1,,1600,11.90,
1790889877.688,2026-10-01T17:24:37,1600,33.69,v1_Ra20_20261001,0.2521,0.2521,9.5465,0.2521,2.4067,1,,1601,11.80,
1790889878.788,2026-10-01T17:24:38,1600,33.69,v1_Ra20_20261001,0.2679,0.2679,9.3236,0.2679,2.4978,1,,1600,11.90,
1790889879.846,2026-10-01T17:24:39,1600,33.69,v1_Ra20_20261001,0.2837,0.2837,8.5972,0.2837,2.4390,1,,1600,11.80,
1790889880.905,2026-10-01T17:24:40,1600,33.69,v1_Ra20_20261001,0.2994,0.2994,8.1077,0.2994,2.4274,1,,1600,11.80,
1790889881.958,2026-10-01T17:24:41,1600,33.69,v1_Ra20_20261001,0.3152,0.3152,7.3708,0.3152,2.3233,1,,1600,11.80,
1790889883.014,2026-10-01T17:24:43,1600,33.69,v1_Ra20_20261001,0.3309,0.3309,7.1310,0.3309,2.3596,1,,1600,11.80,
1790889884.096,2026-10-01T17:24:44,1600,33.69,v1_Ra20_20261001,0.3467,0.3467,6.7890,0.3467,2.3537,1,,1600,11.80,
1790889885.167,2026-10-01T17:24:45,1600,33.69,v1_Ra20_20261001,0.3624,0.3624,6.1277,0.3624,2.2207,1,,1600,11.90,
1790889886.223,2026-10-01T17:24:46,1600,33.69,v1_Ra20_20261001,0.3782,0.3782,5.4961,0.3782,2.0786,1,,1600,11.80,
1790889887.275,2026-10-01T17:24:47,1600,33.69,v1_Ra20_20261001,0.3940,0.3940,5.0024,0.3940,1.9709,1,,1601,11.80,
1790889888.328,2026-10-01T17:24:48,1600,33.69,v1_Ra20_20261001,0.4097,0.4097,4.6171,0.4097,1.8916,1,,1600,11.90,
1790889895.734,2026-10-01T17:24:55,1700,35.82,v1_Ra20_20261001,0.0089,0.0089,21.9365,0.0089,0.1952,1,,1701,12.60,
1790889896.788,2026-10-01T17:24:56,1700,35.82,v1_Ra20_20261001,0.0178,0.0178,21.4080,0.0178,0.3811,1,,1700,12.70,
1790889897.847,2026-10-01T17:24:57,1700,35.82,v1_Ra20_20261001,0.0356,0.0356,20.6382,0.0356,0.7347,1,,1700,12.70,
1790889898.898,2026-10-01T17:24:58,1700,35.82,v1_Ra20_20261001,0.0534,0.0534,19.8123,0.0534,1.0580,1,,1700,12.70,
1790889899.950,2026-10-01T17:24:59,1700,35.82,v1_Ra20_20261001,0.0713,0.0713,18.8657,0.0713,1.3451,1,,1701,12.60,
1790889901.034,2026-10-01T17:25:01,1700,35.82,v1_Ra20_20261001,0.0891,0.0891,18.3133,0.0891,1.6317,1,,1699,12.70,
1790889902.088,2026-10-01T17:25:02,1700,35.82,v1_Ra20_20261001,0.1069,0.1069,17.5857,0.1069,1.8799,1,,1700,12.70,
1790889903.138,2026-10-01T17:25:03,1700,35.82,v1_Ra20_20261001,0.1247,0.1247,16.8578,0.1247,2.1022,1,,1700,12.70,
1790889904.195,2026-10-01T17:25:04,1700,35.82,v1_Ra20_20261001,0.1425,0.1425,16.1753,0.1425,2.3050,1,,1700,12.70,
1790889905.251,2026-10-01T17:25:05,1700,35.82,v1_Ra20_20261001,0.1603,0.1603,15.1935,0.1603,2.4355,1,,1701,12.70,
1790889906.302,2026-10-01T17:25:06,1700,35.82,v1_Ra20_20261001,0.1782,0.1782,14.6786,0.1782,2.6157,1,,1700,12.70,
1790889907.358,2026-10-01T17:25:07,1700,35.82,v1_Ra20_20261001,0.1960,0.1960,14.3025,0.1960,2.8033,1,,1700,12.80,
1790889908.411,2026-10-01T17:25:08,1700,35.82,v1_Ra20_20261001,0.2138,0.2138,13.3448,0.2138,2.8531,1,,1700,12.70,
1790889909.499,2026-10-01T17:25:09,1700,35.82,v1_Ra20_20261001,0.2316,0.2316,12.6185,0.2316,2.9224,1,,1701,12.70,
1790889910.552,2026-10-01T17:25:10,1700,35.82,v1_Ra20_20261001,0.2494,0.2494,11.8037,0.2494,2.9438,1,,1700,12.70,
1790889911.607,2026-10-01T17:25:11,1700,35.82,v1_Ra20_20261001,0.2672,0.2672,10.9976,0.2672,2.9386,1,,1700,12.70,
1790889912.806,2026-10-01T17:25:12,1700,35.82,v1_Ra20_20261001,0.2851,0.2851,10.6229,0.2851,3.0286,1,,1700,12.70,
1790889913.859,2026-10-01T17:25:13,1700,35.82,v1_Ra20_20261001,0.3029,0.3029,9.8397,0.3029,2.9804,1,,1700,12.70,
1790889914.912,2026-10-01T17:25:14,1700,35.82,v1_Ra20_20261001,0.3207,0.3207,9.1212,0.3207,2.9252,1,,1701,12.60,
1790889915.966,2026-10-01T17:25:15,1700,35.82,v1_Ra20_20261001,0.3385,0.3385,9.0608,0.3385,3.0671,1,,1700,12.70,
1790889917.020,2026-10-01T17:25:17,1700,35.82,v1_Ra20_20261001,0.3563,0.3563,8.2277,0.3563,2.9315,1,,1700,12.70,
1790889918.104,2026-10-01T17:25:18,1700,35.82,v1_Ra20_20261001,0.3741,0.3741,7.8823,0.3741,2.9488,1,,1700,12.70,
1790889919.156,2026-10-01T17:25:19,1700,35.82,v1_Ra20_20261001,0.3920,0.3920,7.2781,0.3920,2.8530,1,,1700,12.70,
1790889920.208,2026-10-01T17:25:20,1700,35.82,v1_Ra20_20261001,0.4098,0.4098,6.3631,0.4098,2.6076,1,,1700,12.70,
1790889921.259,2026-10-01T17:25:21,1700,35.82,v1_Ra20_20261001,0.4276,0.4276,5.9910,0.4276,2.5618,1,,1700,12.70,
1790889922.316,2026-10-01T17:25:22,1700,35.82,v1_Ra20_20261001,0.4454,0.4454,5.3292,0.4454,2.3736,1,,1699,12.80,
1790889923.373,2026-10-01T17:25:23,1700,35.82,v1_Ra20_20261001,0.4632,0.4632,4.9478,0.4632,2.2918,1,,1700,12.80,
1790889932.365,2026-10-01T17:25:32,1800,37.95,v1_Ra20_20261001,0.0100,0.0100,23.4969,0.0100,0.2350,1,,1800,13.60,
1790889933.420,2026-10-01T17:25:33,1800,37.95,v1_Ra20_20261001,0.0200,0.0200,23.1954,0.0200,0.4639,1,,1800,13.60,
1790889934.475,2026-10-01T17:25:34,1800,37.95,v1_Ra20_20261001,0.0400,0.0400,21.9959,0.0400,0.8798,1,,1799,13.70,
1790889935.526,2026-10-01T17:25:35,1800,37.95,v1_Ra20_20261001,0.0600,0.0600,21.1628,0.0600,1.2698,1,,1801,13.60,
1790889936.580,2026-10-01T17:25:36,1800,37.95,v1_Ra20_20261001,0.0800,0.0800,20.4508,0.0800,1.6361,1,,1800,13.60,
1790889937.636,2026-10-01T17:25:37,1800,37.95,v1_Ra20_20261001,0.1000,0.1000,19.9541,0.1000,1.9954,1,,1800,13.60,
1790889938.717,2026-10-01T17:25:38,1800,37.95,v1_Ra20_20261001,0.1200,0.1200,18.8232,0.1200,2.2588,1,,1800,13.60,
1790889939.773,2026-10-01T17:25:39,1800,37.95,v1_Ra20_20261001,0.1400,0.1400,18.3949,0.1400,2.5753,1,,1799,13.70,
1790889940.827,2026-10-01T17:25:40,1800,37.95,v1_Ra20_20261001,0.1600,0.1600,17.6962,0.1600,2.8314,1,,1800,13.70,
1790889941.883,2026-10-01T17:25:41,1800,37.95,v1_Ra20_20261001,0.1800,0.1800,16.7542,0.1800,3.0158,1,,1799,13.70,
1790889942.935,2026-10-01T17:25:42,1800,37.95,v1_Ra20_20261001,0.2000,0.2000,15.6529,0.2000,3.1306,1,,1799,13.70,
1790889943.990,2026-10-01T17:25:43,1800,37.95,v1_Ra20_20261001,0.2200,0.2200,15.1811,0.2200,3.3398,1,,1799,13.70,
1790889945.046,2026-10-01T17:25:45,1800,37.95,v1_Ra20_20261001,0.2400,0.2400,14.4759,0.2400,3.4742,1,,1800,13.70,
1790889946.130,2026-10-01T17:25:46,1800,37.95,v1_Ra20_20261001,0.2600,0.2600,13.5771,0.2600,3.5300,1,,1800,13.70,
1790889947.182,2026-10-01T17:25:47,1800,37.95,v1_Ra20_20261001,0.2800,0.2800,13.0839,0.2800,3.6635,1,,1800,13.60,
1790889948.241,2026-10-01T17:25:48,1800,37.95,v1_Ra20_20261001,0.3000,0.3000,12.1549,0.3000,3.6465,1,,1801,13.60,
1790889949.298,2026-10-01T17:25:49,1800,37.95,v1_Ra20_20261001,0.3200,0.3200,11.5170,0.3200,3.6854,1,,1800,13.60,
1790889950.354,2026-10-01T17:25:50,1800,37.95,v1_Ra20_20261001,0.3400,0.3400,10.6780,0.3400,3.6305,1,,1801,13.50,
1790889951.437,2026-10-01T17:25:51,1800,37.95,v1_Ra20_20261001,0.3600,0.3600,10.3878,0.3600,3.7396,1,,1799,13.60,
1790889952.491,2026-10-01T17:25:52,1800,37.95,v1_Ra20_20261001,0.3800,0.3800,9.9995,0.3800,3.7998,1,,1800,13.60,
1790889953.547,2026-10-01T17:25:53,1800,37.95,v1_Ra20_20261001,0.4000,0.4000,9.0940,0.4000,3.6376,1,,1800,13.60,
1790889954.599,2026-10-01T17:25:54,1800,37.95,v1_Ra20_20261001,0.4200,0.4200,8.1779,0.4200,3.4347,1,,1800,13.60,
1790889955.651,2026-10-01T17:25:55,1800,37.95,v1_Ra20_20261001,0.4400,0.4400,7.7398,0.4400,3.4055,1,,1800,13.70,
1790889956.716,2026-10-01T17:25:56,1800,37.95,v1_Ra20_20261001,0.4600,0.4600,7.3659,0.4600,3.3883,1,,1800,13.70,
1790889957.769,2026-10-01T17:25:57,1800,37.95,v1_Ra20_20261001,0.4800,0.4800,6.6090,0.4800,3.1723,1,,1800,13.60,
1790889958.826,2026-10-01T17:25:58,1800,37.95,v1_Ra20_20261001,0.5000,0.5000,5.6918,0.5000,2.8459,1,,1799,13.70,
1790889959.879,2026-10-01T17:25:59,1800,37.95,v1_Ra20_20261001,0.5200,0.5200,5.1065,0.5200,2.6554,1,,1800,13.60,
