# blade,v1_Ra80
# notes,"PETG, 0.2mm layer, 0.2mm nozzle, Ra 80"
# fan_rpm,500
# wind_mps,10.24
# instrument,"Chroma,63004-150-60,630041501113,2.01"
# protocol,94bed28333f7
# protocol_detail,scaling=v2;step=0.02000;frac=0.0000;dwell=1.00;voff=0.500;range=low;floor=0.00000;operate=80.0;collapse=0.700;confirm=2
# clock,2026-08-26T15:32:09-0400
# clock_unix,1787772729.932
# _clock_note,host wall clock at run start. Every row carries t_unix so a DAQ record can be joined to it — check the two machines agree to better than a dwell before trusting the join.
t_unix,t_local,fan_rpm,wind_mps,blade,demand_a,held_a,volts,amps,watts,tracking,note,fan_rpm_actual,motor_amps
1787772250.922,2026-08-26T15:24:10,500,10.24,v1_Ra80,0.0010,0.0010,2.9376,0.0010,0.0029,1,,500,4.50
1787772251.977,2026-08-26T15:24:11,500,10.24,v1_Ra80,0.0020,0.0020,3.0844,0.0020,0.0062,1,,500,4.50
1787772253.031,2026-08-26T15:24:13,500,10.24,v1_Ra80,0.0040,0.0040,3.0504,0.0040,0.0122,1,,500,4.50
1787772254.094,2026-08-26T15:24:14,500,10.24,v1_Ra80,0.0060,0.0060,2.8796,0.0060,0.0173,1,,500,4.50
1787772255.148,2026-08-26T15:24:15,500,10.24,v1_Ra80,0.0080,0.0080,2.7510,0.0080,0.0220,1,,500,4.50
1787772256.203,2026-08-26T15:24:16,500,10.24,v1_Ra80,0.0100,0.0100,2.5429,0.0100,0.0254,1,,500,4.50
1787772257.257,2026-08-26T15:24:17,500,10.24,v1_Ra80,0.0120,0.0120,2.1708,0.0120,0.0260,1,,500,4.50
1787772258.311,2026-08-26T15:24:18,500,10.24,v1_Ra80,0.0140,0.0140,2.1860,0.0140,0.0306,1,,500,4.50
1787772259.366,2026-08-26T15:24:19,500,10.24,v1_Ra80,0.0160,0.0160,1.9142,0.0160,0.0306,1,,500,4.50
1787772260.420,2026-08-26T15:24:20,500,10.24,v1_Ra80,0.0180,0.0180,1.8325,0.0180,0.0330,1,,500,4.50
1787772261.494,2026-08-26T15:24:21,500,10.24,v1_Ra80,0.0200,0.0200,1.5092,0.0200,0.0302,1,,500,4.50
1787772262.549,2026-08-26T15:24:22,500,10.24,v1_Ra80,0.0220,0.0220,1.4217,0.0220,0.0313,1,,500,4.50
1787772263.603,2026-08-26T15:24:23,500,10.24,v1_Ra80,0.0240,0.0240,1.2607,0.0240,0.0303,1,,500,4.50
1787772264.658,2026-08-26T15:24:24,500,10.24,v1_Ra80,0.0260,0.0260,0.9730,0.0260,0.0253,1,,500,4.50
1787772265.713,2026-08-26T15:24:25,500,10.24,v1_Ra80,0.0280,0.0280,0.6392,0.0280,0.0179,1,,500,4.50
1787772275.659,2026-08-26T15:24:35,600,12.37,v1_Ra80,0.0011,0.0011,4.6291,0.0011,0.0051,1,,600,4.80
1787772276.732,2026-08-26T15:24:36,600,12.37,v1_Ra80,0.0021,0.0021,4.5961,0.0021,0.0097,1,,600,4.80
1787772277.786,2026-08-26T15:24:37,600,12.37,v1_Ra80,0.0042,0.0042,4.3027,0.0042,0.0181,1,,600,4.80
1787772278.840,2026-08-26T15:24:38,600,12.37,v1_Ra80,0.0064,0.0064,4.1212,0.0064,0.0264,1,,600,4.80
1787772279.895,2026-08-26T15:24:39,600,12.37,v1_Ra80,0.0085,0.0085,3.9822,0.0085,0.0338,1,,600,4.80
1787772280.948,2026-08-26T15:24:40,600,12.37,v1_Ra80,0.0106,0.0106,3.7483,0.0106,0.0397,1,,600,4.80
1787772282.014,2026-08-26T15:24:42,600,12.37,v1_Ra80,0.0127,0.0127,3.7426,0.0127,0.0475,1,,600,4.80
1787772283.064,2026-08-26T15:24:43,600,12.37,v1_Ra80,0.0149,0.0149,3.5208,0.0149,0.0525,1,,600,4.80
1787772284.114,2026-08-26T15:24:44,600,12.37,v1_Ra80,0.0170,0.0170,3.2472,0.0170,0.0552,1,,600,4.80
1787772285.164,2026-08-26T15:24:45,600,12.37,v1_Ra80,0.0191,0.0191,3.0963,0.0191,0.0591,1,,600,4.80
1787772286.219,2026-08-26T15:24:46,600,12.37,v1_Ra80,0.0212,0.0212,2.9848,0.0212,0.0633,1,,600,4.80
1787772287.271,2026-08-26T15:24:47,600,12.37,v1_Ra80,0.0234,0.0234,2.7230,0.0234,0.0637,1,,600,4.80
1787772288.325,2026-08-26T15:24:48,600,12.37,v1_Ra80,0.0255,0.0255,2.4719,0.0255,0.0630,1,,600,4.80
1787772289.401,2026-08-26T15:24:49,600,12.37,v1_Ra80,0.0276,0.0276,2.1912,0.0276,0.0605,1,,600,4.80
1787772290.456,2026-08-26T15:24:50,600,12.37,v1_Ra80,0.0297,0.0297,2.1081,0.0297,0.0626,1,,600,4.80
1787772291.511,2026-08-26T15:24:51,600,12.37,v1_Ra80,0.0319,0.0319,2.0687,0.0319,0.0660,1,,600,4.80
1787772292.564,2026-08-26T15:24:52,600,12.37,v1_Ra80,0.0340,0.0340,1.9175,0.0340,0.0652,1,,600,4.80
1787772293.619,2026-08-26T15:24:53,600,12.37,v1_Ra80,0.0361,0.0361,1.6173,0.0361,0.0584,1,,600,4.80
1787772294.704,2026-08-26T15:24:54,600,12.37,v1_Ra80,0.0382,0.0382,1.5840,0.0382,0.0605,1,,600,4.80
1787772295.758,2026-08-26T15:24:55,600,12.37,v1_Ra80,0.0404,0.0404,1.1809,0.0404,0.0477,1,,600,4.80
1787772296.813,2026-08-26T15:24:56,600,12.37,v1_Ra80,0.0425,0.0425,1.1063,0.0425,0.0470,1,,600,4.80
1787772305.754,2026-08-26T15:25:05,700,14.50,v1_Ra80,0.0015,0.0015,5.6677,0.0015,0.0085,1,,700,5.30
1787772306.809,2026-08-26T15:25:06,700,14.50,v1_Ra80,0.0029,0.0029,5.5946,0.0029,0.0162,1,,700,5.30
1787772307.864,2026-08-26T15:25:07,700,14.50,v1_Ra80,0.0058,0.0058,5.5239,0.0058,0.0320,1,,700,5.30
1787772308.914,2026-08-26T15:25:08,700,14.50,v1_Ra80,0.0088,0.0088,5.2451,0.0088,0.0462,1,,700,5.30
1787772309.992,2026-08-26T15:25:09,700,14.50,v1_Ra80,0.0117,0.0117,4.8778,0.0117,0.0571,1,,700,5.30
1787772311.046,2026-08-26T15:25:11,700,14.50,v1_Ra80,0.0146,0.0146,4.7437,0.0146,0.0693,1,,700,5.30
1787772312.098,2026-08-26T15:25:12,700,14.50,v1_Ra80,0.0175,0.0175,4.4681,0.0175,0.0782,1,,700,5.30
1787772313.153,2026-08-26T15:25:13,700,14.50,v1_Ra80,0.0204,0.0204,4.2817,0.0204,0.0873,1,,700,5.30
1787772314.207,2026-08-26T15:25:14,700,14.50,v1_Ra80,0.0234,0.0234,4.0862,0.0234,0.0956,1,,700,5.30
1787772315.262,2026-08-26T15:25:15,700,14.50,v1_Ra80,0.0263,0.0263,3.9393,0.0263,0.1036,1,,700,5.30
1787772316.317,2026-08-26T15:25:16,700,14.50,v1_Ra80,0.0292,0.0292,3.5724,0.0292,0.1043,1,,700,5.30
1787772317.401,2026-08-26T15:25:17,700,14.50,v1_Ra80,0.0321,0.0321,3.4064,0.0321,0.1093,1,,700,5.30
1787772318.456,2026-08-26T15:25:18,700,14.50,v1_Ra80,0.0350,0.0350,3.0864,0.0350,0.1080,1,,700,5.30
1787772319.506,2026-08-26T15:25:19,700,14.50,v1_Ra80,0.0380,0.0380,3.0094,0.0380,0.1144,1,,700,5.30
1787772320.560,2026-08-26T15:25:20,700,14.50,v1_Ra80,0.0409,0.0409,2.8847,0.0409,0.1180,1,,700,5.30
1787772321.614,2026-08-26T15:25:21,700,14.50,v1_Ra80,0.0438,0.0438,2.5286,0.0438,0.1108,1,,700,5.30
1787772322.683,2026-08-26T15:25:22,700,14.50,v1_Ra80,0.0467,0.0467,2.3761,0.0467,0.1110,1,,700,5.30
1787772323.738,2026-08-26T15:25:23,700,14.50,v1_Ra80,0.0496,0.0496,2.0035,0.0496,0.0994,1,,700,5.30
1787772324.792,2026-08-26T15:25:24,700,14.50,v1_Ra80,0.0525,0.0525,1.9093,0.0525,0.1002,1,,700,5.30
1787772325.845,2026-08-26T15:25:25,700,14.50,v1_Ra80,0.0555,0.0555,1.7123,0.0555,0.0950,1,,700,5.30
1787772326.899,2026-08-26T15:25:26,700,14.50,v1_Ra80,0.0584,0.0584,1.7219,0.0584,0.1006,1,,700,5.30
1787772327.981,2026-08-26T15:25:27,700,14.50,v1_Ra80,0.0613,0.0613,1.5200,0.0613,0.0932,1,,700,5.30
1787772329.036,2026-08-26T15:25:29,700,14.50,v1_Ra80,0.0642,0.0642,1.1185,0.0642,0.0718,1,,700,5.30
1787772337.450,2026-08-26T15:25:37,800,16.63,v1_Ra80,0.0019,0.0019,6.9228,0.0019,0.0132,1,,800,5.90
1787772338.504,2026-08-26T15:25:38,800,16.63,v1_Ra80,0.0038,0.0038,6.7013,0.0038,0.0255,1,,800,5.90
1787772339.574,2026-08-26T15:25:39,800,16.63,v1_Ra80,0.0077,0.0077,6.4319,0.0077,0.0495,1,,800,5.90
1787772340.628,2026-08-26T15:25:40,800,16.63,v1_Ra80,0.0115,0.0115,6.2119,0.0115,0.0714,1,,800,5.90
1787772341.683,2026-08-26T15:25:41,800,16.63,v1_Ra80,0.0154,0.0154,6.0146,0.0154,0.0926,1,,800,5.90
1787772342.737,2026-08-26T15:25:42,800,16.63,v1_Ra80,0.0192,0.0192,5.6986,0.0192,0.1094,1,,800,5.90
1787772343.792,2026-08-26T15:25:43,800,16.63,v1_Ra80,0.0230,0.0230,5.5983,0.0230,0.1288,1,,800,5.90
1787772344.846,2026-08-26T15:25:44,800,16.63,v1_Ra80,0.0269,0.0269,5.2301,0.0269,0.1407,1,,800,5.90
1787772345.897,2026-08-26T15:25:45,800,16.63,v1_Ra80,0.0307,0.0307,5.3048,0.0307,0.1629,1,,800,5.90
1787772346.959,2026-08-26T15:25:46,800,16.63,v1_Ra80,0.0346,0.0346,4.7317,0.0346,0.1637,1,,800,5.90
1787772348.014,2026-08-26T15:25:48,800,16.63,v1_Ra80,0.0384,0.0384,4.6410,0.0384,0.1782,1,,800,5.90
1787772349.068,2026-08-26T15:25:49,800,16.63,v1_Ra80,0.0423,0.0423,4.3341,0.0423,0.1833,1,,800,5.90
1787772350.121,2026-08-26T15:25:50,800,16.63,v1_Ra80,0.0461,0.0461,3.9535,0.0461,0.1823,1,,800,5.90
1787772351.176,2026-08-26T15:25:51,800,16.63,v1_Ra80,0.0499,0.0499,3.5906,0.0499,0.1792,1,,800,5.90
1787772352.251,2026-08-26T15:25:52,800,16.63,v1_Ra80,0.0538,0.0538,3.3274,0.0538,0.1790,1,,800,5.90
1787772353.306,2026-08-26T15:25:53,800,16.63,v1_Ra80,0.0576,0.0576,3.3317,0.0576,0.1919,1,,800,5.90
1787772354.360,2026-08-26T15:25:54,800,16.63,v1_Ra80,0.0615,0.0615,3.1303,0.0615,0.1925,1,,800,5.90
1787772355.415,2026-08-26T15:25:55,800,16.63,v1_Ra80,0.0653,0.0653,2.6735,0.0653,0.1746,1,,800,5.90
1787772356.471,2026-08-26T15:25:56,800,16.63,v1_Ra80,0.0691,0.0691,2.7173,0.0691,0.1878,1,,800,5.90
1787772357.541,2026-08-26T15:25:57,800,16.63,v1_Ra80,0.0730,0.0730,2.3967,0.0730,0.1750,1,,800,5.90
1787772358.595,2026-08-26T15:25:58,800,16.63,v1_Ra80,0.0768,0.0768,1.9976,0.0768,0.1534,1,,800,5.90
1787772359.650,2026-08-26T15:25:59,800,16.63,v1_Ra80,0.0807,0.0807,1.6514,0.0807,0.1333,1,,800,5.90
1787772367.990,2026-08-26T15:26:07,900,18.76,v1_Ra80,0.0024,0.0024,8.4607,0.0024,0.0203,1,,900,6.70
1787772369.045,2026-08-26T15:26:09,900,18.76,v1_Ra80,0.0049,0.0049,8.1800,0.0049,0.0401,1,,900,6.70
1787772370.097,2026-08-26T15:26:10,900,18.76,v1_Ra80,0.0098,0.0098,7.7226,0.0098,0.0757,1,,900,6.70
1787772371.152,2026-08-26T15:26:11,900,18.76,v1_Ra80,0.0147,0.0147,7.4642,0.0147,0.1097,1,,900,6.70
1787772372.206,2026-08-26T15:26:12,900,18.76,v1_Ra80,0.0196,0.0196,7.0525,0.0196,0.1382,1,,900,6.70
1787772373.261,2026-08-26T15:26:13,900,18.76,v1_Ra80,0.0244,0.0244,7.0217,0.0244,0.1713,1,,900,6.70
1787772374.314,2026-08-26T15:26:14,900,18.76,v1_Ra80,0.0293,0.0293,6.8735,0.0293,0.2014,1,,900,6.70
1787772375.399,2026-08-26T15:26:15,900,18.76,v1_Ra80,0.0342,0.0342,6.3357,0.0342,0.2167,1,,900,6.70
1787772376.454,2026-08-26T15:26:16,900,18.76,v1_Ra80,0.0391,0.0391,5.9756,0.0391,0.2336,1,,900,6.70
1787772377.509,2026-08-26T15:26:17,900,18.76,v1_Ra80,0.0440,0.0440,5.6955,0.0440,0.2506,1,,900,6.70
1787772378.559,2026-08-26T15:26:18,900,18.76,v1_Ra80,0.0489,0.0489,5.5227,0.0489,0.2701,1,,900,6.70
1787772379.613,2026-08-26T15:26:19,900,18.76,v1_Ra80,0.0538,0.0538,5.3672,0.0538,0.2888,1,,900,6.70
1787772380.672,2026-08-26T15:26:20,900,18.76,v1_Ra80,0.0587,0.0587,5.1428,0.0587,0.3019,1,,900,6.70
1787772381.726,2026-08-26T15:26:21,900,18.76,v1_Ra80,0.0636,0.0636,4.6844,0.0636,0.2979,1,,900,6.70
1787772382.780,2026-08-26T15:26:22,900,18.76,v1_Ra80,0.0684,0.0684,4.5017,0.0684,0.3079,1,,900,6.70
1787772383.835,2026-08-26T15:26:23,900,18.76,v1_Ra80,0.0733,0.0733,4.0504,0.0733,0.2969,1,,900,6.70
1787772384.889,2026-08-26T15:26:24,900,18.76,v1_Ra80,0.0782,0.0782,3.8086,0.0782,0.2978,1,,900,6.70
1787772385.944,2026-08-26T15:26:25,900,18.76,v1_Ra80,0.0831,0.0831,3.4108,0.0831,0.2834,1,,900,6.70
1787772386.998,2026-08-26T15:26:26,900,18.76,v1_Ra80,0.0880,0.0880,3.0197,0.0880,0.2657,1,,900,6.70
1787772388.073,2026-08-26T15:26:28,900,18.76,v1_Ra80,0.0929,0.0929,2.7278,0.0929,0.2534,1,,900,6.70
1787772389.127,2026-08-26T15:26:29,900,18.76,v1_Ra80,0.0978,0.0978,2.3714,0.0978,0.2319,1,,900,6.70
1787772390.182,2026-08-26T15:26:30,900,18.76,v1_Ra80,0.1027,0.1027,2.3750,0.1027,0.2439,1,,900,6.70
1787772400.699,2026-08-26T15:26:40,1000,20.90,v1_Ra80,0.0030,0.0030,10.3393,0.0030,0.0310,1,,1000,7.50
1787772401.781,2026-08-26T15:26:41,1000,20.90,v1_Ra80,0.0061,0.0061,9.9100,0.0061,0.0605,1,,1000,7.50
1787772402.832,2026-08-26T15:26:42,1000,20.90,v1_Ra80,0.0121,0.0121,9.5719,0.0121,0.1158,1,,1000,7.50
1787772403.889,2026-08-26T15:26:43,1000,20.90,v1_Ra80,0.0182,0.0182,9.0690,0.0182,0.1651,1,,1000,7.50
1787772404.942,2026-08-26T15:26:44,1000,20.90,v1_Ra80,0.0243,0.0243,9.0430,0.0243,0.2197,1,,1000,7.50
1787772405.996,2026-08-26T15:26:45,1000,20.90,v1_Ra80,0.0303,0.0303,8.6024,0.0303,0.2607,1,,1000,7.50
1787772407.072,2026-08-26T15:26:47,1000,20.90,v1_Ra80,0.0364,0.0364,8.3232,0.0364,0.3030,1,,1000,7.50
1787772408.127,2026-08-26T15:26:48,1000,20.90,v1_Ra80,0.0424,0.0424,8.0248,0.0424,0.3403,1,,1000,7.50
1787772409.181,2026-08-26T15:26:49,1000,20.90,v1_Ra80,0.0485,0.0485,7.7909,0.0485,0.3779,1,,1000,7.50
1787772410.236,2026-08-26T15:26:50,1000,20.90,v1_Ra80,0.0546,0.0546,7.6366,0.0546,0.4170,1,,1000,7.50
1787772411.290,2026-08-26T15:26:51,1000,20.90,v1_Ra80,0.0606,0.0606,7.2202,0.0606,0.4375,1,,1000,7.50
1787772412.345,2026-08-26T15:26:52,1000,20.90,v1_Ra80,0.0667,0.0667,6.8197,0.0667,0.4549,1,,1000,7.50
1787772413.397,2026-08-26T15:26:53,1000,20.90,v1_Ra80,0.0728,0.0728,6.4563,0.0728,0.4700,1,,1000,7.50
1787772414.480,2026-08-26T15:26:54,1000,20.90,v1_Ra80,0.0788,0.0788,6.4945,0.0788,0.5118,1,,1000,7.50
1787772415.531,2026-08-26T15:26:55,1000,20.90,v1_Ra80,0.0849,0.0849,6.1308,0.0849,0.5205,1,,1000,7.50
1787772416.586,2026-08-26T15:26:56,1000,20.90,v1_Ra80,0.0909,0.0909,5.7919,0.0909,0.5265,1,,1000,7.50
1787772417.637,2026-08-26T15:26:57,1000,20.90,v1_Ra80,0.0970,0.0970,5.3671,0.0970,0.5206,1,,1000,7.50
1787772418.688,2026-08-26T15:26:58,1000,20.90,v1_Ra80,0.1031,0.1031,5.0814,0.1031,0.5239,1,,1000,7.50
1787772419.761,2026-08-26T15:26:59,1000,20.90,v1_Ra80,0.1091,0.1091,4.7537,0.1091,0.5186,1,,1000,7.50
1787772420.816,2026-08-26T15:27:00,1000,20.90,v1_Ra80,0.1152,0.1152,4.3527,0.1152,0.5014,1,,1000,7.50
1787772421.870,2026-08-26T15:27:01,1000,20.90,v1_Ra80,0.1213,0.1213,3.6599,0.1213,0.4439,1,,1000,7.50
1787772422.924,2026-08-26T15:27:02,1000,20.90,v1_Ra80,0.1273,0.1273,3.6521,0.1273,0.4649,1,,1000,7.50
1787772423.978,2026-08-26T15:27:03,1000,20.90,v1_Ra80,0.1334,0.1334,2.9998,0.1334,0.4002,1,,1000,7.50
1787772425.061,2026-08-26T15:27:05,1000,20.90,v1_Ra80,0.1394,0.1394,2.8912,0.1394,0.4030,1,,1000,7.50
1787772433.355,2026-08-26T15:27:13,1100,23.03,v1_Ra80,0.0037,0.0037,12.0674,0.0037,0.0446,1,,1100,8.30
1787772434.410,2026-08-26T15:27:14,1100,23.03,v1_Ra80,0.0074,0.0074,11.8309,0.0074,0.0875,1,,1100,8.30
1787772435.465,2026-08-26T15:27:15,1100,23.03,v1_Ra80,0.0147,0.0147,11.2625,0.0147,0.1656,1,,1100,8.30
1787772436.519,2026-08-26T15:27:16,1100,23.03,v1_Ra80,0.0221,0.0221,11.1005,0.0221,0.2453,1,,1100,8.30
1787772437.603,2026-08-26T15:27:17,1100,23.03,v1_Ra80,0.0295,0.0295,10.4113,0.0295,0.3071,1,,1100,8.30
1787772438.658,2026-08-26T15:27:18,1100,23.03,v1_Ra80,0.0368,0.0368,10.2469,0.0368,0.3771,1,,1100,8.30
1787772439.712,2026-08-26T15:27:19,1100,23.03,v1_Ra80,0.0442,0.0442,10.1413,0.0442,0.4482,1,,1100,8.30
1787772440.764,2026-08-26T15:27:20,1100,23.03,v1_Ra80,0.0515,0.0515,9.6292,0.0515,0.4959,1,,1100,8.30
1787772441.816,2026-08-26T15:27:21,1100,23.03,v1_Ra80,0.0589,0.0589,9.4274,0.0589,0.5553,1,,1100,8.30
1787772442.899,2026-08-26T15:27:22,1100,23.03,v1_Ra80,0.0663,0.0663,8.9318,0.0663,0.5922,1,,1100,8.30
1787772443.954,2026-08-26T15:27:23,1100,23.03,v1_Ra80,0.0736,0.0736,8.6380,0.0736,0.6358,1,,1100,8.30
1787772445.009,2026-08-26T15:27:25,1100,23.03,v1_Ra80,0.0810,0.0810,8.1170,0.0810,0.6575,1,,1100,8.30
1787772446.063,2026-08-26T15:27:26,1100,23.03,v1_Ra80,0.0884,0.0884,7.9601,0.0884,0.7037,1,,1100,8.30
1787772447.115,2026-08-26T15:27:27,1100,23.03,v1_Ra80,0.0957,0.0957,7.1983,0.0957,0.6889,1,,1100,8.30
1787772448.183,2026-08-26T15:27:28,1100,23.03,v1_Ra80,0.1031,0.1031,7.0876,0.1031,0.7307,1,,1100,8.30
1787772449.237,2026-08-26T15:27:29,1100,23.03,v1_Ra80,0.1104,0.1104,7.0066,0.1104,0.7735,1,,1100,8.30
1787772450.293,2026-08-26T15:27:30,1100,23.03,v1_Ra80,0.1178,0.1178,6.6521,0.1178,0.7836,1,,1100,8.30
1787772451.347,2026-08-26T15:27:31,1100,23.03,v1_Ra80,0.1252,0.1252,6.4252,0.1252,0.8044,1,,1100,8.30
1787772452.401,2026-08-26T15:27:32,1100,23.03,v1_Ra80,0.1325,0.1325,5.9750,0.1325,0.7917,1,,1100,8.30
1787772453.456,2026-08-26T15:27:33,1100,23.03,v1_Ra80,0.1399,0.1399,5.4641,0.1399,0.7644,1,,1100,8.30
1787772454.512,2026-08-26T15:27:34,1100,23.03,v1_Ra80,0.1473,0.1473,5.0519,0.1473,0.7441,1,,1100,8.30
1787772455.568,2026-08-26T15:27:35,1100,23.03,v1_Ra80,0.1546,0.1546,4.9807,0.1546,0.7700,1,,1100,8.30
1787772456.623,2026-08-26T15:27:36,1100,23.03,v1_Ra80,0.1620,0.1620,4.6104,0.1620,0.7469,1,,1100,8.30
1787772457.673,2026-08-26T15:27:37,1100,23.03,v1_Ra80,0.1694,0.1694,4.4106,0.1694,0.7472,1,,1100,8.30
1787772458.740,2026-08-26T15:27:38,1100,23.03,v1_Ra80,0.1767,0.1767,3.8993,0.1767,0.6890,1,,1100,8.30
1787772459.793,2026-08-26T15:27:39,1100,23.03,v1_Ra80,0.1841,0.1841,3.2126,0.1841,0.5914,1,,1100,8.30
1787772460.871,2026-08-26T15:27:40,1100,23.03,v1_Ra80,0.1914,0.1914,2.8838,0.1914,0.5520,1,,1100,8.30
1787772468.647,2026-08-26T15:27:48,1200,25.16,v1_Ra80,0.0044,0.0044,13.7574,0.0044,0.0605,1,,1200,9.10
1787772469.698,2026-08-26T15:27:49,1200,25.16,v1_Ra80,0.0088,0.0088,13.4257,0.0088,0.1181,1,,1200,9.10
1787772470.752,2026-08-26T15:27:50,1200,25.16,v1_Ra80,0.0176,0.0176,13.2326,0.0176,0.2329,1,,1200,9.10
1787772471.821,2026-08-26T15:27:51,1200,25.16,v1_Ra80,0.0264,0.0264,12.4021,0.0264,0.3274,1,,1200,9.10
1787772472.878,2026-08-26T15:27:52,1200,25.16,v1_Ra80,0.0352,0.0352,12.1746,0.0352,0.4285,1,,1200,9.10
1787772473.938,2026-08-26T15:27:53,1200,25.16,v1_Ra80,0.0439,0.0439,11.8360,0.0439,0.5196,1,,1200,9.10
1787772474.991,2026-08-26T15:27:54,1200,25.16,v1_Ra80,0.0527,0.0527,11.5712,0.0527,0.6098,1,,1200,9.10
1787772476.047,2026-08-26T15:27:56,1200,25.16,v1_Ra80,0.0615,0.0615,10.9977,0.0615,0.6764,1,,1200,9.10
1787772477.122,2026-08-26T15:27:57,1200,25.16,v1_Ra80,0.0703,0.0703,10.6167,0.0703,0.7464,1,,1200,9.10
1787772478.176,2026-08-26T15:27:58,1200,25.16,v1_Ra80,0.0791,0.0791,10.0581,0.0791,0.7956,1,,1200,9.10
1787772479.231,2026-08-26T15:27:59,1200,25.16,v1_Ra80,0.0879,0.0879,9.7964,0.0879,0.8611,1,,1200,9.10
1787772480.285,2026-08-26T15:28:00,1200,25.16,v1_Ra80,0.0967,0.0967,9.5365,0.0967,0.9222,1,,1200,9.10
1787772481.340,2026-08-26T15:28:01,1200,25.16,v1_Ra80,0.1055,0.1055,9.1748,0.1055,0.9679,1,,1200,9.10
1787772482.390,2026-08-26T15:28:02,1200,25.16,v1_Ra80,0.1143,0.1143,8.7144,0.1143,0.9961,1,,1200,9.10
1787772483.440,2026-08-26T15:28:03,1200,25.16,v1_Ra80,0.1231,0.1231,8.4335,0.1231,1.0382,1,,1200,9.10
1787772484.494,2026-08-26T15:28:04,1200,25.16,v1_Ra80,0.1318,0.1318,7.9338,0.1318,1.0457,1,,1200,9.10
1787772485.549,2026-08-26T15:28:05,1200,25.16,v1_Ra80,0.1406,0.1406,7.5509,0.1406,1.0617,1,,1200,9.10
1787772486.604,2026-08-26T15:28:06,1200,25.16,v1_Ra80,0.1494,0.1494,7.2835,0.1494,1.0882,1,,1200,9.10
1787772487.654,2026-08-26T15:28:07,1200,25.16,v1_Ra80,0.1582,0.1582,6.8860,0.1582,1.0894,1,,1200,9.10
1787772488.710,2026-08-26T15:28:08,1200,25.16,v1_Ra80,0.1670,0.1670,6.3744,0.1670,1.0645,1,,1200,9.10
1787772489.764,2026-08-26T15:28:09,1200,25.16,v1_Ra80,0.1758,0.1758,6.2623,0.1758,1.1009,1,,1200,9.10
1787772490.936,2026-08-26T15:28:10,1200,25.16,v1_Ra80,0.1846,0.1846,5.7296,0.1846,1.0577,1,,1200,9.10
1787772491.988,2026-08-26T15:28:11,1200,25.16,v1_Ra80,0.1934,0.1934,5.1655,0.1934,0.9990,1,,1200,9.10
1787772493.038,2026-08-26T15:28:13,1200,25.16,v1_Ra80,0.2022,0.2022,4.8956,0.2022,0.9899,1,,1200,9.10
1787772494.093,2026-08-26T15:28:14,1200,25.16,v1_Ra80,0.2110,0.2110,4.3816,0.2110,0.9245,1,,1200,9.10
1787772495.147,2026-08-26T15:28:15,1200,25.16,v1_Ra80,0.2197,0.2197,4.0012,0.2197,0.8791,1,,1200,9.10
1787772496.230,2026-08-26T15:28:16,1200,25.16,v1_Ra80,0.2285,0.2285,3.5152,0.2285,0.8032,1,,1200,9.10
1787772507.298,2026-08-26T15:28:27,1300,27.29,v1_Ra80,0.0052,0.0052,15.4133,0.0052,0.0801,1,,1300,9.90
1787772508.350,2026-08-26T15:28:28,1300,27.29,v1_Ra80,0.0103,0.0103,15.1826,0.0103,0.1564,1,,1300,9.90
1787772509.405,2026-08-26T15:28:29,1300,27.29,v1_Ra80,0.0207,0.0207,14.3470,0.0207,0.2970,1,,1300,9.90
1787772510.477,2026-08-26T15:28:30,1300,27.29,v1_Ra80,0.0310,0.0310,13.9072,0.0310,0.4311,1,,1300,9.90
1787772511.532,2026-08-26T15:28:31,1300,27.29,v1_Ra80,0.0414,0.0414,13.6540,0.0414,0.5653,1,,1300,9.90
1787772512.587,2026-08-26T15:28:32,1300,27.29,v1_Ra80,0.0517,0.0517,13.0832,0.0517,0.6764,1,,1300,9.90
1787772513.643,2026-08-26T15:28:33,1300,27.29,v1_Ra80,0.0621,0.0621,12.6540,0.0621,0.7858,1,,1300,9.90
1787772514.699,2026-08-26T15:28:34,1300,27.29,v1_Ra80,0.0724,0.0724,12.2071,0.0724,0.8838,1,,1300,9.90
1787772515.783,2026-08-26T15:28:35,1300,27.29,v1_Ra80,0.0827,0.0827,11.8375,0.0827,0.9790,1,,1300,9.90
1787772516.839,2026-08-26T15:28:36,1300,27.29,v1_Ra80,0.0931,0.0931,11.3726,0.0931,1.0588,1,,1300,9.90
1787772517.894,2026-08-26T15:28:37,1300,27.29,v1_Ra80,0.1034,0.1034,10.9631,0.1034,1.1336,1,,1300,9.90
1787772518.948,2026-08-26T15:28:38,1300,27.29,v1_Ra80,0.1138,0.1138,10.3867,0.1138,1.1820,1,,1300,9.90
1787772520.003,2026-08-26T15:28:40,1300,27.29,v1_Ra80,0.1241,0.1241,10.0203,0.1241,1.2435,1,,1300,9.90
1787772521.059,2026-08-26T15:28:41,1300,27.29,v1_Ra80,0.1345,0.1345,9.7303,0.1345,1.3087,1,,1300,9.90
1787772522.115,2026-08-26T15:28:42,1300,27.29,v1_Ra80,0.1448,0.1448,9.0934,0.1448,1.3167,1,,1300,9.90
1787772523.192,2026-08-26T15:28:43,1300,27.29,v1_Ra80,0.1551,0.1551,8.6237,0.1551,1.3375,1,,1300,9.90
1787772524.248,2026-08-26T15:28:44,1300,27.29,v1_Ra80,0.1655,0.1655,8.4218,0.1655,1.3938,1,,1300,9.90
1787772525.306,2026-08-26T15:28:45,1300,27.29,v1_Ra80,0.1758,0.1758,8.2223,0.1758,1.4455,1,,1300,9.90
1787772526.359,2026-08-26T15:28:46,1300,27.29,v1_Ra80,0.1862,0.1862,7.6725,0.1862,1.4286,1,,1300,9.90
1787772527.410,2026-08-26T15:28:47,1300,27.29,v1_Ra80,0.1965,0.1965,7.1785,0.1965,1.4106,1,,1300,9.90
1787772528.490,2026-08-26T15:28:48,1300,27.29,v1_Ra80,0.2069,0.2069,6.5988,0.2069,1.3653,1,,1300,9.90
1787772529.543,2026-08-26T15:28:49,1300,27.29,v1_Ra80,0.2172,0.2172,6.3234,0.2172,1.3734,1,,1300,9.90
1787772530.598,2026-08-26T15:28:50,1300,27.29,v1_Ra80,0.2275,0.2275,5.9451,0.2275,1.3525,1,,1300,9.90
1787772531.651,2026-08-26T15:28:51,1300,27.29,v1_Ra80,0.2379,0.2379,5.3705,0.2379,1.2776,1,,1300,9.90
1787772532.708,2026-08-26T15:28:52,1300,27.29,v1_Ra80,0.2482,0.2482,5.1064,0.2482,1.2674,1,,1300,9.90
1787772533.772,2026-08-26T15:28:53,1300,27.29,v1_Ra80,0.2586,0.2586,4.4569,0.2586,1.1526,1,,1300,9.90
1787772534.825,2026-08-26T15:28:54,1300,27.29,v1_Ra80,0.2689,0.2689,4.2088,0.2689,1.1317,1,,1300,9.90
1787772542.668,2026-08-26T15:29:02,1400,29.42,v1_Ra80,0.0060,0.0060,17.3805,0.0060,0.1043,1,,1400,10.50
1787772543.723,2026-08-26T15:29:03,1400,29.42,v1_Ra80,0.0120,0.0120,16.9048,0.0120,0.2029,1,,1400,10.50
1787772544.780,2026-08-26T15:29:04,1400,29.42,v1_Ra80,0.0240,0.0240,16.0709,0.0240,0.3857,1,,1400,10.50
1787772545.835,2026-08-26T15:29:05,1400,29.42,v1_Ra80,0.0361,0.0361,15.5604,0.0361,0.5617,1,,1400,10.50
1787772546.891,2026-08-26T15:29:06,1400,29.42,v1_Ra80,0.0481,0.0481,15.0064,0.0481,0.7218,1,,1400,10.50
1787772547.947,2026-08-26T15:29:07,1400,29.42,v1_Ra80,0.0601,0.0601,14.4244,0.0601,0.8669,1,,1400,10.50
1787772549.003,2026-08-26T15:29:09,1400,29.42,v1_Ra80,0.0721,0.0721,13.8020,0.0721,0.9951,1,,1400,10.50
1787772550.080,2026-08-26T15:29:10,1400,29.42,v1_Ra80,0.0842,0.0842,13.4721,0.0842,1.1344,1,,1400,10.50
1787772551.135,2026-08-26T15:29:11,1400,29.42,v1_Ra80,0.0962,0.0962,13.1517,0.0962,1.2652,1,,1400,10.50
1787772552.188,2026-08-26T15:29:12,1400,29.42,v1_Ra80,0.1082,0.1082,12.2663,0.1082,1.3272,1,,1400,10.50
1787772553.241,2026-08-26T15:29:13,1400,29.42,v1_Ra80,0.1202,0.1202,11.8328,0.1202,1.4223,1,,1400,10.50
1787772554.300,2026-08-26T15:29:14,1400,29.42,v1_Ra80,0.1322,0.1322,11.3582,0.1322,1.5016,1,,1400,10.50
1787772555.371,2026-08-26T15:29:15,1400,29.42,v1_Ra80,0.1443,0.1443,10.8415,0.1443,1.5644,1,,1400,10.50
1787772556.426,2026-08-26T15:29:16,1400,29.42,v1_Ra80,0.1563,0.1563,10.5262,0.1563,1.6452,1,,1400,10.50
1787772557.486,2026-08-26T15:29:17,1400,29.42,v1_Ra80,0.1683,0.1683,10.0051,0.1683,1.6839,1,,1400,10.50
1787772558.541,2026-08-26T15:29:18,1400,29.42,v1_Ra80,0.1803,0.1803,9.5191,0.1803,1.7163,1,,1400,10.50
1787772559.596,2026-08-26T15:29:19,1400,29.42,v1_Ra80,0.1923,0.1923,8.9877,0.1923,1.7283,1,,1400,10.50
1787772560.669,2026-08-26T15:29:20,1400,29.42,v1_Ra80,0.2044,0.2044,8.6568,0.2044,1.7694,1,,1400,10.50
1787772561.724,2026-08-26T15:29:21,1400,29.42,v1_Ra80,0.2164,0.2164,8.4985,0.2164,1.8391,1,,1400,10.50
1787772562.778,2026-08-26T15:29:22,1400,29.42,v1_Ra80,0.2284,0.2284,7.8505,0.2284,1.7931,1,,1400,10.50
1787772563.833,2026-08-26T15:29:23,1400,29.42,v1_Ra80,0.2404,0.2404,7.4653,0.2404,1.7947,1,,1400,10.50
1787772564.885,2026-08-26T15:29:24,1400,29.42,v1_Ra80,0.2525,0.2525,7.0885,0.2525,1.7898,1,,1400,10.50
1787772565.939,2026-08-26T15:29:25,1400,29.42,v1_Ra80,0.2645,0.2645,6.6736,0.2645,1.7652,1,,1400,10.50
1787772566.994,2026-08-26T15:29:26,1400,29.42,v1_Ra80,0.2765,0.2765,6.3003,0.2765,1.7420,1,,1400,10.50
1787772568.077,2026-08-26T15:29:28,1400,29.42,v1_Ra80,0.2885,0.2885,5.8879,0.2885,1.6987,1,,1400,10.50
1787772569.132,2026-08-26T15:29:29,1400,29.42,v1_Ra80,0.3005,0.3005,5.6537,0.3005,1.6989,1,,1400,10.50
1787772570.186,2026-08-26T15:29:30,1400,29.42,v1_Ra80,0.3126,0.3126,4.7454,0.3126,1.4834,1,,1400,10.50
1787772571.239,2026-08-26T15:29:31,1400,29.42,v1_Ra80,0.3246,0.3246,4.5754,0.3246,1.4852,1,,1400,10.50
1787772572.289,2026-08-26T15:29:32,1400,29.42,v1_Ra80,0.3366,0.3366,3.9544,0.3366,1.3311,1,,1400,10.50
1787772573.350,2026-08-26T15:29:33,1400,29.42,v1_Ra80,0.3486,0.3486,3.6324,0.3486,1.2663,1,,1400,10.50
1787772581.160,2026-08-26T15:29:41,1500,31.56,v1_Ra80,0.0069,0.0069,19.2016,0.0069,0.1325,1,,1501,10.90
1787772582.212,2026-08-26T15:29:42,1500,31.56,v1_Ra80,0.0138,0.0138,18.8486,0.0138,0.2601,1,,1501,10.90
1787772583.267,2026-08-26T15:29:43,1500,31.56,v1_Ra80,0.0277,0.0277,18.0815,0.0277,0.5009,1,,1501,10.90
1787772584.337,2026-08-26T15:29:44,1500,31.56,v1_Ra80,0.0415,0.0415,17.4495,0.0415,0.7242,1,,1501,10.90
1787772585.387,2026-08-26T15:29:45,1500,31.56,v1_Ra80,0.0553,0.0553,16.7913,0.0553,0.9286,1,,1501,10.90
1787772586.471,2026-08-26T15:29:46,1500,31.56,v1_Ra80,0.0691,0.0691,16.3904,0.0691,1.1326,1,,1501,10.90
1787772587.522,2026-08-26T15:29:47,1500,31.56,v1_Ra80,0.0830,0.0830,15.5017,0.0830,1.2866,1,,1501,10.90
1787772588.576,2026-08-26T15:29:48,1500,31.56,v1_Ra80,0.0968,0.0968,14.7792,0.0968,1.4306,1,,1501,10.90
1787772589.659,2026-08-26T15:29:49,1500,31.56,v1_Ra80,0.1106,0.1106,14.1557,0.1106,1.5656,1,,1501,10.90
1787772590.713,2026-08-26T15:29:50,1500,31.56,v1_Ra80,0.1244,0.1244,13.7830,0.1244,1.7146,1,,1501,10.90
1787772591.768,2026-08-26T15:29:51,1500,31.56,v1_Ra80,0.1383,0.1383,13.2755,0.1383,1.8360,1,,1501,10.90
1787772592.822,2026-08-26T15:29:52,1500,31.56,v1_Ra80,0.1521,0.1521,12.5171,0.1521,1.9039,1,,1501,10.90
1787772593.877,2026-08-26T15:29:53,1500,31.56,v1_Ra80,0.1659,0.1659,11.9840,0.1659,1.9881,1,,1501,10.90
1787772594.949,2026-08-26T15:29:54,1500,31.56,v1_Ra80,0.1797,0.1797,11.4053,0.1797,2.0495,1,,1501,10.90
1787772596.004,2026-08-26T15:29:56,1500,31.56,v1_Ra80,0.1936,0.1936,11.1746,0.1936,2.1634,1,,1501,10.90
1787772597.058,2026-08-26T15:29:57,1500,31.56,v1_Ra80,0.2074,0.2074,10.3938,0.2074,2.1557,1,,1501,10.90
1787772598.113,2026-08-26T15:29:58,1500,31.56,v1_Ra80,0.2212,0.2212,9.9490,0.2212,2.2007,1,,1501,10.90
1787772599.163,2026-08-26T15:29:59,1500,31.56,v1_Ra80,0.2351,0.2351,9.4050,0.2351,2.2111,1,,1501,10.90
1787772600.237,2026-08-26T15:30:00,1500,31.56,v1_Ra80,0.2489,0.2489,9.0675,0.2489,2.2569,1,,1501,10.90
1787772601.292,2026-08-26T15:30:01,1500,31.56,v1_Ra80,0.2627,0.2627,8.5207,0.2627,2.2384,1,,1501,10.90
1787772602.346,2026-08-26T15:30:02,1500,31.56,v1_Ra80,0.2765,0.2765,8.0719,0.2765,2.2319,1,,1501,10.90
1787772603.401,2026-08-26T15:30:03,1500,31.56,v1_Ra80,0.2904,0.2904,7.5998,0.2904,2.2070,1,,1501,10.90
1787772604.452,2026-08-26T15:30:04,1500,31.56,v1_Ra80,0.3042,0.3042,7.0741,0.3042,2.1519,1,,1501,10.90
1787772605.507,2026-08-26T15:30:05,1500,31.56,v1_Ra80,0.3180,0.3180,6.6713,0.3180,2.1215,1,,1501,10.90
1787772606.561,2026-08-26T15:30:06,1500,31.56,v1_Ra80,0.3318,0.3318,6.4216,0.3318,2.1307,1,,1501,10.90
1787772607.615,2026-08-26T15:30:07,1500,31.56,v1_Ra80,0.3457,0.3457,5.7100,0.3457,1.9739,1,,1501,10.90
1787772608.670,2026-08-26T15:30:08,1500,31.56,v1_Ra80,0.3595,0.3595,5.2499,0.3595,1.8873,1,,1501,10.90
1787772609.724,2026-08-26T15:30:09,1500,31.56,v1_Ra80,0.3733,0.3733,4.7951,0.3733,1.7900,1,,1501,10.90
1787772610.810,2026-08-26T15:30:10,1500,31.56,v1_Ra80,0.3872,0.3872,4.4257,0.3872,1.7136,1,,1501,10.90
1787772619.708,2026-08-26T15:30:19,1600,33.69,v1_Ra80,0.0079,0.0079,21.2490,0.0079,0.1679,1,,1600,11.80
1787772620.763,2026-08-26T15:30:20,1600,33.69,v1_Ra80,0.0158,0.0158,20.6846,0.0158,0.3268,1,,1600,11.80
1787772621.816,2026-08-26T15:30:21,1600,33.69,v1_Ra80,0.0315,0.0315,19.8598,0.0315,0.6256,1,,1600,11.80
1787772622.871,2026-08-26T15:30:22,1600,33.69,v1_Ra80,0.0473,0.0473,19.1949,0.0473,0.9079,1,,1600,11.80
1787772623.926,2026-08-26T15:30:23,1600,33.69,v1_Ra80,0.0630,0.0630,18.5748,0.0630,1.1702,1,,1600,11.80
1787772624.980,2026-08-26T15:30:24,1600,33.69,v1_Ra80,0.0788,0.0788,17.8324,0.0788,1.4052,1,,1600,11.80
1787772626.038,2026-08-26T15:30:26,1600,33.69,v1_Ra80,0.0946,0.0946,16.7875,0.0946,1.5881,1,,1600,11.80
1787772627.118,2026-08-26T15:30:27,1600,33.69,v1_Ra80,0.1103,0.1103,16.0539,0.1103,1.7707,1,,1600,11.80
1787772628.173,2026-08-26T15:30:28,1600,33.69,v1_Ra80,0.1261,0.1261,15.9224,0.1261,2.0078,1,,1600,11.80
1787772629.222,2026-08-26T15:30:29,1600,33.69,v1_Ra80,0.1418,0.1418,15.4830,0.1418,2.1955,1,,1600,11.80
1787772630.277,2026-08-26T15:30:30,1600,33.69,v1_Ra80,0.1576,0.1576,14.5333,0.1576,2.2904,1,,1600,11.80
1787772631.329,2026-08-26T15:30:31,1600,33.69,v1_Ra80,0.1733,0.1733,14.0567,0.1733,2.4360,1,,1600,11.80
1787772632.392,2026-08-26T15:30:32,1600,33.69,v1_Ra80,0.1891,0.1891,13.2620,0.1891,2.5078,1,,1600,11.80
1787772633.445,2026-08-26T15:30:33,1600,33.69,v1_Ra80,0.2049,0.2049,12.4453,0.2049,2.5500,1,,1600,11.80
1787772634.496,2026-08-26T15:30:34,1600,33.69,v1_Ra80,0.2206,0.2206,11.9945,0.2206,2.6460,1,,1600,11.80
1787772635.551,2026-08-26T15:30:35,1600,33.69,v1_Ra80,0.2364,0.2364,11.4926,0.2364,2.7169,1,,1600,11.80
1787772636.605,2026-08-26T15:30:36,1600,33.69,v1_Ra80,0.2521,0.2521,10.8968,0.2521,2.7471,1,,1600,11.80
1787772637.660,2026-08-26T15:30:37,1600,33.69,v1_Ra80,0.2679,0.2679,10.2214,0.2679,2.7383,1,,1600,11.80
1787772638.715,2026-08-26T15:30:38,1600,33.69,v1_Ra80,0.2837,0.2837,9.9750,0.2837,2.8299,1,,1600,11.80
1787772639.790,2026-08-26T15:30:39,1600,33.69,v1_Ra80,0.2994,0.2994,9.1291,0.2994,2.7333,1,,1600,11.80
1787772640.844,2026-08-26T15:30:40,1600,33.69,v1_Ra80,0.3152,0.3152,8.5769,0.3152,2.7034,1,,1600,11.80
1787772641.896,2026-08-26T15:30:41,1600,33.69,v1_Ra80,0.3309,0.3309,8.2308,0.3309,2.7236,1,,1600,11.80
1787772642.946,2026-08-26T15:30:42,1600,33.69,v1_Ra80,0.3467,0.3467,7.7352,0.3467,2.6818,1,,1600,11.80
1787772643.998,2026-08-26T15:30:43,1600,33.69,v1_Ra80,0.3624,0.3624,7.0919,0.3624,2.5701,1,,1600,11.80
1787772645.048,2026-08-26T15:30:45,1600,33.69,v1_Ra80,0.3782,0.3782,6.8489,0.3782,2.5903,1,,1600,11.80
1787772646.103,2026-08-26T15:30:46,1600,33.69,v1_Ra80,0.3940,0.3940,6.2398,0.3940,2.4585,1,,1600,11.80
1787772647.178,2026-08-26T15:30:47,1600,33.69,v1_Ra80,0.4097,0.4097,5.5115,0.4097,2.2581,1,,1600,11.80
1787772648.229,2026-08-26T15:30:48,1600,33.69,v1_Ra80,0.4255,0.4255,5.2109,0.4255,2.2172,1,,1600,11.80
1787772656.079,2026-08-26T15:30:56,1700,35.82,v1_Ra80,0.0089,0.0089,23.3268,0.0089,0.2076,1,,1700,12.70
1787772657.134,2026-08-26T15:30:57,1700,35.82,v1_Ra80,0.0178,0.0178,22.6151,0.0178,0.4025,1,,1700,12.70
1787772658.188,2026-08-26T15:30:58,1700,35.82,v1_Ra80,0.0356,0.0356,21.9541,0.0356,0.7816,1,,1700,12.70
1787772659.243,2026-08-26T15:30:59,1700,35.82,v1_Ra80,0.0534,0.0534,21.0515,0.0534,1.1242,1,,1700,12.70
1787772660.308,2026-08-26T15:31:00,1700,35.82,v1_Ra80,0.0713,0.0713,20.1935,0.0713,1.4398,1,,1700,12.70
1787772661.363,2026-08-26T15:31:01,1700,35.82,v1_Ra80,0.0891,0.0891,19.4999,0.0891,1.7374,1,,1700,12.70
1787772662.414,2026-08-26T15:31:02,1700,35.82,v1_Ra80,0.1069,0.1069,18.7554,0.1069,2.0050,1,,1700,12.70
1787772663.469,2026-08-26T15:31:03,1700,35.82,v1_Ra80,0.1247,0.1247,18.2148,0.1247,2.2714,1,,1700,12.70
1787772664.523,2026-08-26T15:31:04,1700,35.82,v1_Ra80,0.1425,0.1425,17.3552,0.1425,2.4731,1,,1700,12.70
1787772665.578,2026-08-26T15:31:05,1700,35.82,v1_Ra80,0.1603,0.1603,16.5841,0.1603,2.6584,1,,1700,12.70
1787772666.629,2026-08-26T15:31:06,1700,35.82,v1_Ra80,0.1782,0.1782,15.8425,0.1782,2.8231,1,,1700,12.70
1787772667.679,2026-08-26T15:31:07,1700,35.82,v1_Ra80,0.1960,0.1960,15.2093,0.1960,2.9810,1,,1700,12.70
1787772668.734,2026-08-26T15:31:08,1700,35.82,v1_Ra80,0.2138,0.2138,14.7486,0.2138,3.1533,1,,1700,12.70
1787772669.797,2026-08-26T15:31:09,1700,35.82,v1_Ra80,0.2316,0.2316,13.8856,0.2316,3.2159,1,,1700,12.70
1787772670.851,2026-08-26T15:31:10,1700,35.82,v1_Ra80,0.2494,0.2494,13.7165,0.2494,3.4209,1,,1700,12.70
1787772671.906,2026-08-26T15:31:11,1700,35.82,v1_Ra80,0.2672,0.2672,13.2074,0.2672,3.5290,1,,1700,12.70
1787772672.976,2026-08-26T15:31:12,1700,35.82,v1_Ra80,0.2851,0.2851,12.1709,0.2851,3.4699,1,,1700,12.70
1787772674.030,2026-08-26T15:31:14,1700,35.82,v1_Ra80,0.3029,0.3029,11.1038,0.3029,3.3633,1,,1700,12.70
1787772675.099,2026-08-26T15:31:15,1700,35.82,v1_Ra80,0.3207,0.3207,10.6312,0.3207,3.4094,1,,1700,12.70
1787772676.154,2026-08-26T15:31:16,1700,35.82,v1_Ra80,0.3385,0.3385,10.0082,0.3385,3.3878,1,,1700,12.70
1787772677.206,2026-08-26T15:31:17,1700,35.82,v1_Ra80,0.3563,0.3563,9.2016,0.3563,3.2785,1,,1700,12.70
1787772678.261,2026-08-26T15:31:18,1700,35.82,v1_Ra80,0.3741,0.3741,8.7773,0.3741,3.2836,1,,1700,12.70
1787772679.314,2026-08-26T15:31:19,1700,35.82,v1_Ra80,0.3920,0.3920,8.2177,0.3920,3.2213,1,,1700,12.70
1787772680.379,2026-08-26T15:31:20,1700,35.82,v1_Ra80,0.4098,0.4098,7.6758,0.4098,3.1455,1,,1700,12.70
1787772681.433,2026-08-26T15:31:21,1700,35.82,v1_Ra80,0.4276,0.4276,7.4785,0.4276,3.1978,1,,1700,12.70
1787772682.488,2026-08-26T15:31:22,1700,35.82,v1_Ra80,0.4454,0.4454,6.4861,0.4454,2.8889,1,,1700,12.70
1787772683.543,2026-08-26T15:31:23,1700,35.82,v1_Ra80,0.4632,0.4632,6.0996,0.4632,2.8253,1,,1700,12.70
1787772684.597,2026-08-26T15:31:24,1700,35.82,v1_Ra80,0.4810,0.4810,5.3103,0.4810,2.5543,1,,1700,12.70
1787772685.649,2026-08-26T15:31:25,1700,35.82,v1_Ra80,0.4988,0.4988,5.0617,0.4988,2.5248,1,,1700,12.70
1787772693.449,2026-08-26T15:31:33,1800,37.95,v1_Ra80,0.0100,0.0100,26.4197,0.0100,0.2642,1,,1800,13.60
1787772694.504,2026-08-26T15:31:34,1800,37.95,v1_Ra80,0.0200,0.0200,25.5271,0.0200,0.5105,1,,1800,13.60
1787772695.559,2026-08-26T15:31:35,1800,37.95,v1_Ra80,0.0400,0.0400,25.0077,0.0400,1.0003,1,,1800,13.60
1787772696.612,2026-08-26T15:31:36,1800,37.95,v1_Ra80,0.0600,0.0600,24.1446,0.0600,1.4487,1,,1800,13.60
1787772697.662,2026-08-26T15:31:37,1800,37.95,v1_Ra80,0.0800,0.0800,22.6559,0.0800,1.8125,1,,1800,13.60
1787772698.717,2026-08-26T15:31:38,1800,37.95,v1_Ra80,0.1000,0.1000,21.8010,0.1000,2.1801,1,,1800,13.60
1787772699.772,2026-08-26T15:31:39,1800,37.95,v1_Ra80,0.1200,0.1200,21.1137,0.1200,2.5336,1,,1800,13.60
1787772700.839,2026-08-26T15:31:40,1800,37.95,v1_Ra80,0.1400,0.1400,20.0614,0.1400,2.8086,1,,1800,13.60
1787772701.893,2026-08-26T15:31:41,1800,37.95,v1_Ra80,0.1600,0.1600,19.5250,0.1600,3.1240,1,,1800,13.60
1787772702.946,2026-08-26T15:31:42,1800,37.95,v1_Ra80,0.1800,0.1800,18.5589,0.1800,3.3406,1,,1800,13.60
1787772703.996,2026-08-26T15:31:43,1800,37.95,v1_Ra80,0.2000,0.2000,17.8316,0.2000,3.5663,1,,1800,13.60
1787772705.045,2026-08-26T15:31:45,1800,37.95,v1_Ra80,0.2200,0.2200,16.9053,0.2200,3.7192,1,,1800,13.60
1787772706.100,2026-08-26T15:31:46,1800,37.95,v1_Ra80,0.2400,0.2400,16.3411,0.2400,3.9219,1,,1800,13.60
1787772707.155,2026-08-26T15:31:47,1800,37.95,v1_Ra80,0.2600,0.2600,15.4880,0.2600,4.0269,1,,1800,13.60
1787772708.210,2026-08-26T15:31:48,1800,37.95,v1_Ra80,0.2800,0.2800,14.8477,0.2800,4.1574,1,,1800,13.60
1787772709.266,2026-08-26T15:31:49,1800,37.95,v1_Ra80,0.3000,0.3000,14.1704,0.3000,4.2511,1,,1800,13.60
1787772710.341,2026-08-26T15:31:50,1800,37.95,v1_Ra80,0.3200,0.3200,13.4534,0.3200,4.3051,1,,1800,13.60
1787772711.396,2026-08-26T15:31:51,1800,37.95,v1_Ra80,0.3400,0.3400,12.5560,0.3400,4.2690,1,,1800,13.60
1787772712.451,2026-08-26T15:31:52,1800,37.95,v1_Ra80,0.3600,0.3600,12.0470,0.3600,4.3369,1,,1800,13.60
1787772713.505,2026-08-26T15:31:53,1800,37.95,v1_Ra80,0.3800,0.3800,11.5967,0.3800,4.4067,1,,1800,13.60
1787772714.560,2026-08-26T15:31:54,1800,37.95,v1_Ra80,0.4000,0.4000,11.2453,0.4000,4.4981,1,,1800,13.60
1787772715.637,2026-08-26T15:31:55,1800,37.95,v1_Ra80,0.4200,0.4200,10.1642,0.4200,4.2690,1,,1800,13.60
1787772716.688,2026-08-26T15:31:56,1800,37.95,v1_Ra80,0.4400,0.4400,9.6338,0.4400,4.2389,1,,1800,13.60
1787772717.745,2026-08-26T15:31:57,1800,37.95,v1_Ra80,0.4600,0.4600,9.1574,0.4600,4.2124,1,,1800,13.60
1787772718.796,2026-08-26T15:31:58,1800,37.95,v1_Ra80,0.4800,0.4800,8.2256,0.4800,3.9483,1,,1800,13.60
1787772719.850,2026-08-26T15:31:59,1800,37.95,v1_Ra80,0.5000,0.5000,7.8286,0.5000,3.9143,1,,1800,13.60
1787772720.918,2026-08-26T15:32:00,1800,37.95,v1_Ra80,0.5200,0.5200,6.9049,0.5200,3.5905,1,,1800,13.60
1787772721.972,2026-08-26T15:32:01,1800,37.95,v1_Ra80,0.5400,0.5400,6.1633,0.5400,3.3282,1,,1800,13.60
