file,born,modified,rows,t_unix_first,t_unix_last,header_clock,blade,notes
logs/20260819_175349_step.csv,2026-08-19 Wed 17:54:19,2026-08-19 Wed 17:54:49,600,,,,,
logs/20260820_134148_step.csv,2026-08-20 Thu 13:42:18,2026-08-20 Thu 13:42:48,600,,,,,
logs/20260820_134300_step.csv,2026-08-20 Thu 13:43:30,2026-08-20 Thu 13:44:00,600,,,,,
logs/20260820_135140_step.csv,2026-08-20 Thu 13:52:10,2026-08-20 Thu 13:52:31,426,,,,,
logs/20260820_135514_step.csv,2026-08-20 Thu 13:55:44,2026-08-20 Thu 13:56:14,300,,,,,
logs/20260820_135751_step.csv,2026-08-20 Thu 13:58:21,2026-08-20 Thu 13:58:51,300,,,,,
logs/20260820_140223_step.csv,2026-08-20 Thu 14:02:53,2026-08-20 Thu 14:03:23,300,,,,,
logs/20260820_140756_step.csv,2026-08-20 Thu 14:08:26,2026-08-20 Thu 14:08:56,300,,,,,
logs/20260820_142043_step.csv,2026-08-20 Thu 14:21:13,2026-08-20 Thu 14:21:43,300,,,,,
logs/20260820_143127_1mc.csv,2026-08-20 Thu 14:31:38,2026-08-20 Thu 14:32:01,460,,,,,
logs/20260820_143212_1mc.csv,2026-08-20 Thu 14:32:22,2026-08-20 Thu 14:32:43,420,,,,,
logs/20260820_144254_1mc.csv,2026-08-20 Thu 14:43:09,2026-08-20 Thu 14:43:32,460,,,,,
logs/20260820_144426_1mc.csv,2026-08-20 Thu 14:44:41,2026-08-20 Thu 14:45:04,460,,,,,
logs/20260820_144715_1mc.csv,2026-08-20 Thu 14:47:30,2026-08-20 Thu 14:47:47,350,,,,,
logs/20260826_144027_sine.csv,2026-08-26 Wed 14:40:52,2026-08-26 Wed 14:41:17,500,,,,,
logs/20260826_144239_vonkarman.csv,2026-08-26 Wed 14:43:04,2026-08-26 Wed 14:45:09,2500,,,,,
logs/20260826_144608_vonkarman.csv,2026-08-26 Wed 14:46:38,2026-08-26 Wed 14:48:43,2500,,,,,
logs/20260829_105651_step_up.csv,2026-08-29 Sat 11:08:55,2026-08-29 Sat 11:08:55,87,,,,,
logs/20260829_112807_step_up.csv,2026-08-29 Sat 11:28:10,2026-08-29 Sat 11:28:11,21,,,,,
logs/20260829_112832_step_up.csv,2026-08-29 Sat 11:28:35,2026-08-29 Sat 11:28:36,21,,,,,
logs/20260829_112919_step_up.csv,2026-08-29 Sat 11:29:21,2026-08-29 Sat 11:29:22,20,,,,,
logs/20260829_112945_step_up.csv,2026-08-29 Sat 11:29:47,2026-08-29 Sat 11:29:48,22,,,,,
logs/20260829_113112_step_up.csv,2026-08-29 Sat 11:31:14,2026-08-29 Sat 11:31:15,22,,,,,
logs/20260829_113229_step_up.csv,2026-08-29 Sat 11:32:31,2026-08-29 Sat 11:32:32,22,,,,,
logs/peak_1200.csv,2026-08-20 Thu 13:49:15,2026-08-20 Thu 14:01:17,30,,,,,
logs/peak_1800.csv,2026-08-20 Thu 14:18:42,2026-08-25 Tue 14:34:19,71,,,,v1_Ra20,"material, layer height, finish"
logs/peak_500.csv,2026-08-19 Wed 17:36:13,2026-08-19 Wed 17:40:39,25,,,,,
logs/sweep_v1_Ra20_points.csv,2026-08-20 Thu 14:29:49,2026-08-25 Tue 14:34:19,336,,,,v1_Ra20,"PETG, 0.2mm, Ra 20"
logs/sweep_v1_Ra20_summary.csv,2026-08-20 Thu 14:29:49,2026-08-25 Tue 14:34:19,14,,,,v1_Ra20,"PETG, 0.2mm, Ra 20"
logs/sweep_v1_Ra40_points.csv,2026-09-01 Tue 15:12:54,2026-09-01 Tue 15:12:54,352,2026-09-01 Tue 15:04:49,2026-09-01 Tue 15:12:46,2026-09-01T15:12:54-0400,v1_Ra40,"PETG, 0.2mm layer, Ra 40"
logs/sweep_v1_Ra40_summary.csv,2026-09-01 Tue 15:12:54,2026-09-01 Tue 15:12:54,14,,,2026-09-01T15:12:54-0400,v1_Ra40,"PETG, 0.2mm layer, Ra 40"
logs/sweep_v1_Ra40_trace.csv,2026-09-01 Tue 15:12:54,2026-09-01 Tue 15:12:55,9426,2026-09-01 Tue 15:04:25,2026-09-01 Tue 15:12:50,2026-09-01T15:12:54-0400,v1_Ra40,"PETG, 0.2mm layer, Ra 40"
logs/sweep_v1_Ra80_points.csv,2026-08-26 Wed 15:32:09,2026-08-26 Wed 15:32:09,352,2026-08-26 Wed 15:24:10,2026-08-26 Wed 15:32:01,2026-08-26T15:32:09-0400,v1_Ra80,"PETG, 0.2mm layer, 0.2mm nozzle, Ra 80"
logs/sweep_v1_Ra80_summary.csv,2026-08-26 Wed 15:32:09,2026-08-26 Wed 15:32:09,14,,,2026-08-26T15:32:09-0400,v1_Ra80,"PETG, 0.2mm layer, 0.2mm nozzle, Ra 80"
data/snapshots/20260825_132839_dashboard.json,2026-08-25 Tue 13:28:39,2026-08-25 Tue 13:28:39,,,,,,
data/snapshots/20260825_133134_fullscan.json,2026-08-25 Tue 13:31:34,2026-08-25 Tue 13:31:34,,,,,,
data/snapshots/20260831_101809_dashboard.json,2026-08-31 Mon 10:18:09,2026-08-31 Mon 10:18:09,,,,,,
data/snapshots/20260831_101809_fullscan.json,2026-08-31 Mon 10:18:09,2026-08-31 Mon 10:18:09,,,,,,
