# a180.0_U23.0_SST_coarse_Tu1.0 t=0.31304348 s (mean); s/c with c=0.048 m; Cp=(p-p_inf)/(0.5U^2), p_inf=0; Cf signed by near-wall flow direction; tau_w from wallShearStressMean
patch,s_over_c,x_m,y_m,Cp,Cf,yplus,d_first_m
blade,0.000000,-0.01238064,-0.02741022,-3.58955,-0.0303213,0.38707,2.0721e-06
blade,0.001004,-0.01233457,-0.02742435,-2.28656,-0.112263,0.74339,2.0682e-06
blade,0.002557,-0.01226843,-0.02738996,-2.4563,-0.0355752,0.4553,2.2502e-06
blade,0.004361,-0.01219177,-0.02734971,-2.30497,-0.0487612,0.53302,2.25e-06
blade,0.006456,-0.01210293,-0.02730254,-2.23475,-0.0412772,0.49036,2.2498e-06
blade,0.008891,-0.01200003,-0.02724719,-2.14875,-0.0395675,0.48009,2.2498e-06
blade,0.011718,-0.01188089,-0.02718216,-2.06629,-0.0371257,0.46506,2.2499e-06
blade,0.015003,-0.01174303,-0.02710563,-1.98306,-0.035132,0.4524,2.2499e-06
blade,0.018818,-0.01158366,-0.02701544,-1.89968,-0.0333059,0.44046,2.2497e-06
blade,0.023053,-0.01140766,-0.02691374,-1.81895,-0.0317348,0.42998,2.2499e-06
blade,0.027423,-0.01122705,-0.02680707,-1.74477,-0.0304508,0.4212,2.25e-06
blade,0.031793,-0.01104748,-0.02669863,-1.67727,-0.0294002,0.41386,2.2499e-06
blade,0.036163,-0.01086896,-0.02658848,-1.61488,-0.0285208,0.40763,2.25e-06
blade,0.040534,-0.0106915,-0.02647664,-1.55648,-0.0277662,0.40222,2.2501e-06
blade,0.044904,-0.01051509,-0.02636314,-1.50129,-0.0271085,0.39746,2.2502e-06
blade,0.049274,-0.01033974,-0.02624802,-1.44876,-0.026523,0.3931,2.25e-06
blade,0.053644,-0.01016545,-0.02613129,-1.39845,-0.0259961,0.38913,2.2497e-06
blade,0.058014,-0.009992221,-0.02601299,-1.35007,-0.0255146,0.38557,2.2501e-06
blade,0.062384,-0.009820053,-0.02589316,-1.30336,-0.0250711,0.38225,2.2504e-06
blade,0.066754,-0.009648946,-0.02577181,-1.25813,-0.0246592,0.37904,2.25e-06
blade,0.071125,-0.009478899,-0.02564899,-1.2142,-0.0242741,0.376,2.2496e-06
blade,0.075495,-0.00930991,-0.02552471,-1.17144,-0.0239117,0.37326,2.2501e-06
blade,0.079865,-0.009141979,-0.02539901,-1.12973,-0.0235686,0.37062,2.2503e-06
blade,0.084235,-0.008975102,-0.02527191,-1.08897,-0.0232418,0.368,2.2501e-06
blade,0.088605,-0.008809276,-0.02514344,-1.04907,-0.0229279,0.36551,2.2501e-06
blade,0.092975,-0.008644499,-0.02501363,-1.00997,-0.0226245,0.3631,2.2502e-06
blade,0.097345,-0.008480766,-0.0248825,-0.971625,-0.0223298,0.36073,2.2503e-06
blade,0.101716,-0.008318075,-0.02475009,-0.933985,-0.0220424,0.35838,2.2501e-06
blade,0.106086,-0.008156419,-0.02461641,-0.897024,-0.0217617,0.35609,2.2501e-06
blade,0.110456,-0.007995794,-0.0244815,-0.860713,-0.0214874,0.35384,2.2501e-06
blade,0.114826,-0.007836193,-0.02434537,-0.82502,-0.0212192,0.35158,2.2498e-06
blade,0.119196,-0.007677611,-0.02420806,-0.78992,-0.0209565,0.34936,2.2496e-06
blade,0.123566,-0.007520042,-0.02406959,-0.755386,-0.0206984,0.34722,2.2497e-06
blade,0.127937,-0.007363478,-0.02392998,-0.721395,-0.0204443,0.34513,2.25e-06
blade,0.132307,-0.007207913,-0.02378926,-0.68793,-0.0201935,0.34307,2.2504e-06
blade,0.136677,-0.007053337,-0.02364746,-0.654977,-0.0199457,0.34094,2.2503e-06
blade,0.141047,-0.006899745,-0.02350459,-0.622525,-0.0197005,0.33881,2.2501e-06
blade,0.145417,-0.006747126,-0.02336068,-0.590565,-0.0194574,0.33673,2.2502e-06
blade,0.149787,-0.006595474,-0.02321575,-0.559089,-0.0192162,0.33458,2.2498e-06
blade,0.154158,-0.006444778,-0.02306983,-0.528093,-0.0189773,0.33251,2.2499e-06
blade,0.158528,-0.00629503,-0.02292293,-0.497568,-0.018741,0.33048,2.2503e-06
blade,0.162898,-0.006146221,-0.02277508,-0.467504,-0.0185073,0.32839,2.2501e-06
blade,0.167268,-0.005998341,-0.02262631,-0.437886,-0.0182762,0.32633,2.2501e-06
blade,0.171638,-0.005851379,-0.02247662,-0.408701,-0.0180473,0.32434,2.2505e-06
blade,0.176008,-0.005705327,-0.02232605,-0.37993,-0.0178192,0.32227,2.2504e-06
blade,0.180379,-0.005560173,-0.02217462,-0.351573,-0.01759,0.32017,2.2502e-06
blade,0.184749,-0.005415902,-0.02202234,-0.32364,-0.0173597,0.31802,2.2499e-06
blade,0.189119,-0.005272502,-0.02186924,-0.296137,-0.0171287,0.3159,2.2499e-06
blade,0.193489,-0.005129956,-0.02171535,-0.269074,-0.0168971,0.31377,2.2501e-06
blade,0.197859,-0.00498825,-0.02156068,-0.242456,-0.0166656,0.31162,2.2501e-06
blade,0.202229,-0.004847367,-0.02140526,-0.216286,-0.0164347,0.30949,2.2503e-06
blade,0.206600,-0.004707291,-0.02124912,-0.190564,-0.0162045,0.30729,2.2501e-06
blade,0.210970,-0.004568005,-0.02109226,-0.165288,-0.0159751,0.30507,2.2499e-06
blade,0.215340,-0.004429494,-0.02093473,-0.140459,-0.0157463,0.30291,2.2501e-06
blade,0.219710,-0.004291739,-0.02077653,-0.116081,-0.0155182,0.3007,2.2501e-06
blade,0.224080,-0.004154724,-0.02061769,-0.0921543,-0.0152911,0.29849,2.25e-06
blade,0.228451,-0.004018431,-0.02045823,-0.0686788,-0.0150653,0.2963,2.2502e-06
blade,0.232821,-0.003882841,-0.02029818,-0.0456534,-0.0148409,0.29404,2.2499e-06
blade,0.237191,-0.003747938,-0.02013754,-0.0230771,-0.0146176,0.2918,2.2498e-06
blade,0.241561,-0.003613702,-0.01997634,-0.000950546,-0.0143956,0.28963,2.2502e-06
blade,0.245931,-0.003480115,-0.01981461,0.0207245,-0.0141746,0.28742,2.2504e-06
blade,0.250301,-0.003347159,-0.01965236,0.0419444,-0.0139547,0.28516,2.2502e-06
blade,0.254672,-0.003214814,-0.01948961,0.0627031,-0.0137361,0.28288,2.2499e-06
blade,0.259042,-0.003083062,-0.01932638,0.0829915,-0.0135194,0.28062,2.2497e-06
blade,0.263412,-0.002951883,-0.01916269,0.102788,-0.0133077,0.27841,2.2497e-06
blade,0.267782,-0.002821262,-0.01899855,0.122108,-0.0131051,0.27631,2.2499e-06
blade,0.272152,-0.00269119,-0.01883397,0.141002,-0.0129115,0.27429,2.2501e-06
blade,0.276523,-0.002561663,-0.01866897,0.159497,-0.0127246,0.27227,2.2499e-06
blade,0.280893,-0.002432678,-0.01850354,0.177616,-0.0125436,0.27035,2.2501e-06
blade,0.285263,-0.00230423,-0.0183377,0.195378,-0.0123676,0.26845,2.2502e-06
blade,0.289633,-0.002176315,-0.01817145,0.212798,-0.0121963,0.26655,2.2499e-06
blade,0.294003,-0.00204893,-0.01800478,0.229891,-0.0120293,0.26473,2.2499e-06
blade,0.298374,-0.001922069,-0.01783772,0.246673,-0.0118661,0.26293,2.2499e-06
blade,0.302744,-0.001795728,-0.01767027,0.263156,-0.0117062,0.26118,2.2502e-06
blade,0.307114,-0.001669905,-0.01750242,0.279347,-0.0115489,0.25942,2.2502e-06
blade,0.311484,-0.001544593,-0.0173342,0.295253,-0.0113943,0.25764,2.2498e-06
blade,0.315854,-0.001419789,-0.01716559,0.310881,-0.0112423,0.25593,2.25e-06
blade,0.320224,-0.001295488,-0.01699662,0.326238,-0.0110929,0.25424,2.2502e-06
blade,0.324595,-0.001171686,-0.01682728,0.34133,-0.0109458,0.25257,2.2503e-06
blade,0.328965,-0.001048379,-0.01665758,0.356164,-0.0108011,0.25087,2.2501e-06
blade,0.333335,-0.0009255616,-0.01648752,0.370744,-0.0106584,0.24919,2.2499e-06
blade,0.337705,-0.0008032299,-0.01631712,0.385075,-0.0105179,0.24757,2.2502e-06
blade,0.342075,-0.0006813793,-0.01614637,0.399159,-0.0103793,0.24594,2.2502e-06
blade,0.346446,-0.0005600053,-0.01597528,0.413,-0.0102427,0.24428,2.2499e-06
blade,0.350816,-0.0004391032,-0.01580386,0.426592,-0.010109,0.24268,2.2499e-06
blade,0.355186,-0.0003186706,-0.0156321,0.439941,-0.00998027,0.24114,2.25e-06
blade,0.359556,-0.0001987107,-0.01546002,0.453073,-0.00985652,0.23965,2.2501e-06
blade,0.363926,-7.922936e-05,-0.0152876,0.466002,-0.00973666,0.23819,2.2501e-06
blade,0.368297,3.976689e-05,-0.01511485,0.478742,-0.00961996,0.23675,2.25e-06
blade,0.372667,0.0001582717,-0.01494176,0.491304,-0.00950587,0.23535,2.2501e-06
blade,0.377037,0.0002762785,-0.01476833,0.503694,-0.00939407,0.23395,2.25e-06
blade,0.381407,0.0003937809,-0.01459456,0.51592,-0.00928443,0.23258,2.2499e-06
blade,0.385777,0.0005107723,-0.01442045,0.52799,-0.00917678,0.23123,2.25e-06
blade,0.390148,0.0006272463,-0.01424599,0.53991,-0.00907085,0.22988,2.2499e-06
blade,0.394518,0.0007431963,-0.01407118,0.551686,-0.0089664,0.22856,2.2499e-06
blade,0.398888,0.0008586156,-0.01389601,0.563323,-0.0088633,0.22725,2.25e-06
blade,0.403258,0.0009734976,-0.0137205,0.574826,-0.00876143,0.22592,2.2499e-06
blade,0.407628,0.001087836,-0.01354463,0.586201,-0.00866056,0.22462,2.2499e-06
blade,0.411998,0.001201623,-0.01336841,0.597451,-0.00856043,0.22333,2.25e-06
blade,0.416369,0.001314854,-0.01319182,0.608581,-0.0084608,0.22203,2.2501e-06
blade,0.420739,0.00142752,-0.01301488,0.619591,-0.00836155,0.22073,2.2501e-06
blade,0.425109,0.001539616,-0.01283757,0.630483,-0.00826268,0.21941,2.25e-06
blade,0.429479,0.001651134,-0.0126599,0.641262,-0.0081642,0.21811,2.2501e-06
blade,0.433849,0.001762068,-0.01248186,0.651929,-0.00806596,0.21679,2.2501e-06
blade,0.438220,0.001872411,-0.01230346,0.662492,-0.00796738,0.21544,2.2499e-06
blade,0.442590,0.001982157,-0.01212469,0.67295,-0.00786745,0.21409,2.2499e-06
blade,0.446960,0.002091305,-0.01194555,0.683296,-0.00776599,0.21271,2.25e-06
blade,0.451330,0.002199854,-0.01176606,0.693527,-0.00766343,0.21131,2.2501e-06
blade,0.455700,0.002307805,-0.01158619,0.703637,-0.00756002,0.20988,2.2501e-06
blade,0.460071,0.002415158,-0.01140598,0.713627,-0.007456,0.20843,2.25e-06
blade,0.464441,0.002521914,-0.01122541,0.723493,-0.00735149,0.20696,2.25e-06
blade,0.468811,0.002628073,-0.01104448,0.733238,-0.00724649,0.20548,2.25e-06
blade,0.473181,0.002733636,-0.01086321,0.742858,-0.00714085,0.20398,2.2501e-06
blade,0.477551,0.002838602,-0.01068159,0.752355,-0.00703447,0.20245,2.25e-06
blade,0.481922,0.002942973,-0.01049963,0.761726,-0.00692728,0.20091,2.2501e-06
blade,0.486292,0.003046748,-0.01031733,0.770969,-0.00681925,0.19934,2.2501e-06
blade,0.490662,0.003149928,-0.01013469,0.780081,-0.00671038,0.19773,2.25e-06
blade,0.495032,0.003252514,-0.009951718,0.789061,-0.00660079,0.1961,2.2499e-06
blade,0.499402,0.003354505,-0.009768412,0.797905,-0.00649066,0.19445,2.2499e-06
blade,0.503772,0.003455903,-0.009584778,0.806614,-0.00638016,0.1928,2.2499e-06
blade,0.508143,0.003556707,-0.009400817,0.815185,-0.00626934,0.19112,2.25e-06
blade,0.512513,0.003656918,-0.009216532,0.823621,-0.00615819,0.18942,2.25e-06
blade,0.516883,0.003756536,-0.009031926,0.831919,-0.00604665,0.1877,2.2501e-06
blade,0.521253,0.003855561,-0.008847002,0.84008,-0.00593457,0.18596,2.2501e-06
blade,0.525623,0.003953995,-0.008661762,0.848102,-0.00582204,0.18417,2.25e-06
blade,0.529994,0.004051836,-0.008476208,0.855982,-0.00570953,0.18239,2.25e-06
blade,0.534364,0.004149079,-0.00829034,0.863725,-0.00559704,0.18059,2.25e-06
blade,0.538734,0.004245716,-0.008104156,0.871331,-0.00548426,0.17876,2.25e-06
blade,0.543104,0.004341739,-0.007917655,0.878801,-0.00537107,0.1769,2.2501e-06
blade,0.547474,0.00443714,-0.007730835,0.886135,-0.00525725,0.17501,2.25e-06
blade,0.551845,0.00453191,-0.007543694,0.893333,-0.00514255,0.1731,2.25e-06
blade,0.556215,0.004626042,-0.007356232,0.900394,-0.00502674,0.17114,2.25e-06
blade,0.560585,0.004719526,-0.007168445,0.907315,-0.00490976,0.16913,2.25e-06
blade,0.564955,0.004812354,-0.006980333,0.914094,-0.00479158,0.16708,2.25e-06
blade,0.569325,0.004904518,-0.006791895,0.92073,-0.00467212,0.16499,2.25e-06
blade,0.573695,0.004996009,-0.00660313,0.927219,-0.00455133,0.16284,2.25e-06
blade,0.578066,0.005086819,-0.006414036,0.93356,-0.00442922,0.16064,2.25e-06
blade,0.582436,0.00517694,-0.006224612,0.939749,-0.00430579,0.1584,2.2501e-06
blade,0.586806,0.005266362,-0.006034858,0.945784,-0.00418099,0.15608,2.2501e-06
blade,0.591176,0.005355078,-0.005844773,0.951664,-0.00405476,0.1537,2.25e-06
blade,0.595546,0.005443078,-0.005654355,0.957385,-0.00392692,0.15125,2.2499e-06
blade,0.599917,0.005530354,-0.005463604,0.962946,-0.00379733,0.14874,2.2499e-06
blade,0.604287,0.005616897,-0.005272519,0.968342,-0.00366579,0.14614,2.2499e-06
blade,0.608657,0.0057027,-0.005081101,0.973571,-0.00353211,0.14345,2.25e-06
blade,0.613027,0.005787752,-0.004889348,0.978626,-0.00339622,0.14067,2.25e-06
blade,0.617397,0.005872044,-0.00469726,0.983503,-0.00325837,0.13778,2.25e-06
blade,0.621768,0.005955558,-0.004504832,0.9882,-0.00311853,0.1348,2.2501e-06
blade,0.626138,0.006038271,-0.004312059,0.992711,-0.00297636,0.13169,2.25e-06
blade,0.630508,0.006120159,-0.004118934,0.997034,-0.00283167,0.12844,2.25e-06
blade,0.634878,0.006201197,-0.003925451,1.00116,-0.00268415,0.12505,2.25e-06
blade,0.639248,0.006281361,-0.003731604,1.00509,-0.00253342,0.12149,2.25e-06
blade,0.643618,0.006360626,-0.003537387,1.00882,-0.00237914,0.11774,2.2501e-06
blade,0.647989,0.006438967,-0.003342797,1.01232,-0.00222105,0.11376,2.2501e-06
blade,0.652359,0.00651636,-0.003147827,1.01561,-0.00205899,0.10953,2.25e-06
blade,0.656729,0.006592779,-0.002952473,1.01866,-0.00189287,0.10501,2.2499e-06
blade,0.661099,0.006668199,-0.002756732,1.02147,-0.00172255,0.10018,2.25e-06
blade,0.665469,0.006742593,-0.002560599,1.02402,-0.00154791,0.09497,2.2501e-06
blade,0.669840,0.006815938,-0.002364071,1.02632,-0.00136884,0.089305,2.25e-06
blade,0.674210,0.006888207,-0.002167144,1.02834,-0.00118513,0.083097,2.25e-06
blade,0.678580,0.006959373,-0.001969817,1.03007,-0.000996616,0.076202,2.25e-06
blade,0.682950,0.007029412,-0.001772086,1.03151,-0.00080321,0.068409,2.25e-06
blade,0.687320,0.007098296,-0.001573951,1.03264,-0.000604904,0.059365,2.25e-06
blade,0.691690,0.007166001,-0.001375409,1.03344,-0.000401636,0.048372,2.2499e-06
blade,0.696061,0.007232498,-0.00117646,1.03392,-0.000193216,0.033551,2.25e-06
blade,0.700431,0.007297763,-0.000977103,1.03404,2.07191e-05,0.010987,2.25e-06
blade,0.704801,0.007361767,-0.0007773381,1.0338,0.000239828,0.037382,2.2501e-06
blade,0.709171,0.007424485,-0.0005771653,1.03319,0.000464765,0.052037,2.25e-06
blade,0.713541,0.007485886,-0.0003765848,1.03218,0.000695607,0.06366,2.2499e-06
blade,0.717911,0.007545941,-0.0001755973,1.03077,0.000932427,0.073706,2.25e-06
blade,0.722282,0.00760462,2.579593e-05,1.02893,0.0011753,0.082749,2.25e-06
blade,0.726652,0.007661894,0.0002275933,1.02665,0.00142429,0.091093,2.2499e-06
blade,0.731022,0.007717733,0.0004297924,1.02391,0.00167955,0.09892,2.25e-06
blade,0.735392,0.007772106,0.0006323906,1.0207,0.00194121,0.10635,2.25e-06
blade,0.739762,0.007824983,0.0008353843,1.01699,0.00220946,0.11346,2.2501e-06
blade,0.744132,0.007876333,0.00103877,1.01278,0.00248436,0.1203,2.2499e-06
blade,0.748503,0.007926126,0.001242542,1.00803,0.002766,0.12693,2.2497e-06
blade,0.752873,0.00797433,0.001446695,1.00274,0.00305463,0.1334,2.2498e-06
blade,0.757243,0.008020914,0.001651224,0.996873,0.0033505,0.13972,2.25e-06
blade,0.761613,0.008065848,0.001856122,0.990418,0.00365377,0.14591,2.2501e-06
blade,0.765983,0.0081091,0.002061382,0.98335,0.00396445,0.15198,2.25e-06
blade,0.770353,0.008150639,0.002266995,0.975647,0.00428242,0.15795,2.2499e-06
blade,0.774723,0.008190433,0.002472953,0.967289,0.0046074,0.16384,2.25e-06
blade,0.779094,0.008228452,0.002679245,0.958258,0.00493931,0.16965,2.2502e-06
blade,0.783464,0.008264665,0.002885863,0.948532,0.0052785,0.17539,2.2503e-06
blade,0.787834,0.00829904,0.003092794,0.938087,0.00562495,0.18105,2.2502e-06
blade,0.792204,0.008331547,0.003300026,0.926903,0.00597789,0.18663,2.2501e-06
blade,0.796574,0.008362159,0.003507547,0.914968,0.00633748,0.19214,2.2499e-06
blade,0.800944,0.008390847,0.003715342,0.902254,0.00670426,0.19764,2.25e-06
blade,0.805314,0.008417585,0.003923398,0.88874,0.00707813,0.20308,2.2501e-06
blade,0.809684,0.008442348,0.004131697,0.874405,0.00745886,0.20845,2.2499e-06
blade,0.814055,0.008465107,0.004340225,0.859231,0.00784626,0.2138,2.2499e-06
blade,0.818425,0.008485835,0.004548965,0.843195,0.00824027,0.21909,2.2498e-06
blade,0.822795,0.008504503,0.004757898,0.826281,0.00864071,0.22434,2.2497e-06
blade,0.827165,0.008521084,0.004967008,0.808467,0.00904754,0.22959,2.25e-06
blade,0.831535,0.00853555,0.005176274,0.789736,0.00946085,0.23478,2.25e-06
blade,0.835905,0.00854787,0.005385678,0.770065,0.00988087,0.23992,2.2498e-06
blade,0.840275,0.008558018,0.005595198,0.749432,0.0103078,0.24505,2.2498e-06
blade,0.844645,0.008565962,0.005804813,0.727813,0.0107417,0.25015,2.2499e-06
blade,0.849016,0.008571675,0.006014501,0.705189,0.0111816,0.25523,2.2499e-06
blade,0.853386,0.008575127,0.006224238,0.681546,0.0116265,0.26027,2.25e-06
blade,0.857756,0.008576287,0.006434,0.656877,0.0120756,0.26526,2.2501e-06
blade,0.862126,0.008575129,0.006643762,0.631175,0.0125282,0.27017,2.25e-06
blade,0.866496,0.008571621,0.006853497,0.604436,0.0129836,0.27503,2.2499e-06
blade,0.870866,0.008565736,0.00706318,0.576657,0.0134407,0.27983,2.25e-06
blade,0.875236,0.008557445,0.007272781,0.547846,0.0138983,0.28454,2.2498e-06
blade,0.879606,0.008546719,0.007482271,0.518014,0.014354,0.28919,2.25e-06
blade,0.883976,0.008533541,0.007691621,0.487194,0.0148091,0.29377,2.2503e-06
blade,0.888347,0.008517905,0.007900802,0.455362,0.0152671,0.29826,2.2501e-06
blade,0.892717,0.008499806,0.008109785,0.422494,0.0157287,0.30274,2.2501e-06
blade,0.897087,0.008479238,0.008318538,0.388576,0.0161937,0.30715,2.2499e-06
blade,0.901457,0.008456198,0.008527034,0.3536,0.0166616,0.31154,2.2498e-06
blade,0.905827,0.008430682,0.008735241,0.317554,0.0171329,0.31592,2.2498e-06
blade,0.910197,0.008402683,0.008943128,0.280424,0.0176079,0.32028,2.2499e-06
blade,0.914567,0.008372199,0.009150666,0.242196,0.0180861,0.32463,2.2501e-06
blade,0.918937,0.008339226,0.009357822,0.202863,0.0185669,0.32893,2.2502e-06
blade,0.923307,0.008303759,0.009564566,0.162422,0.0190499,0.33317,2.2501e-06
blade,0.927677,0.008265794,0.009770866,0.120868,0.0195354,0.33736,2.2499e-06
blade,0.932047,0.008225328,0.009976691,0.0781876,0.0200243,0.34154,2.2499e-06
blade,0.936418,0.008182358,0.01018201,0.034366,0.0205167,0.34572,2.2499e-06
blade,0.940788,0.008136879,0.01038678,-0.0106139,0.0210131,0.3499,2.25e-06
blade,0.945158,0.00808889,0.01059098,-0.0567662,0.021513,0.35404,2.2501e-06
blade,0.949528,0.008038389,0.01079458,-0.1041,0.0220162,0.35815,2.25e-06
blade,0.953898,0.007985371,0.01099753,-0.152625,0.0225233,0.36224,2.2499e-06
blade,0.958268,0.007929836,0.01119981,-0.202367,0.0230365,0.36634,2.2499e-06
blade,0.962638,0.007871781,0.01140138,-0.253367,0.0235578,0.37046,2.2499e-06
blade,0.967008,0.007811206,0.01160221,-0.305677,0.0240903,0.37463,2.2499e-06
blade,0.971378,0.007748102,0.01180225,-0.359374,0.0246314,0.37881,2.2499e-06
blade,0.975748,0.007682452,0.01200148,-0.414439,0.0251745,0.38295,2.2498e-06
blade,0.980118,0.007614238,0.01219984,-0.470827,0.0257168,0.38707,2.2499e-06
blade,0.984488,0.007543441,0.0123973,-0.528519,0.0262581,0.39115,2.2501e-06
blade,0.988858,0.007470042,0.0125938,-0.587498,0.0267978,0.39514,2.25e-06
blade,0.993229,0.007394022,0.0127893,-0.647742,0.0273347,0.39908,2.25e-06
blade,0.997599,0.007315361,0.01298376,-0.709217,0.027867,0.40294,2.25e-06
blade,1.001969,0.007234041,0.01317712,-0.771882,0.0283933,0.40672,2.2499e-06
blade,1.006339,0.007150043,0.01336933,-0.835691,0.0289116,0.41042,2.25e-06
blade,1.010709,0.007063348,0.01356033,-0.90058,0.0294192,0.414,2.2499e-06
blade,1.015079,0.006973938,0.01375009,-0.966472,0.0299139,0.41744,2.2498e-06
blade,1.019449,0.006881795,0.01393853,-1.03329,0.0303941,0.4208,2.2499e-06
blade,1.023819,0.006786904,0.0141256,-1.10094,0.0308575,0.42403,2.2501e-06
blade,1.028189,0.006689247,0.01431124,-1.16932,0.0313008,0.42706,2.2501e-06
blade,1.032559,0.00658881,0.01449539,-1.23831,0.0317202,0.42989,2.25e-06
blade,1.036929,0.006485578,0.014678,-1.30776,0.0321118,0.43251,2.2498e-06
blade,1.041299,0.00637954,0.01485898,-1.37751,0.0324705,0.43492,2.2499e-06
blade,1.045669,0.006270684,0.01503828,-1.44735,0.0327896,0.43707,2.25e-06
blade,1.050039,0.006159001,0.01521584,-1.51705,0.0330571,0.43885,2.2499e-06
blade,1.054409,0.006044483,0.01539158,-1.58621,0.0332575,0.44017,2.2499e-06
blade,1.058779,0.005927143,0.01556545,-1.6544,0.0334043,0.44112,2.2498e-06
blade,1.063149,0.005807014,0.01573741,-1.7217,0.0335266,0.44193,2.2498e-06
blade,1.067519,0.005684139,0.01590741,-1.7882,0.0336371,0.44266,2.2498e-06
blade,1.071889,0.00555856,0.01607543,-1.85402,0.0337376,0.44331,2.2497e-06
blade,1.076259,0.005430317,0.01624142,-1.91914,0.0338238,0.44394,2.2501e-06
blade,1.080629,0.005299452,0.01640535,-1.9835,0.0338959,0.44442,2.2501e-06
blade,1.084999,0.005166005,0.01656719,-2.04714,0.0339564,0.44477,2.2499e-06
blade,1.089369,0.005030016,0.0167269,-2.11004,0.0340034,0.44507,2.2499e-06
blade,1.093739,0.004891526,0.01688444,-2.17215,0.0340337,0.44526,2.2498e-06
blade,1.098109,0.004750574,0.01703979,-2.23341,0.0340476,0.4454,2.25e-06
blade,1.102479,0.0046072,0.0171929,-2.29379,0.0340466,0.44542,2.2502e-06
blade,1.106849,0.004461442,0.01734374,-2.35327,0.0340307,0.44528,2.25e-06
blade,1.111219,0.00431334,0.01749229,-2.41181,0.0339991,0.44505,2.2499e-06
blade,1.115589,0.004162931,0.0176385,-2.46936,0.033949,0.44474,2.25e-06
blade,1.119959,0.004010255,0.01778233,-2.52584,0.0338772,0.44435,2.2504e-06
blade,1.124329,0.003855349,0.01792377,-2.58116,0.0337826,0.44367,2.2501e-06
blade,1.128699,0.003698251,0.01806277,-2.63523,0.0336652,0.44283,2.2497e-06
blade,1.133069,0.003539,0.01819929,-2.688,0.0335244,0.44189,2.2497e-06
blade,1.137439,0.003377633,0.01833331,-2.73939,0.0333569,0.44084,2.25e-06
blade,1.141809,0.003214188,0.01846478,-2.78926,0.033156,0.43954,2.2501e-06
blade,1.146179,0.003048704,0.01859368,-2.83744,0.0329204,0.43794,2.25e-06
blade,1.150549,0.002881226,0.01871997,-2.88384,0.0326565,0.43623,2.2502e-06
blade,1.154919,0.002711796,0.01884364,-2.92845,0.0323685,0.43434,2.2504e-06
blade,1.159289,0.002540459,0.01896465,-2.97123,0.0320562,0.43221,2.2502e-06
blade,1.163659,0.002367258,0.01908298,-3.01213,0.0317188,0.4299,2.2501e-06
blade,1.168030,0.002192238,0.01919859,-3.05108,0.0313551,0.42748,2.2503e-06
blade,1.172400,0.002015442,0.01931148,-3.08802,0.0309642,0.42477,2.2501e-06
blade,1.176770,0.001836912,0.0194216,-3.12289,0.0305443,0.42177,2.2496e-06
blade,1.181140,0.001656694,0.01952894,-3.1556,0.0300932,0.41869,2.2498e-06
blade,1.185510,0.00147483,0.01963346,-3.18608,0.0296084,0.41535,2.2501e-06
blade,1.189880,0.001291364,0.01973515,-3.21421,0.0290864,0.41164,2.2499e-06
blade,1.194250,0.00110634,0.01983397,-3.23988,0.0285235,0.40769,2.2501e-06
blade,1.198620,0.0009198009,0.0199299,-3.26296,0.0279163,0.4033,2.25e-06
blade,1.202990,0.0007317908,0.02002291,-3.28334,0.0272627,0.39844,2.2494e-06
blade,1.207360,0.0005423538,0.02011299,-3.3009,0.0265611,0.39333,2.2497e-06
blade,1.211730,0.0003515338,0.02020009,-3.31554,0.0258083,0.38776,2.25e-06
blade,1.216100,0.0001593756,0.02028421,-3.32714,0.0250006,0.38163,2.2498e-06
blade,1.220470,-3.407645e-05,0.0203653,-3.3356,0.0241351,0.37494,2.2497e-06
blade,1.224840,-0.0002287772,0.02044334,-3.34082,0.0232098,0.36767,2.2496e-06
blade,1.229210,-0.0004246812,0.02051832,-3.3427,0.0222237,0.35983,2.2499e-06
blade,1.233580,-0.000621743,0.0205902,-3.34122,0.021177,0.35124,2.2499e-06
blade,1.237950,-0.0008199163,0.02065895,-3.33633,0.0200715,0.34195,2.2499e-06
blade,1.242320,-0.001019155,0.02072455,-3.32807,0.0189119,0.33199,2.2503e-06
blade,1.246690,-0.001219412,0.02078697,-3.31649,0.0177046,0.32116,2.2499e-06
blade,1.251060,-0.00142064,0.02084619,-3.30171,0.0164576,0.30959,2.2495e-06
blade,1.255430,-0.001622792,0.02090217,-3.28384,0.0151782,0.29733,2.2496e-06
blade,1.259800,-0.001825819,0.02095489,-3.26303,0.0138723,0.28422,2.2494e-06
blade,1.264170,-0.002029672,0.02100432,-3.23935,0.0125472,0.27033,2.2496e-06
blade,1.268540,-0.002234302,0.02105043,-3.21285,0.0112177,0.25564,2.2499e-06
blade,1.272910,-0.002439657,0.02109319,-3.18363,0.00990821,0.24025,2.2499e-06
blade,1.277280,-0.002645687,0.02113257,-3.15186,0.00863983,0.22435,2.2499e-06
blade,1.281650,-0.00285234,0.02116854,-3.11786,0.00742526,0.208,2.25e-06
blade,1.286020,-0.003059561,0.02120108,-3.08193,0.00627043,0.19112,2.2498e-06
blade,1.290390,-0.003267297,0.02123014,-3.04444,0.00517946,0.17366,2.2492e-06
blade,1.294760,-0.003475492,0.02125571,-3.00575,0.00415551,0.15555,2.2493e-06
blade,1.299130,-0.003684091,0.02127775,-2.96627,0.00320043,0.13655,2.2499e-06
blade,1.303500,-0.003893034,0.02129624,-2.92637,0.00231453,0.11614,2.2502e-06
blade,1.307870,-0.004102263,0.02131114,-2.88644,0.00149847,0.093429,2.2498e-06
blade,1.312240,-0.004311718,0.02132243,-2.84684,0.000753561,0.066248,2.2496e-06
blade,1.316610,-0.004521338,0.02133007,-2.8079,7.88602e-05,0.021435,2.25e-06
blade,1.320980,-0.004731058,0.02133406,-2.76992,-0.000526577,0.055383,2.2497e-06
blade,1.325350,-0.004940817,0.02133439,-2.73316,-0.00105605,0.078428,2.2497e-06
blade,1.329720,-0.005150549,0.02133106,-2.69789,-0.00150802,0.093747,2.2503e-06
blade,1.334090,-0.005360192,0.02132408,-2.66431,-0.00188744,0.10487,2.2502e-06
blade,1.338460,-0.005569682,0.02131347,-2.63253,-0.00220077,0.11323,2.2498e-06
blade,1.342830,-0.005778956,0.02129921,-2.60259,-0.00245459,0.11957,2.2497e-06
blade,1.347200,-0.005987952,0.02128133,-2.5745,-0.0026568,0.1244,2.2498e-06
blade,1.351570,-0.006196605,0.02125982,-2.54822,-0.00281437,0.12805,2.25e-06
blade,1.355940,-0.006404852,0.02123468,-2.5237,-0.00293476,0.13077,2.2501e-06
blade,1.360310,-0.006612632,0.02120594,-2.50089,-0.00302484,0.13274,2.2498e-06
blade,1.364680,-0.006819879,0.02117357,-2.47969,-0.00309076,0.13418,2.2498e-06
blade,1.369049,-0.007026531,0.0211376,-2.46004,-0.0031336,0.13512,2.2501e-06
blade,1.373419,-0.007232522,0.02109803,-2.44185,-0.00315311,0.13554,2.2501e-06
blade,1.377789,-0.007437788,0.02105485,-2.42509,-0.00314908,0.13544,2.2498e-06
blade,1.382159,-0.007642264,0.02100807,-2.40968,-0.00312101,0.13483,2.2498e-06
blade,1.386529,-0.007845883,0.02095769,-2.39561,-0.00307433,0.13381,2.2495e-06
blade,1.390899,-0.00804858,0.02090372,-2.38282,-0.00301745,0.13256,2.2495e-06
blade,1.395269,-0.008250285,0.02084616,-2.37122,-0.00295708,0.13125,2.2498e-06
blade,1.399639,-0.008450932,0.02078501,-2.36068,-0.00289007,0.12976,2.2499e-06
blade,1.404009,-0.008650451,0.02072027,-2.35115,-0.00280353,0.12779,2.2498e-06
blade,1.408379,-0.008848776,0.02065196,-2.34266,-0.00269258,0.12524,2.2499e-06
blade,1.412749,-0.009045849,0.02058013,-2.33521,-0.00256328,0.12221,2.2501e-06
blade,1.417119,-0.00924162,0.02050481,-2.32893,-0.00242367,0.11883,2.2499e-06
blade,1.421489,-0.009436041,0.02042607,-2.32393,-0.00229639,0.11566,2.2497e-06
blade,1.425859,-0.009629065,0.02034397,-2.32012,-0.0022097,0.11345,2.2496e-06
blade,1.430229,-0.009820648,0.02025857,-2.31751,-0.00215315,0.112,2.25e-06
blade,1.434599,-0.01001075,0.0201699,-2.31653,-0.00208827,0.11031,2.2502e-06
blade,1.438969,-0.01019932,0.02007804,-2.31789,-0.00204404,0.10913,2.2499e-06
blade,1.443339,-0.01038634,0.01998304,-2.32185,-0.00219357,0.11306,2.2502e-06
blade,1.447709,-0.01057174,0.01988494,-2.32737,-0.00271203,0.1257,2.25e-06
blade,1.452079,-0.01075551,0.01978381,-2.33323,-0.00359714,0.14477,2.2501e-06
blade,1.456449,-0.01093761,0.01967969,-2.33836,-0.00473697,0.16613,2.25e-06
blade,1.460819,-0.01111799,0.01957263,-2.34216,-0.0060124,0.18713,2.2496e-06
blade,1.465189,-0.01129663,0.01946269,-2.34647,-0.00734957,0.2069,2.2497e-06
blade,1.469559,-0.0114735,0.01934991,-2.35798,-0.00875861,0.22591,2.2501e-06
blade,1.473794,-0.01164319,0.01923801,-2.38882,-0.0100379,0.24186,2.2502e-06
blade,1.477609,-0.01179461,0.01913504,-2.44673,-0.0107713,0.2505,2.2499e-06
blade,1.480894,-0.01192384,0.01904471,-2.50799,-0.0103623,0.2457,2.2499e-06
blade,1.483721,-0.01203423,0.01896573,-2.51536,-0.00839656,0.22118,2.25e-06
blade,1.486155,-0.01212861,0.01889686,-2.38723,-0.0066897,0.19742,2.25e-06
blade,1.488251,-0.01220938,0.01883691,-1.95452,-0.00578579,0.18359,2.2498e-06
blade,1.490055,-0.01227856,0.01878483,-1.23111,0.00894403,0.22827,2.25e-06
blade,1.491608,-0.01233784,0.01873963,-0.740166,-0.023727,0.3416,2.0672e-06
blade,1.492611,-0.01234461,0.01869194,-0.292383,-0.00929649,0.21434,2.0722e-06
blade,1.494128,-0.01230017,0.01863431,-1.15113,-0.00120323,0.083717,2.2497e-06
blade,1.495884,-0.01224871,0.01856756,-1.89905,-0.00963185,0.23686,2.2497e-06
blade,1.497917,-0.01218911,0.01849027,-2.37862,-0.00974302,0.23826,2.25e-06
blade,1.500224,-0.01212149,0.01840257,-2.54845,-0.0141223,0.28685,2.25e-06
blade,1.502663,-0.01205001,0.01830986,-2.59654,-0.0184411,0.32781,2.2502e-06
blade,1.505109,-0.01197832,0.01821688,-2.60703,-0.0254445,0.38509,2.2504e-06
blade,1.507555,-0.01190663,0.01812391,-2.62414,-0.0344001,0.44773,2.2502e-06
blade,1.510001,-0.01183494,0.01803093,-2.66175,-0.0453342,0.51394,2.25e-06
blade,1.512447,-0.01176325,0.01793795,-2.72108,-0.0579221,0.58085,2.2497e-06
blade,1.514893,-0.01169155,0.01784497,-2.79583,-0.0718001,0.64675,2.2499e-06
blade,1.517339,-0.01161986,0.01775199,-2.82218,-0.0855135,0.70588,2.2501e-06
blade,1.519785,-0.01154817,0.01765901,-2.58379,-0.0959269,0.74756,2.2499e-06
blade,1.522224,-0.01147669,0.0175663,-1.59216,-0.101607,0.76931,2.2497e-06
blade,1.524531,-0.01140907,0.01747861,1.13013,-0.102785,0.77376,2.2497e-06
blade,1.526564,-0.01134947,0.01740131,6.30116,-0.104573,0.78046,2.2497e-06
blade,1.528320,-0.01129801,0.01733457,12.4261,-0.0971459,0.75224,2.2497e-06
blade,1.529836,-0.01125357,0.01727693,17.0754,-0.0672589,0.57648,2.072e-06
blade,1.530844,-0.01120555,0.01727125,16.9193,0.0775474,0.61919,2.0727e-06
blade,1.532400,-0.0111461,0.01731649,11.9268,0.0805528,0.68513,2.2502e-06
blade,1.534209,-0.01107665,0.01736859,5.96578,0.0429132,0.5,2.2499e-06
blade,1.536310,-0.01099547,0.01742846,1.425,0.054313,0.56241,2.2495e-06
blade,1.538752,-0.01090049,0.01749715,-0.76236,0.0562278,0.57231,2.2498e-06
blade,1.541590,-0.01078925,0.01757575,-1.61205,0.0604569,0.59359,2.2503e-06
blade,1.544887,-0.01065884,0.01766542,-1.83911,0.0584551,0.58369,2.2504e-06
blade,1.548717,-0.01050581,0.0177673,-1.83391,0.0502677,0.54128,2.2504e-06
blade,1.552964,-0.01033425,0.01787744,-1.78327,0.0406427,0.48663,2.2501e-06
blade,1.557343,-0.01015537,0.01798777,-1.74089,0.0322169,0.43315,2.2495e-06
blade,1.561721,-0.009974442,0.01809472,-1.71067,0.0256489,0.38654,2.2498e-06
blade,1.566100,-0.009791522,0.01819822,-1.68469,0.0203986,0.34476,2.2501e-06
blade,1.570479,-0.009606651,0.01829819,-1.65919,0.0162759,0.30794,2.25e-06
blade,1.574857,-0.009419875,0.01839456,-1.63489,0.0130197,0.2754,2.2498e-06
blade,1.579236,-0.009231244,0.01848725,-1.61387,0.0106372,0.24892,2.2497e-06
blade,1.583614,-0.009040809,0.01857616,-1.59432,0.00873158,0.22553,2.2498e-06
blade,1.587993,-0.008848623,0.01866123,-1.57863,0.00735125,0.20695,2.25e-06
blade,1.592371,-0.008654743,0.01874236,-1.56487,0.00625245,0.19085,2.2498e-06
blade,1.596750,-0.00845923,0.01881947,-1.55384,0.00541537,0.17762,2.2499e-06
blade,1.601129,-0.008262146,0.01889247,-1.54388,0.00470102,0.16548,2.2497e-06
blade,1.605507,-0.008063558,0.01896127,-1.53537,0.00411137,0.15473,2.2495e-06
blade,1.609886,-0.007863547,0.01902582,-1.52787,0.00361214,0.14507,2.25e-06
blade,1.614264,-0.007662205,0.01908609,-1.52159,0.00320856,0.13674,2.2503e-06
blade,1.618643,-0.007459632,0.01914208,-1.51632,0.00286573,0.12923,2.2502e-06
blade,1.623021,-0.007255924,0.0191938,-1.51175,0.00256266,0.12218,2.2498e-06
blade,1.627400,-0.007051178,0.01924124,-1.50777,0.00229112,0.11551,2.2494e-06
blade,1.631778,-0.006845488,0.0192844,-1.5042,0.0020527,0.10934,2.2496e-06
blade,1.636157,-0.006638946,0.01932328,-1.50105,0.00183952,0.10352,2.2498e-06
blade,1.640535,-0.006431642,0.01935787,-1.49821,0.00165326,0.098127,2.2496e-06
blade,1.644914,-0.00622367,0.01938818,-1.49574,0.00148374,0.092971,2.2499e-06
blade,1.649292,-0.006015117,0.01941421,-1.49347,0.00132595,0.087902,2.2502e-06
blade,1.653671,-0.005806073,0.01943593,-1.49144,0.00117249,0.082637,2.2496e-06
blade,1.658049,-0.005596626,0.01945336,-1.48951,0.00102122,0.077119,2.2495e-06
blade,1.662428,-0.005386866,0.01946648,-1.48769,0.000873276,0.071326,2.2499e-06
blade,1.666807,-0.005176881,0.01947529,-1.48588,0.000729297,0.065193,2.2503e-06
blade,1.671185,-0.004966758,0.01947976,-1.48415,0.000589472,0.05861,2.2502e-06
blade,1.675564,-0.004756588,0.01947991,-1.48242,0.000454073,0.051428,2.2497e-06
blade,1.679942,-0.00454646,0.01947571,-1.48077,0.000322753,0.043359,2.2497e-06
blade,1.684321,-0.004336464,0.01946717,-1.47914,0.000196297,0.033821,2.2502e-06
blade,1.688699,-0.004126687,0.01945432,-1.47755,7.25018e-05,0.020555,2.2502e-06
blade,1.693078,-0.003917213,0.01943722,-1.476,-4.5966e-05,0.016366,2.2502e-06
blade,1.697456,-0.003708127,0.01941589,-1.47447,-0.000159486,0.030485,2.2501e-06
blade,1.701835,-0.003499507,0.0193904,-1.47299,-0.00026794,0.03951,2.2499e-06
blade,1.706214,-0.003291432,0.01936079,-1.47154,-0.000371398,0.04652,2.2501e-06
blade,1.710592,-0.003083979,0.0193271,-1.47014,-0.000472051,0.052448,2.2502e-06
blade,1.714971,-0.002877219,0.01928938,-1.46876,-0.000570687,0.057665,2.2501e-06
blade,1.719349,-0.002671227,0.01924768,-1.46742,-0.00066671,0.062321,2.2499e-06
blade,1.723728,-0.002466071,0.01920203,-1.4661,-0.00075793,0.066435,2.2494e-06
blade,1.728106,-0.00226182,0.01915249,-1.46482,-0.000842612,0.070057,2.2497e-06
blade,1.732485,-0.002058543,0.0190991,-1.46359,-0.000919183,0.073188,2.2502e-06
blade,1.736864,-0.001856304,0.0190419,-1.46243,-0.000988729,0.0759,2.25e-06
blade,1.741242,-0.00165517,0.01898093,-1.4613,-0.00105393,0.078349,2.2496e-06
blade,1.745621,-0.001455202,0.01891623,-1.4602,-0.00111607,0.080618,2.2494e-06
blade,1.749999,-0.001256466,0.01884785,-1.45912,-0.00117517,0.082741,2.2499e-06
blade,1.754378,-0.001059022,0.01877581,-1.45806,-0.0012306,0.084677,2.2501e-06
blade,1.758757,-0.0008629341,0.01870017,-1.45702,-0.00128156,0.086411,2.25e-06
blade,1.763135,-0.0006682622,0.01862095,-1.45602,-0.00132874,0.087992,2.2501e-06
blade,1.767514,-0.0004750674,0.01853819,-1.45506,-0.00137309,0.089442,2.25e-06
blade,1.771892,-0.0002834099,0.01845194,-1.45415,-0.00141572,0.090803,2.2496e-06
blade,1.776271,-9.334968e-05,0.01836221,-1.4533,-0.00145628,0.092085,2.2493e-06
blade,1.780650,9.505398e-05,0.01826906,-1.45251,-0.00149385,0.093279,2.2496e-06
blade,1.785028,0.0002817419,0.01817252,-1.45178,-0.0015275,0.094325,2.2497e-06
blade,1.789407,0.0004666551,0.01807262,-1.45112,-0.001557,0.09524,2.2499e-06
blade,1.793786,0.0006497348,0.0179694,-1.45055,-0.00158289,0.096043,2.2502e-06
blade,1.798164,0.0008309222,0.01786289,-1.45007,-0.00160567,0.096717,2.2499e-06
blade,1.802543,0.001010158,0.01775313,-1.44967,-0.00162544,0.097303,2.2497e-06
blade,1.806921,0.001187385,0.01764016,-1.44936,-0.00164119,0.097771,2.2497e-06
blade,1.811300,0.001362542,0.017524,-1.44912,-0.00165423,0.098163,2.2498e-06
blade,1.815679,0.001535571,0.01740469,-1.44893,-0.00166611,0.098525,2.25e-06
blade,1.820057,0.001706412,0.01728227,-1.44876,-0.00167239,0.098711,2.25e-06
blade,1.824436,0.001875005,0.01715678,-1.4486,-0.0016657,0.098519,2.2501e-06
blade,1.828814,0.002041291,0.01702824,-1.44851,-0.00164723,0.097983,2.2504e-06
blade,1.833193,0.002205209,0.0168967,-1.44858,-0.0016286,0.097428,2.2504e-06
blade,1.837572,0.002366706,0.01676219,-1.44875,-0.00161757,0.097086,2.2501e-06
blade,1.841950,0.002525731,0.01662477,-1.44898,-0.00161253,0.096924,2.2499e-06
blade,1.846329,0.002682232,0.01648449,-1.44927,-0.00161011,0.09686,2.2501e-06
blade,1.850707,0.002836157,0.01634138,-1.44959,-0.00160796,0.096808,2.2504e-06
blade,1.855086,0.002987457,0.0161955,-1.44994,-0.00160587,0.096744,2.2504e-06
blade,1.859465,0.003136077,0.01604689,-1.45031,-0.00160359,0.096663,2.2501e-06
blade,1.863843,0.003281966,0.0158956,-1.45071,-0.00160133,0.096586,2.2499e-06
blade,1.868222,0.00342507,0.01574167,-1.45113,-0.00159841,0.096507,2.2501e-06
blade,1.872601,0.003565335,0.01558515,-1.45156,-0.00159513,0.096408,2.2501e-06
blade,1.876979,0.003702707,0.01542608,-1.45202,-0.00159105,0.096273,2.2498e-06
blade,1.881358,0.00383713,0.01526452,-1.4525,-0.00158676,0.096142,2.2498e-06
blade,1.885736,0.003968548,0.0151005,-1.453,-0.00158215,0.096005,2.2499e-06
blade,1.890115,0.004096905,0.01493408,-1.45353,-0.00157744,0.095864,2.2499e-06
blade,1.894494,0.004222142,0.01476529,-1.45408,-0.00157259,0.095716,2.2499e-06
blade,1.898872,0.004344201,0.01459419,-1.45467,-0.00156808,0.095579,2.2499e-06
blade,1.903251,0.004463022,0.01442083,-1.45529,-0.00156406,0.095459,2.25e-06
blade,1.907629,0.004578552,0.01424526,-1.45595,-0.001563,0.095426,2.25e-06
blade,1.912008,0.004690768,0.01406755,-1.45663,-0.00156594,0.09551,2.2498e-06
blade,1.916387,0.004799683,0.0138878,-1.45732,-0.00157138,0.09568,2.2499e-06
blade,1.920765,0.004905317,0.0137061,-1.45804,-0.00157923,0.095926,2.2501e-06
blade,1.925144,0.005007694,0.01352255,-1.45876,-0.00158883,0.096212,2.25e-06
blade,1.929522,0.00510684,0.01333723,-1.45948,-0.00160004,0.096553,2.25e-06
blade,1.933901,0.005202781,0.01315023,-1.46021,-0.00161279,0.096942,2.2501e-06
blade,1.938280,0.005295546,0.01296164,-1.46094,-0.00162649,0.097346,2.25e-06
blade,1.942658,0.005385163,0.01277152,-1.46167,-0.00164128,0.097779,2.2498e-06
blade,1.947037,0.005471664,0.01257997,-1.4624,-0.00165673,0.098247,2.25e-06
blade,1.951416,0.005555077,0.01238706,-1.46312,-0.00167305,0.098729,2.25e-06
blade,1.955794,0.005635435,0.01219285,-1.46384,-0.00168973,0.099212,2.2498e-06
blade,1.960173,0.005712768,0.01199742,-1.46455,-0.00170692,0.099724,2.25e-06
blade,1.964552,0.005787106,0.01180083,-1.46525,-0.00172431,0.10023,2.25e-06
blade,1.968930,0.00585848,0.01160314,-1.46595,-0.00174207,0.10074,2.2499e-06
blade,1.973309,0.005926921,0.01140442,-1.46664,-0.00175975,0.10125,2.2499e-06
blade,1.977688,0.005992456,0.01120472,-1.46732,-0.00177752,0.10176,2.2499e-06
blade,1.982067,0.006055115,0.0110041,-1.468,-0.00179498,0.10226,2.2499e-06
blade,1.986445,0.00611492,0.01080261,-1.46866,-0.00181132,0.10272,2.2499e-06
blade,1.990824,0.006171881,0.0106003,-1.46933,-0.00182669,0.10316,2.25e-06
blade,1.995203,0.006226001,0.01039721,-1.46999,-0.00184151,0.10358,2.25e-06
blade,1.999581,0.006277283,0.01019338,-1.47064,-0.0018555,0.10397,2.2499e-06
blade,2.003960,0.006325733,0.009988863,-1.4713,-0.00186885,0.10434,2.2498e-06
blade,2.008339,0.006371356,0.009783696,-1.47195,-0.00188158,0.1047,2.25e-06
blade,2.012717,0.006414155,0.009577922,-1.4726,-0.00189372,0.10504,2.25e-06
blade,2.017096,0.006454138,0.009371581,-1.47326,-0.00190518,0.10535,2.2499e-06
blade,2.021475,0.006491309,0.009164716,-1.47392,-0.00191611,0.10565,2.2499e-06
blade,2.025854,0.006525675,0.008957366,-1.47459,-0.00192657,0.10594,2.2498e-06
blade,2.030232,0.006557242,0.008749571,-1.47527,-0.00193663,0.10622,2.25e-06
blade,2.034611,0.006586016,0.008541372,-1.47595,-0.00194645,0.10649,2.25e-06
blade,2.038990,0.006612004,0.008332806,-1.47664,-0.00195584,0.10675,2.2501e-06
blade,2.043369,0.006635213,0.008123912,-1.47735,-0.00196498,0.107,2.25e-06
blade,2.047747,0.006655648,0.007914729,-1.47807,-0.0019737,0.10723,2.2499e-06
blade,2.052126,0.006673318,0.007705295,-1.4788,-0.00198224,0.10746,2.2499e-06
blade,2.056505,0.006688229,0.007495645,-1.47956,-0.00199067,0.10769,2.25e-06
blade,2.060883,0.006700388,0.007285818,-1.48034,-0.00199989,0.10794,2.25e-06
blade,2.065262,0.006709812,0.007075851,-1.48113,-0.00201068,0.10823,2.2499e-06
blade,2.069641,0.006716532,0.006865779,-1.48195,-0.00202309,0.10856,2.2499e-06
blade,2.074020,0.006720589,0.006655639,-1.48277,-0.0020363,0.10892,2.25e-06
blade,2.078398,0.006722022,0.006445464,-1.48361,-0.0020504,0.1093,2.25e-06
blade,2.082777,0.006720872,0.006235288,-1.48445,-0.00206493,0.10968,2.2499e-06
blade,2.087156,0.006717178,0.00602514,-1.4853,-0.0020796,0.11007,2.25e-06
blade,2.091535,0.006710981,0.005815052,-1.48615,-0.00209423,0.11046,2.25e-06
blade,2.095913,0.00670232,0.00560505,-1.48701,-0.00210864,0.11083,2.2499e-06
blade,2.100292,0.006691234,0.005395162,-1.48788,-0.00212323,0.11122,2.25e-06
blade,2.104671,0.006677762,0.005185414,-1.48875,-0.00213768,0.1116,2.25e-06
blade,2.109050,0.006661942,0.00497583,-1.48962,-0.00215238,0.11198,2.25e-06
blade,2.113428,0.006643813,0.004766432,-1.4905,-0.002167,0.11236,2.25e-06
blade,2.117807,0.006623411,0.004557244,-1.49139,-0.00218182,0.11274,2.2499e-06
blade,2.122186,0.006600774,0.004348285,-1.49228,-0.00219664,0.11313,2.2499e-06
blade,2.126565,0.006575937,0.004139577,-1.49318,-0.00221127,0.11351,2.25e-06
blade,2.130943,0.006548936,0.003931137,-1.49409,-0.00222594,0.11389,2.2501e-06
blade,2.135322,0.006519807,0.003722984,-1.495,-0.00224041,0.11425,2.25e-06
blade,2.139701,0.006488582,0.003515135,-1.49592,-0.00225475,0.11461,2.2498e-06
blade,2.144080,0.006455297,0.003307606,-1.49685,-0.0022691,0.11497,2.2499e-06
blade,2.148459,0.006419989,0.003100411,-1.49778,-0.00228322,0.11533,2.2499e-06
blade,2.152837,0.006382697,0.002893564,-1.49871,-0.00229728,0.11568,2.2499e-06
blade,2.157216,0.006343462,0.002687077,-1.49965,-0.00231099,0.11603,2.2499e-06
blade,2.161595,0.006302322,0.00248096,-1.50059,-0.00232435,0.11637,2.25e-06
blade,2.165974,0.006259317,0.002275225,-1.50152,-0.00233755,0.1167,2.2499e-06
blade,2.170353,0.006214486,0.00206988,-1.50246,-0.00235024,0.11702,2.25e-06
blade,2.174731,0.006167867,0.001864933,-1.50339,-0.00236267,0.11733,2.25e-06
blade,2.179110,0.0061195,0.001660391,-1.50433,-0.00237417,0.11761,2.2499e-06
blade,2.183489,0.006069424,0.001456261,-1.50526,-0.00238518,0.11788,2.2499e-06
blade,2.187868,0.006017675,0.001252548,-1.5062,-0.0023955,0.11814,2.25e-06
blade,2.192247,0.005964293,0.001049258,-1.50713,-0.00240516,0.11838,2.25e-06
blade,2.196625,0.005909314,0.0008463929,-1.50806,-0.00241406,0.11859,2.2499e-06
blade,2.201004,0.005852776,0.0006439569,-1.50899,-0.00242223,0.11879,2.2499e-06
blade,2.205383,0.005794716,0.0004419523,-1.50992,-0.00243003,0.11899,2.25e-06
blade,2.209762,0.005735169,0.0002403808,-1.51086,-0.00243726,0.11917,2.2501e-06
blade,2.214141,0.005674172,3.924331e-05,-1.51179,-0.00244387,0.11933,2.25e-06
blade,2.218519,0.00561176,-0.0001614597,-1.51273,-0.00244973,0.11947,2.25e-06
blade,2.222898,0.005547967,-0.0003617283,-1.51366,-0.00245466,0.11959,2.25e-06
blade,2.227277,0.005482828,-0.0005615631,-1.51459,-0.00245844,0.11968,2.25e-06
blade,2.231656,0.005416374,-0.0007609646,-1.51552,-0.00246093,0.11974,2.25e-06
blade,2.236035,0.005348637,-0.0009599338,-1.51644,-0.00246195,0.11977,2.25e-06
blade,2.240414,0.005279647,-0.001158472,-1.51737,-0.00246146,0.11976,2.25e-06
blade,2.244792,0.005209435,-0.001356582,-1.51829,-0.00245927,0.1197,2.2501e-06
blade,2.249171,0.005138033,-0.001554266,-1.51921,-0.00245541,0.11961,2.2501e-06
blade,2.253550,0.00506547,-0.001751527,-1.52013,-0.00244988,0.11947,2.25e-06
blade,2.257929,0.004991776,-0.001948368,-1.52105,-0.0024427,0.1193,2.25e-06
blade,2.262308,0.004916982,-0.002144794,-1.52198,-0.00243391,0.11908,2.25e-06
blade,2.266687,0.004841117,-0.002340808,-1.52291,-0.00242352,0.11882,2.2499e-06
blade,2.271065,0.00476421,-0.002536417,-1.52384,-0.0024116,0.11853,2.2499e-06
blade,2.275444,0.00468629,-0.002731624,-1.52478,-0.00239813,0.1182,2.25e-06
blade,2.279823,0.004607386,-0.002926435,-1.52572,-0.00238309,0.11783,2.25e-06
blade,2.284202,0.004527527,-0.003120857,-1.52668,-0.00236654,0.11743,2.2501e-06
blade,2.288581,0.00444674,-0.003314895,-1.52764,-0.00234835,0.11697,2.2501e-06
blade,2.292960,0.004365054,-0.003508557,-1.52861,-0.00232878,0.11648,2.25e-06
blade,2.297338,0.004282495,-0.003701848,-1.52959,-0.00230764,0.11595,2.25e-06
blade,2.301717,0.004199093,-0.003894777,-1.53057,-0.00228491,0.11538,2.25e-06
blade,2.306096,0.004114872,-0.00408735,-1.53156,-0.00225998,0.11475,2.2501e-06
blade,2.310475,0.004029856,-0.004279573,-1.53255,-0.0022321,0.11404,2.25e-06
blade,2.314854,0.003944058,-0.004471448,-1.53354,-0.00220128,0.11325,2.25e-06
blade,2.319233,0.003857486,-0.004662975,-1.53455,-0.00216764,0.11238,2.25e-06
blade,2.323611,0.003770152,-0.004854157,-1.53557,-0.00213129,0.11144,2.25e-06
blade,2.327990,0.003682064,-0.005044992,-1.53661,-0.002092,0.1104,2.25e-06
blade,2.332369,0.003593233,-0.005235482,-1.53767,-0.0020496,0.10928,2.25e-06
blade,2.336748,0.003503667,-0.005425628,-1.53876,-0.00200411,0.10806,2.2501e-06
blade,2.341127,0.003413377,-0.00561543,-1.53988,-0.0019555,0.10674,2.25e-06
blade,2.345506,0.003322371,-0.005804891,-1.54103,-0.00190381,0.10532,2.2499e-06
blade,2.349884,0.003230659,-0.005994011,-1.54222,-0.00184941,0.1038,2.25e-06
blade,2.354263,0.00313825,-0.006182792,-1.54345,-0.00179223,0.10219,2.25e-06
blade,2.358642,0.003045154,-0.006371235,-1.54472,-0.00173246,0.10047,2.25e-06
blade,2.363021,0.00295138,-0.006559341,-1.54603,-0.00167006,0.098644,2.25e-06
blade,2.367400,0.002856937,-0.006747112,-1.54738,-0.00160515,0.096704,2.25e-06
blade,2.371779,0.002761835,-0.00693455,-1.54879,-0.00153794,0.094658,2.2499e-06
blade,2.376158,0.002666082,-0.007121657,-1.55024,-0.0014685,0.092497,2.25e-06
blade,2.380536,0.002569688,-0.007308434,-1.55173,-0.00139694,0.090217,2.25e-06
blade,2.384915,0.002472662,-0.007494884,-1.55327,-0.00132295,0.087796,2.25e-06
blade,2.389294,0.002375013,-0.007681008,-1.55485,-0.00124653,0.085222,2.25e-06
blade,2.393673,0.002276748,-0.007866808,-1.55648,-0.00116682,0.082451,2.25e-06
blade,2.398052,0.002177871,-0.008052283,-1.55816,-0.0010837,0.079459,2.25e-06
blade,2.402431,0.002078383,-0.00823743,-1.55989,-0.000996733,0.076205,2.25e-06
blade,2.406809,0.001978282,-0.008422247,-1.56169,-0.00090617,0.072664,2.2501e-06
blade,2.411188,0.001877568,-0.008606731,-1.56355,-0.000812312,0.068797,2.2501e-06
blade,2.415567,0.001776241,-0.008790879,-1.56548,-0.000715002,0.06454,2.2499e-06
blade,2.419946,0.001674301,-0.008974688,-1.5675,-0.000613719,0.059797,2.25e-06
blade,2.424325,0.001571747,-0.009158155,-1.5696,-0.000508192,0.054416,2.2501e-06
blade,2.428704,0.001468578,-0.009341277,-1.5718,-0.000398154,0.048165,2.2501e-06
blade,2.433083,0.001364794,-0.009524051,-1.57409,-0.000283279,0.040626,2.25e-06
blade,2.437461,0.001260395,-0.009706474,-1.5765,-0.000163567,0.03087,2.25e-06
blade,2.441840,0.00115538,-0.009888544,-1.57901,-3.93926e-05,0.015149,2.2499e-06
blade,2.446219,0.001049749,-0.01007026,-1.58166,8.90691e-05,0.022779,2.2499e-06
blade,2.450598,0.0009435005,-0.01025161,-1.58442,0.000222108,0.035973,2.25e-06
blade,2.454977,0.0008366352,-0.0104326,-1.58732,0.00035956,0.045771,2.2501e-06
blade,2.459356,0.0007291522,-0.01061322,-1.59036,0.000502011,0.054082,2.25e-06
blade,2.463734,0.000621051,-0.01079348,-1.59356,0.000649349,0.061511,2.2501e-06
blade,2.468113,0.0005123312,-0.01097336,-1.59692,0.000801863,0.068355,2.2501e-06
blade,2.472492,0.0004029922,-0.01115287,-1.60045,0.000959679,0.074778,2.2501e-06
blade,2.476871,0.0002930339,-0.01133199,-1.60416,0.00112279,0.080882,2.25e-06
blade,2.481250,0.0001824585,-0.01151074,-1.60808,0.00129047,0.08671,2.25e-06
blade,2.485629,7.127219e-05,-0.01168911,-1.61219,0.00146241,0.092301,2.2499e-06
blade,2.490007,-4.051777e-05,-0.0118671,-1.6165,0.00163905,0.097719,2.2499e-06
blade,2.494386,-0.0001529039,-0.01204471,-1.62103,0.00182076,0.103,2.2501e-06
blade,2.498765,-0.0002658789,-0.01222195,-1.62577,0.00200742,0.10815,2.2502e-06
blade,2.503144,-0.0003794353,-0.01239882,-1.63074,0.00219991,0.11322,2.2501e-06
blade,2.507523,-0.0004935658,-0.01257532,-1.63594,0.0023983,0.11821,2.2501e-06
blade,2.511902,-0.0006082632,-0.01275145,-1.6414,0.00260283,0.12315,2.2501e-06
blade,2.516281,-0.0007235203,-0.01292722,-1.6471,0.00281393,0.12804,2.25e-06
blade,2.520659,-0.0008393297,-0.01310262,-1.65309,0.00303206,0.13291,2.25e-06
blade,2.525038,-0.0009556843,-0.01327766,-1.65936,0.00325667,0.13775,2.25e-06
blade,2.529417,-0.001072577,-0.01345234,-1.66592,0.00348789,0.14255,2.2499e-06
blade,2.533796,-0.001190001,-0.01362667,-1.6728,0.00372569,0.14733,2.2499e-06
blade,2.538175,-0.001307948,-0.01380064,-1.67999,0.00396937,0.15207,2.2499e-06
blade,2.542554,-0.001426412,-0.01397426,-1.68752,0.00421822,0.15677,2.2499e-06
blade,2.546932,-0.001545386,-0.01414753,-1.69536,0.00447185,0.16141,2.2499e-06
blade,2.551311,-0.001664863,-0.01432045,-1.70354,0.0047301,0.166,2.2499e-06
blade,2.555690,-0.001784836,-0.01449303,-1.71205,0.00499247,0.17055,2.25e-06
blade,2.560069,-0.001905298,-0.01466527,-1.72089,0.00525857,0.17503,2.2499e-06
blade,2.564448,-0.002026244,-0.01483717,-1.73005,0.00552861,0.17946,2.2499e-06
blade,2.568827,-0.002147674,-0.01500873,-1.73953,0.00580365,0.18387,2.2498e-06
blade,2.573206,-0.002269592,-0.01517994,-1.74935,0.00608483,0.18828,2.2499e-06
blade,2.577584,-0.002392004,-0.0153508,-1.75953,0.00637237,0.19269,2.2501e-06
blade,2.581963,-0.002514915,-0.0155213,-1.7701,0.00666609,0.19708,2.2501e-06
blade,2.586342,-0.002638329,-0.01569144,-1.78106,0.0069662,0.20145,2.2498e-06
blade,2.590721,-0.002762252,-0.01586121,-1.79244,0.007273,0.20583,2.2498e-06
blade,2.595100,-0.002886688,-0.0160306,-1.80425,0.00758585,0.21022,2.2499e-06
blade,2.599479,-0.003011642,-0.01619961,-1.81649,0.00790399,0.21459,2.2499e-06
blade,2.603857,-0.003137119,-0.01636823,-1.82917,0.00822702,0.21892,2.2498e-06
blade,2.608236,-0.003263123,-0.01653646,-1.84229,0.0085538,0.22325,2.2501e-06
blade,2.612615,-0.00338966,-0.01670428,-1.85586,0.00888352,0.22753,2.2503e-06
blade,2.616994,-0.003516734,-0.0168717,-1.86986,0.00921509,0.23172,2.2501e-06
blade,2.621373,-0.003644349,-0.01703871,-1.88428,0.00954867,0.23587,2.25e-06
blade,2.625752,-0.003772511,-0.0172053,-1.89913,0.00988347,0.23998,2.2501e-06
blade,2.630131,-0.003901224,-0.01737147,-1.9144,0.0102189,0.24399,2.2499e-06
blade,2.634509,-0.004030493,-0.0175372,-1.93008,0.0105539,0.24794,2.2497e-06
blade,2.638888,-0.004160321,-0.01770249,-1.94615,0.0108869,0.25185,2.25e-06
blade,2.643267,-0.004290713,-0.01786734,-1.96258,0.0112167,0.25564,2.25e-06
blade,2.647646,-0.004421675,-0.01803174,-1.97933,0.0115407,0.25931,2.25e-06
blade,2.652025,-0.004553217,-0.01819567,-1.99634,0.0118594,0.26288,2.2501e-06
blade,2.656404,-0.004685357,-0.01835912,-2.0136,0.0121764,0.26636,2.25e-06
blade,2.660782,-0.004818116,-0.01852207,-2.03112,0.0124917,0.26977,2.2499e-06
blade,2.665161,-0.004951515,-0.0186845,-2.04891,0.0128059,0.27314,2.2499e-06
blade,2.669540,-0.005085577,-0.01884638,-2.06694,0.0131166,0.27646,2.2501e-06
blade,2.673919,-0.005220321,-0.01900769,-2.0852,0.0134237,0.27963,2.2498e-06
blade,2.678298,-0.005355768,-0.01916841,-2.10365,0.0137247,0.28278,2.25e-06
blade,2.682677,-0.00549194,-0.01932852,-2.12229,0.0140203,0.28582,2.2501e-06
blade,2.687055,-0.005628856,-0.01948799,-2.14106,0.0143085,0.28868,2.2496e-06
blade,2.691434,-0.005766537,-0.0196468,-2.15994,0.0145911,0.29156,2.25e-06
blade,2.695813,-0.005905003,-0.01980493,-2.17892,0.0148676,0.29433,2.2501e-06
blade,2.700192,-0.006044274,-0.01996235,-2.19797,0.0151367,0.29696,2.2499e-06
blade,2.704571,-0.00618437,-0.02011904,-2.21705,0.0153993,0.29953,2.25e-06
blade,2.708950,-0.006325309,-0.02027497,-2.23614,0.0156531,0.302,2.2501e-06
blade,2.713328,-0.006467111,-0.02043011,-2.25522,0.0158999,0.30437,2.25e-06
blade,2.717707,-0.006609795,-0.02058444,-2.27423,0.0161361,0.30661,2.2499e-06
blade,2.722086,-0.006753379,-0.02073794,-2.29317,0.0163648,0.30873,2.2497e-06
blade,2.726465,-0.006897881,-0.02089057,-2.31198,0.0165832,0.31077,2.2495e-06
blade,2.730844,-0.007043318,-0.02104231,-2.33066,0.0167951,0.31276,2.2496e-06
blade,2.735223,-0.007189707,-0.02119313,-2.34917,0.0169997,0.31471,2.25e-06
blade,2.739601,-0.007337061,-0.02134301,-2.36751,0.0171936,0.31652,2.2501e-06
blade,2.743980,-0.007485392,-0.02149192,-2.38561,0.017377,0.31816,2.2498e-06
blade,2.748359,-0.007634713,-0.02163984,-2.40342,0.0175467,0.31972,2.2499e-06
blade,2.752738,-0.007785036,-0.02178674,-2.42092,0.0177048,0.32122,2.2503e-06
blade,2.757117,-0.007936371,-0.0219326,-2.438,0.0178462,0.3225,2.2503e-06
blade,2.761496,-0.00808873,-0.02207739,-2.45465,0.0179751,0.3236,2.2499e-06
blade,2.765874,-0.008242125,-0.02222108,-2.47078,0.0180899,0.32464,2.2499e-06
blade,2.770253,-0.008396565,-0.02236365,-2.48636,0.0181898,0.32553,2.2499e-06
blade,2.774632,-0.008552062,-0.02250506,-2.50133,0.018276,0.32627,2.2497e-06
blade,2.779011,-0.008708625,-0.02264529,-2.51562,0.018345,0.32691,2.2498e-06
blade,2.783390,-0.008866264,-0.02278431,-2.52922,0.018401,0.32745,2.2501e-06
blade,2.787768,-0.009024987,-0.02292209,-2.54203,0.0184395,0.32778,2.2501e-06
blade,2.792147,-0.009184805,-0.0230586,-2.55406,0.0184644,0.32794,2.2497e-06
blade,2.796526,-0.009345725,-0.02319381,-2.56525,0.0184741,0.32807,2.2499e-06
blade,2.800905,-0.009507755,-0.02332769,-2.57558,0.0184683,0.32804,2.2501e-06
blade,2.805284,-0.009670903,-0.0234602,-2.58505,0.0184465,0.32779,2.2497e-06
blade,2.809662,-0.009835174,-0.02359132,-2.59353,0.0184121,0.32749,2.2498e-06
blade,2.814041,-0.01000058,-0.02372101,-2.60112,0.0183594,0.32703,2.2498e-06
blade,2.818420,-0.01016711,-0.02384923,-2.60772,0.0182971,0.32654,2.2502e-06
blade,2.822799,-0.01033479,-0.02397596,-2.61334,0.0182089,0.3258,2.2506e-06
blade,2.827178,-0.01050361,-0.02410116,-2.61797,0.0181177,0.32495,2.2503e-06
blade,2.831556,-0.01067358,-0.0242248,-2.62158,0.017996,0.32382,2.2501e-06
blade,2.835935,-0.01084471,-0.02434684,-2.62419,0.0178763,0.32272,2.25e-06
blade,2.840314,-0.01101698,-0.02446724,-2.62573,0.017721,0.32129,2.2498e-06
blade,2.844693,-0.01119042,-0.02458598,-2.62646,0.0175752,0.31994,2.2496e-06
blade,2.849071,-0.01136501,-0.024703,-2.62627,0.0173996,0.31835,2.2497e-06
blade,2.853450,-0.01154076,-0.02481828,-2.6259,0.0172486,0.31703,2.2501e-06
blade,2.857829,-0.01171766,-0.02493177,-2.62576,0.0170923,0.31561,2.2503e-06
blade,2.862208,-0.01189572,-0.02504344,-2.62736,0.0169945,0.31467,2.25e-06
blade,2.866587,-0.01207494,-0.02515325,-2.63333,0.0170677,0.31538,2.2503e-06
blade,2.870965,-0.0122553,-0.02526116,-2.65076,0.0173153,0.3177,2.2506e-06
blade,2.875213,-0.01243134,-0.025364,-2.6889,0.0174134,0.31856,2.2503e-06
blade,2.879043,-0.01259098,-0.02545517,-2.75217,0.0176287,0.32048,2.2499e-06
blade,2.882340,-0.01272912,-0.02553242,-2.8543,0.0187649,0.33067,2.2501e-06
blade,2.885178,-0.01284851,-0.02559797,-3.02503,0.02155,0.35436,2.2501e-06
blade,2.887620,-0.01295165,-0.02565368,-3.28692,0.0239172,0.37329,2.25e-06
blade,2.889721,-0.01304068,-0.0257011,-3.55382,0.0310869,0.42556,2.2499e-06
blade,2.891530,-0.01311751,-0.02574152,-3.84013,0.0206098,0.34646,2.2496e-06
blade,2.893086,-0.01318379,-0.02577601,-3.77322,0.0467648,0.48056,2.0714e-06
blade,2.894093,-0.01319903,-0.02582188,-4.23138,0.0103375,0.22605,2.0724e-06
blade,2.895610,-0.0131657,-0.02588657,-4.06058,-0.0322979,0.43381,2.2501e-06
blade,2.897365,-0.0131271,-0.02596149,-3.87922,-0.0141342,0.28698,2.2501e-06
blade,2.899399,-0.01308239,-0.02604825,-3.64239,-0.0128353,0.27345,2.2499e-06
blade,2.901706,-0.01303167,-0.02614669,-3.41076,-0.0115779,0.25969,2.2497e-06
blade,2.904145,-0.01297805,-0.02625076,-3.23654,-0.0101853,0.24357,2.2497e-06
blade,2.906591,-0.01292428,-0.02635513,-3.10835,-0.0082938,0.21981,2.2499e-06
blade,2.909037,-0.0128705,-0.0264595,-3.01579,-0.0055085,0.17914,2.2499e-06
blade,2.911483,-0.01281673,-0.02656386,-2.95474,-0.00187642,0.10454,2.2497e-06
blade,2.913929,-0.01276295,-0.02666823,-2.92188,0.00215615,0.11209,2.2501e-06
blade,2.916375,-0.01270918,-0.0267726,-2.91198,0.00611978,0.18884,2.2501e-06
blade,2.918821,-0.0126554,-0.02687697,-2.92031,0.00928962,0.23261,2.2497e-06
blade,2.921267,-0.01260162,-0.02698134,-2.93804,0.0114377,0.25813,2.2499e-06
blade,2.923706,-0.01254801,-0.0270854,-2.96201,0.0116838,0.26094,2.2503e-06
blade,2.926013,-0.01249728,-0.02718384,-2.97764,0.0127122,0.27219,2.2503e-06
blade,2.928046,-0.01245258,-0.02727061,-3.00774,0.00534933,0.17655,2.2501e-06
blade,2.929802,-0.01241398,-0.02734553,-2.94027,0.0576197,0.57943,2.2501e-06
