# A_sta_U23.0_th000.0_SST_medium t=0.37015606 s (inst); s/c with c=0.048 m; Cp=(p-p_inf)/(0.5U^2), p_inf=3.93538; Cf signed by near-wall flow direction; tau_w from (nu + nut_wall) |U_cell - U_wall| / d
patch,s_over_c,x_m,y_m,Cp,Cf,yplus,d_first_m
blade1,0.000000,-0.1051398,-0.004131905,0.982699,0.000780173,13.028,0.00043479
blade1,0.014647,-0.1053158,-0.004812578,0.962355,0.00107986,15.328,0.00043479
blade1,0.029294,-0.1054711,-0.005498281,0.935043,0.00143779,17.686,0.00043478
blade1,0.043941,-0.1056044,-0.006188562,0.900484,0.00185333,20.08,0.00043478
blade1,0.058587,-0.1057148,-0.006882876,0.857797,0.00233176,22.523,0.00043477
blade1,0.073234,-0.105801,-0.007580583,0.806243,0.00287542,25.011,0.00043477
blade1,0.087880,-0.1058621,-0.008280938,0.74532,0.00348446,27.532,0.00043476
blade1,0.102525,-0.1058966,-0.00898308,0.674559,0.00415866,30.077,0.00043476
blade1,0.117171,-0.1059039,-0.009686028,0.593565,0.00489809,32.641,0.00043475
blade1,0.131816,-0.1058833,-0.01038871,0.501796,0.00569719,35.203,0.00043475
blade1,0.146462,-0.1058345,-0.01108999,0.399919,0.00655027,37.747,0.00043475
blade1,0.161107,-0.1057575,-0.01178873,0.28801,0.00745945,40.281,0.00043475
blade1,0.175752,-0.1056518,-0.01248371,0.165328,0.00842713,42.814,0.00043475
blade1,0.190397,-0.1055174,-0.01317369,0.0312973,0.009456,45.352,0.00043474
blade1,0.205042,-0.1053538,-0.01385734,-0.114652,0.0105398,47.88,0.00043474
blade1,0.219686,-0.1051604,-0.01453314,-0.271276,0.0116897,50.423,0.00043473
blade1,0.234330,-0.1049363,-0.01519938,-0.438667,0.0128951,52.958,0.00043472
blade1,0.248974,-0.1046807,-0.01585415,-0.616681,0.014142,55.458,0.0004347
blade1,0.263617,-0.1043928,-0.01649533,-0.803368,0.0154068,57.883,0.00043469
blade1,0.278259,-0.1040719,-0.01712063,-0.994951,0.0166526,60.176,0.00043468
blade1,0.292901,-0.103718,-0.01772786,-1.18574,0.0178374,62.281,0.00043468
blade1,0.307544,-0.103332,-0.01831525,-1.37129,0.0189447,64.185,0.00043469
blade1,0.322186,-0.1029155,-0.01888135,-1.55079,0.0199785,65.913,0.00043469
blade1,0.336829,-0.1024697,-0.01942473,-1.72447,0.0209468,67.492,0.00043469
blade1,0.351471,-0.101996,-0.01994399,-1.89243,0.0218491,68.93,0.00043469
blade1,0.366114,-0.1014958,-0.02043771,-2.05069,0.0226547,70.19,0.00043469
blade1,0.380757,-0.1009704,-0.02090455,-2.19357,0.0233224,71.216,0.00043469
blade1,0.395399,-0.1004213,-0.02134331,-2.31547,0.0238372,71.998,0.00043469
blade1,0.410042,-0.09985012,-0.02175288,-2.4176,0.0242052,72.552,0.00043469
blade1,0.424685,-0.09925838,-0.02213213,-2.50114,0.0244249,72.881,0.00043469
blade1,0.439327,-0.09864764,-0.02247997,-2.56402,0.0244678,72.944,0.00043469
blade1,0.453970,-0.0980195,-0.02279528,-2.60207,0.0242873,72.674,0.00043469
blade1,0.468612,-0.09737556,-0.02307693,-2.60978,0.0238378,71.998,0.00043468
blade1,0.483254,-0.09671751,-0.02332377,-2.58219,0.0230993,70.873,0.00043468
blade1,0.497896,-0.09604705,-0.02353458,-2.52021,0.022053,69.249,0.00043467
blade1,0.512538,-0.095366,-0.02370811,-2.42355,0.0206453,67.001,0.00043467
blade1,0.527180,-0.0946763,-0.02384308,-2.28733,0.0188042,63.943,0.00043466
blade1,0.541821,-0.09398,-0.02393826,-2.11014,0.0164538,59.812,0.00043465
blade1,0.556462,-0.09327935,-0.02399276,-1.90417,0.0135732,54.325,0.00043465
blade1,0.571103,-0.09257671,-0.02400633,-1.708,0.0101877,47.065,0.00043465
blade1,0.585744,-0.09187448,-0.02397898,-1.57517,0.00659751,37.875,0.00043465
blade1,0.600385,-0.09117504,-0.02391066,-1.52795,0.00329083,26.749,0.00043465
blade1,0.615025,-0.09048085,-0.0238013,-1.52428,0.00110213,15.48,0.00043465
blade1,0.629666,-0.0897944,-0.02365083,-1.54024,-9.13925e-05,4.4576,0.00043464
blade1,0.644253,-0.08912055,-0.02346058,-1.56968,-0.000708307,12.41,0.00043466
blade1,0.658003,-0.08849625,-0.02324654,-1.58899,-0.0011187,15.598,0.0004347
blade1,0.670062,-0.08795875,-0.02303174,-1.59097,-0.0013598,17.198,0.00043474
blade1,0.680435,-0.08750471,-0.02282736,-1.57582,-0.00140554,17.482,0.00043465
blade1,0.689358,-0.08712075,-0.02263759,-1.54016,-0.00128991,16.726,0.0004341
blade1,0.697033,-0.08679561,-0.02246436,-1.49966,-0.00118579,16.003,0.00043318
blade1,0.703635,-0.0865199,-0.02230814,-1.48555,-0.00114952,15.697,0.00043156
blade1,0.709313,-0.08628577,-0.02216857,-1.49403,-0.00111748,15.522,0.00043282
blade1,0.714198,-0.08608669,-0.02204474,-1.51107,-0.00102847,13.778,0.00040048
blade1,0.717381,-0.08605407,-0.02189547,-1.52984,0.000538892,9.9052,0.00039774
blade1,0.722271,-0.08618147,-0.02169833,-1.52569,0.000124404,5.2031,0.00043484
blade1,0.727957,-0.08632959,-0.02146909,-1.50284,0.000104773,4.7749,0.00043484
blade1,0.734435,-0.08649835,-0.02120794,-1.47203,-0.00208952,21.324,0.00043484
blade1,0.740913,-0.08666711,-0.02094679,-1.55402,-0.00642197,37.383,0.00043484
blade1,0.746599,-0.08681523,-0.02071755,-1.77954,-0.00755459,40.546,0.00043484
blade1,0.751489,-0.08694263,-0.02052041,-1.87402,-0.0104021,43.573,0.00039824
blade1,0.754686,-0.08709238,-0.02048679,-1.46383,-0.00976005,42.528,0.00040127
blade1,0.759528,-0.08729003,-0.02060903,-1.21057,-0.00826965,42.632,0.00043699
blade1,0.765150,-0.08752259,-0.02074597,-1.0048,-0.00767946,41.188,0.00043812
blade1,0.771680,-0.08779661,-0.02089807,-0.844045,-0.00628714,37.126,0.00043645
blade1,0.779262,-0.08811995,-0.02106509,-0.720169,-0.00508361,33.31,0.00043548
blade1,0.788066,-0.08850206,-0.02124563,-0.631103,-0.00408345,29.812,0.00043487
blade1,0.798290,-0.08895417,-0.02143645,-0.566092,-0.00339681,27.179,0.0004347
blade1,0.810160,-0.08948959,-0.02163138,-0.517371,-0.00285292,24.905,0.00043464
blade1,0.823726,-0.09011358,-0.02181748,-0.482536,-0.00242333,22.95,0.00043457
blade1,0.838177,-0.09078987,-0.02197172,-0.459197,-0.00208512,21.288,0.00043457
blade1,0.852704,-0.09147885,-0.02207904,-0.443638,-0.00183379,19.965,0.00043458
blade1,0.867232,-0.09217363,-0.02213853,-0.433215,-0.00163782,18.868,0.00043459
blade1,0.881759,-0.09287085,-0.02215033,-0.426461,-0.00148205,17.948,0.00043459
blade1,0.896287,-0.09356725,-0.02211451,-0.422211,-0.00135712,17.175,0.00043458
blade1,0.910814,-0.09425958,-0.02203122,-0.419736,-0.00125593,16.523,0.00043459
blade1,0.925342,-0.09494476,-0.0219015,-0.418522,-0.00117196,15.961,0.00043461
blade1,0.939871,-0.09561999,-0.02172716,-0.418215,-0.00110067,15.469,0.00043462
blade1,0.954400,-0.09628274,-0.02151006,-0.418582,-0.00103902,15.029,0.00043463
blade1,0.968930,-0.09693066,-0.02125201,-0.419454,-0.000984838,14.633,0.00043463
blade1,0.983459,-0.09756153,-0.02095467,-0.420716,-0.000936403,14.268,0.00043464
blade1,0.997989,-0.09817322,-0.02061961,-0.422309,-0.000892533,13.93,0.00043464
blade1,1.012520,-0.09876364,-0.02024836,-0.424201,-0.000852587,13.615,0.00043464
blade1,1.027050,-0.09933075,-0.01984238,-0.426367,-0.000816147,13.321,0.00043464
blade1,1.041580,-0.0998725,-0.01940313,-0.428794,-0.000782841,13.046,0.00043464
blade1,1.056110,-0.1003868,-0.01893209,-0.431481,-0.000752524,12.791,0.00043464
blade1,1.070640,-0.1008718,-0.01843088,-0.434427,-0.000725199,12.557,0.00043464
blade1,1.085170,-0.1013257,-0.01790131,-0.437628,-0.00070075,12.343,0.00043464
blade1,1.099700,-0.1017466,-0.01734523,-0.441099,-0.000679339,12.153,0.00043464
blade1,1.114229,-0.1021327,-0.01676446,-0.444889,-0.00066155,11.993,0.00043463
blade1,1.128759,-0.1024822,-0.01616093,-0.449057,-0.00064837,11.873,0.00043463
blade1,1.143289,-0.1027939,-0.01553702,-0.453595,-0.000640334,11.799,0.00043465
blade1,1.157819,-0.1030682,-0.01489575,-0.458441,-0.000636039,11.76,0.00043467
blade1,1.172351,-0.1033063,-0.01424013,-0.463524,-0.000634015,11.742,0.00043469
blade1,1.186884,-0.1035096,-0.01357284,-0.468793,-0.000633431,11.737,0.0004347
blade1,1.201417,-0.1036793,-0.01289621,-0.474304,-0.000634714,11.749,0.00043472
blade1,1.215950,-0.1038165,-0.01221223,-0.48002,-0.0006378,11.778,0.00043472
blade1,1.230484,-0.1039219,-0.01152261,-0.48594,-0.000643078,11.827,0.00043473
blade1,1.245018,-0.1039956,-0.0108289,-0.492051,-0.000651731,11.906,0.00043473
blade1,1.259552,-0.1040382,-0.01013256,-0.498329,-0.000665286,12.029,0.00043473
blade1,1.274086,-0.1040499,-0.009435023,-0.504729,-0.000685694,12.212,0.00043474
blade1,1.288620,-0.1040311,-0.008737629,-0.511209,-0.000715544,12.476,0.00043474
blade1,1.303155,-0.1039828,-0.008041638,-0.517738,-0.000757732,12.838,0.00043475
blade1,1.317690,-0.1039065,-0.007348148,-0.524321,-0.000814449,13.31,0.00043476
blade1,1.332225,-0.1038035,-0.006658085,-0.53097,-0.000888631,13.904,0.00043477
blade1,1.346761,-0.1036755,-0.005972221,-0.537837,-0.000981056,14.609,0.00043477
blade1,1.361297,-0.1035237,-0.005291197,-0.545176,-0.00109209,15.414,0.00043478
blade1,1.375833,-0.1033496,-0.004615527,-0.553261,-0.00121995,16.291,0.00043479
blade1,1.390370,-0.1031545,-0.003945586,-0.562289,-0.00135995,17.201,0.00043479
blade1,1.404907,-0.10294,-0.003281611,-0.57231,-0.00150485,18.095,0.0004348
blade1,1.419444,-0.1027074,-0.002623729,-0.583178,-0.00164619,18.925,0.0004348
blade1,1.433981,-0.1024582,-0.00197197,-0.59457,-0.00177568,19.656,0.00043481
blade1,1.448519,-0.1021936,-0.001326283,-0.606091,-0.00188598,20.257,0.00043481
blade1,1.463057,-0.1019148,-0.0006865601,-0.617479,-0.00197212,20.715,0.00043482
blade1,1.477595,-0.1016231,-5.264564e-05,-0.628454,-0.00203206,21.028,0.00043482
blade1,1.492133,-0.1013195,0.0005756669,-0.638247,-0.00206161,21.18,0.00043482
blade1,1.506671,-0.101005,0.001198635,-0.647418,-0.00205793,21.161,0.00043482
blade1,1.521209,-0.1006808,0.001816557,-0.655381,-0.00202254,20.979,0.00043483
blade1,1.535747,-0.1003476,0.002429739,-0.662418,-0.00195837,20.643,0.00043483
blade1,1.550286,-0.1000062,0.003038374,-0.668732,-0.00186661,20.154,0.00043483
blade1,1.564824,-0.09965697,0.00364254,-0.67444,-0.00174905,19.509,0.00043483
blade1,1.579363,-0.09930022,0.004242304,-0.679863,-0.00160788,18.705,0.00043483
blade1,1.593901,-0.09893629,0.004837746,-0.685459,-0.0014453,17.734,0.00043483
blade1,1.608440,-0.09856553,0.005428953,-0.691768,-0.00126431,16.587,0.00043483
blade1,1.622978,-0.0981882,0.006015995,-0.6995,-0.00106839,15.248,0.00043483
blade1,1.637517,-0.09780444,0.006598849,-0.709834,-0.000864288,13.714,0.00043483
blade1,1.652055,-0.09741424,0.007177418,-0.723761,-0.000661814,12.001,0.00043483
blade1,1.666594,-0.09701761,0.007751592,-0.740902,-0.000459415,9.9986,0.00043483
blade1,1.681132,-0.09661453,0.008321259,-0.762747,-0.000280715,7.8157,0.00043483
blade1,1.695671,-0.096205,0.008886305,-0.791381,-0.00016674,6.0236,0.00043483
blade1,1.710209,-0.09578906,0.009446652,-0.825423,0.000216614,6.8656,0.00043483
blade1,1.724748,-0.09536689,0.01000232,-0.871187,0.000418884,9.5473,0.00043483
blade1,1.739287,-0.09493874,0.0105534,-0.927691,0.000741407,12.702,0.00043483
blade1,1.753825,-0.09450488,0.01109998,-0.997982,0.00118837,16.081,0.00043483
blade1,1.768364,-0.09406555,0.01164219,-1.08595,0.00177057,19.629,0.00043483
blade1,1.782902,-0.09362099,0.01218012,-1.19308,0.00250713,23.357,0.00043483
blade1,1.797441,-0.09317136,0.01271381,-1.31915,0.00340109,27.205,0.00043483
blade1,1.811979,-0.0927166,0.01324314,-1.46589,0.00444247,31.092,0.00043483
blade1,1.826518,-0.09225655,0.01376789,-1.63438,0.00563516,35.018,0.00043483
blade1,1.841057,-0.09179107,0.01428781,-1.82411,0.0069731,38.954,0.00043483
blade1,1.855595,-0.09131999,0.01480266,-2.03201,0.00842442,42.816,0.00043483
blade1,1.870134,-0.09084315,0.01531219,-2.25297,0.00994391,46.517,0.00043483
blade1,1.884672,-0.09036025,0.01581598,-2.48034,0.0114725,49.964,0.00043483
blade1,1.899210,-0.08987071,0.0163133,-2.70642,0.0129532,53.091,0.00043483
blade1,1.913749,-0.08937383,0.01680328,-2.92359,0.0143368,55.854,0.00043482
blade1,1.928287,-0.08886894,0.017285,-3.12557,0.0155813,58.227,0.00043482
blade1,1.942825,-0.08835541,0.01775748,-3.30629,0.0166489,60.188,0.00043482
blade1,1.957362,-0.08783266,0.01821973,-3.46079,0.0175122,61.729,0.00043481
blade1,1.971900,-0.08730019,0.01867074,-3.58588,0.0181555,62.852,0.00043481
blade1,1.986438,-0.08675762,0.01910954,-3.67958,0.0185785,63.579,0.00043481
blade1,2.000975,-0.08620462,0.01953511,-3.74254,0.0187789,63.921,0.0004348
blade1,2.015512,-0.08564093,0.01994639,-3.77658,0.0187612,63.89,0.0004348
blade1,2.030049,-0.08506631,0.02034225,-3.77945,0.0185106,63.461,0.00043479
blade1,2.044510,-0.08448374,0.02071961,-3.75076,0.0180348,62.64,0.00043479
blade1,2.058083,-0.08392714,0.02105824,-3.69915,0.0174564,61.628,0.0004348
blade1,2.069958,-0.08343221,0.02134101,-3.64209,0.0168933,60.627,0.0004348
blade1,2.080184,-0.08300004,0.02157375,-3.59125,0.0164704,59.874,0.00043488
blade1,2.088990,-0.0826235,0.02176579,-3.54317,0.016316,59.64,0.00043523
blade1,2.096573,-0.08229604,0.02192468,-3.48473,0.0159387,59.028,0.00043583
blade1,2.103103,-0.08201169,0.02205653,-3.42664,0.0154854,58.328,0.00043692
blade1,2.108726,-0.08176512,0.02216628,-3.37961,0.015194,57.682,0.00043621
blade1,2.113568,-0.08155154,0.02225791,-3.34929,0.0141459,51.19,0.0004012
blade1,2.116760,-0.08149395,0.02239991,-3.42321,0.00916782,40.903,0.0003982
blade1,2.121650,-0.08158376,0.02261677,-3.20741,-0.0036121,28.036,0.00043484
blade1,2.127336,-0.08168819,0.02286893,-3.0922,-0.00231236,22.432,0.00043484
blade1,2.133814,-0.08180716,0.02315621,-3.14986,0.000423127,9.5957,0.00043484
blade1,2.140291,-0.08192613,0.02344348,-3.14134,0.00719004,39.556,0.00043484
blade1,2.145978,-0.08203055,0.02369564,-3.50338,0.0111805,49.325,0.00043484
blade1,2.150868,-0.08212036,0.0239125,-3.99413,-0.0244785,66.763,0.00039777
blade1,2.154055,-0.08226183,0.02397075,-3.26169,-0.0297946,74.177,0.00040058
blade1,2.158939,-0.08247739,0.02387854,-2.77279,-0.0284623,78.461,0.00043352
blade1,2.164618,-0.08272665,0.02376823,-2.38072,-0.027871,77.505,0.00043275
blade1,2.171220,-0.08301459,0.02363586,-2.04612,-0.0250984,73.732,0.00043383
blade1,2.178896,-0.0833468,0.02347654,-1.78856,-0.0226304,70.107,0.00043441
blade1,2.187820,-0.08372954,0.02328418,-1.5973,-0.0205416,66.845,0.00043475
blade1,2.198195,-0.0841697,0.02305126,-1.4275,-0.0192008,64.636,0.00043481
blade1,2.210257,-0.08467489,0.02276841,-1.26219,-0.0180266,62.627,0.0004348
blade1,2.224012,-0.08524236,0.02243099,-1.10056,-0.0168919,60.623,0.00043479
blade1,2.238605,-0.08583462,0.02205691,-0.951224,-0.0158195,58.668,0.0004348
blade1,2.253253,-0.08641861,0.02166539,-0.818197,-0.0148807,56.901,0.0004348
blade1,2.267901,-0.08699219,0.02125877,-0.698228,-0.0140349,55.26,0.00043481
blade1,2.282549,-0.08755549,0.02083801,-0.587466,-0.0132555,53.704,0.00043481
blade1,2.297197,-0.08810871,0.02040407,-0.483992,-0.0125277,52.21,0.00043481
blade1,2.311845,-0.08865208,0.01995785,-0.386809,-0.0118409,50.759,0.00043481
blade1,2.326493,-0.08918587,0.0195002,-0.29529,-0.0111893,49.343,0.00043482
blade1,2.341141,-0.08971041,0.01903197,-0.209127,-0.0105694,47.957,0.00043482
blade1,2.355790,-0.09022616,0.01855407,-0.128197,-0.00998046,46.602,0.00043482
blade1,2.370439,-0.09073364,0.01806738,-0.052372,-0.00942254,45.281,0.00043483
blade1,2.385087,-0.09123341,0.01757277,0.0184339,-0.00889569,43.997,0.00043483
blade1,2.399736,-0.09172608,0.01707108,0.084217,-0.00840064,42.755,0.00043483
blade1,2.414385,-0.09221227,0.01656311,0.145037,-0.0079384,41.563,0.00043483
blade1,2.429034,-0.09269252,0.01604951,0.201402,-0.00750846,40.421,0.00043483
blade1,2.443683,-0.09316711,0.01553068,0.254027,-0.00710578,39.323,0.00043483
blade1,2.458332,-0.09363617,0.01500684,0.303416,-0.00672575,38.257,0.00043483
blade1,2.472981,-0.09409986,0.01447824,0.349894,-0.00636564,37.218,0.00043483
blade1,2.487630,-0.09455832,0.01394509,0.393656,-0.0060238,36.205,0.00043483
blade1,2.502279,-0.09501169,0.01340761,0.43488,-0.00569925,35.217,0.00043484
blade1,2.516929,-0.09546004,0.01286594,0.473918,-0.00539046,34.249,0.00043483
blade1,2.531578,-0.09590324,0.01232004,0.511172,-0.00509411,33.294,0.00043483
blade1,2.546227,-0.09634106,0.01176982,0.546907,-0.00480734,32.344,0.00043483
blade1,2.560876,-0.09677326,0.01121518,0.581316,-0.00452834,31.391,0.00043483
blade1,2.575525,-0.0971996,0.01065602,0.61458,-0.00425547,30.431,0.00043483
blade1,2.590174,-0.09761983,0.01009226,0.646837,-0.00398721,29.456,0.00043483
blade1,2.604823,-0.09803377,0.009523856,0.678086,-0.00372277,28.462,0.00043483
blade1,2.619472,-0.09844135,0.008950881,0.708246,-0.00346274,27.45,0.00043483
blade1,2.634121,-0.09884258,0.008373438,0.737273,-0.00320776,26.42,0.00043483
blade1,2.648770,-0.09923746,0.007791634,0.765132,-0.00295818,25.372,0.00043483
blade1,2.663419,-0.09962599,0.007205575,0.791786,-0.00271435,24.304,0.00043483
blade1,2.678068,-0.1000082,0.00661536,0.817198,-0.00247669,23.215,0.00043483
blade1,2.692717,-0.100384,0.006021042,0.841392,-0.00224533,22.104,0.00043483
blade1,2.707366,-0.1007531,0.005422581,0.864406,-0.00201966,20.964,0.00043483
blade1,2.722015,-0.1011153,0.004819896,0.886227,-0.00179945,19.788,0.00043483
blade1,2.736664,-0.1014703,0.004212912,0.906798,-0.0015849,18.571,0.00043483
blade1,2.751313,-0.1018176,0.003601565,0.926065,-0.00137628,17.306,0.00043483
blade1,2.765962,-0.1021571,0.0029858,0.943965,-0.00117382,15.982,0.00043483
blade1,2.780611,-0.1024882,0.002365501,0.96033,-0.000978504,14.592,0.00043483
blade1,2.795259,-0.1028103,0.001740432,0.974799,-0.000792498,13.132,0.00043482
blade1,2.809908,-0.1031223,0.001110313,0.987127,-0.000615939,11.577,0.00043482
blade1,2.824556,-0.1034233,0.0004749001,0.997733,-0.00044145,9.8008,0.00043482
blade1,2.839205,-0.1037125,-0.0001660067,1.00659,-0.000286106,7.8901,0.00043482
blade1,2.853853,-0.1039888,-0.0008125586,1.01253,-0.000158831,5.8787,0.00043481
blade1,2.868501,-0.1042512,-0.001464861,1.0146,9.78422e-05,4.614,0.00043481
blade1,2.883149,-0.1044987,-0.002122976,1.01268,0.00017796,6.2226,0.00043481
blade1,2.897797,-0.10473,-0.002786913,1.00676,0.000323869,8.3944,0.0004348
blade1,2.912445,-0.1049442,-0.003456604,0.996947,0.000532408,10.763,0.0004348
blade2,0.000000,0.04899157,0.0931197,-0.0731161,-0.000909937,14.07,0.00043479
blade2,0.014647,0.0484901,0.09361247,-0.0687627,-0.000587596,11.307,0.00043479
blade2,0.029294,0.04797387,0.09408975,-0.0735652,-0.000331122,8.4875,0.00043478
blade2,0.043941,0.04744275,0.09455037,-0.0859297,-0.000183332,6.3154,0.00043478
blade2,0.058587,0.04689664,0.09499312,-0.104106,0.00020049,6.6042,0.00043477
blade2,0.073234,0.04633554,0.09541669,-0.122901,0.000301359,8.0968,0.00043477
blade2,0.087880,0.04575953,0.0958197,-0.139077,0.000389699,9.2073,0.00043476
blade2,0.102525,0.04516874,0.09620072,-0.149991,0.000435689,9.7353,0.00043476
blade2,0.117171,0.04456359,0.09655846,-0.154766,0.000428726,9.6571,0.00043475
blade2,0.131816,0.04394475,0.09689195,-0.154591,0.000380391,9.0964,0.00043475
blade2,0.146462,0.04331306,0.0972004,-0.151771,0.000313585,8.259,0.00043475
blade2,0.161107,0.0426694,0.09748302,-0.149099,0.000254827,7.4451,0.00043475
blade2,0.175752,0.0420147,0.097739,-0.149,0.000232279,7.1081,0.00043475
blade2,0.190397,0.04134993,0.09796756,-0.152875,0.000238873,7.2083,0.00043474
blade2,0.205042,0.04067607,0.09816771,-0.157719,0.000266061,7.6073,0.00043474
blade2,0.219686,0.03999411,0.09833811,-0.157536,0.000274306,7.7241,0.00043473
blade2,0.234330,0.03930509,0.09847718,-0.154073,-0.000107624,4.8381,0.00043471
blade2,0.248974,0.03861024,0.09858321,-0.145134,-0.000765839,12.905,0.0004347
blade2,0.263617,0.037911,0.09865445,-0.134235,-0.00211554,21.449,0.00043469
blade2,0.278259,0.03720903,0.09868919,-0.154944,-0.00396153,29.35,0.00043468
blade2,0.292901,0.03650621,0.09868632,-0.22151,-0.0058194,35.573,0.00043468
blade2,0.307544,0.03580454,0.09864579,-0.31168,-0.00746726,40.297,0.00043469
blade2,0.322186,0.03510601,0.0985681,-0.402075,-0.00886497,43.907,0.00043469
blade2,0.336829,0.03441253,0.09845372,-0.476003,-0.0100179,46.675,0.00043469
blade2,0.351471,0.03372601,0.09830314,-0.529426,-0.0109164,48.723,0.00043469
blade2,0.366114,0.03304832,0.09811679,-0.56232,-0.01159,50.204,0.00043469
blade2,0.380757,0.03238132,0.09789519,-0.576838,-0.0120649,51.222,0.00043469
blade2,0.395399,0.0317268,0.09763906,-0.573066,-0.0123666,51.859,0.00043469
blade2,0.410042,0.03108652,0.09734919,-0.55005,-0.0125009,52.139,0.00043469
blade2,0.424685,0.0304622,0.09702635,-0.510629,-0.0124756,52.087,0.00043469
blade2,0.439327,0.02985559,0.09667135,-0.45458,-0.0123087,51.737,0.00043469
blade2,0.453970,0.02926845,0.09628501,-0.379049,-0.0119932,51.069,0.00043469
blade2,0.468612,0.02870257,0.09586817,-0.289617,-0.011542,50.099,0.00043468
blade2,0.483254,0.02815978,0.0954217,-0.188774,-0.010984,48.872,0.00043468
blade2,0.497897,0.02764198,0.09494647,-0.0791134,-0.0103386,47.414,0.00043468
blade2,0.512538,0.02715118,0.09444344,0.0387571,-0.00960672,45.704,0.00043467
blade2,0.527180,0.02668943,0.09391363,0.163475,-0.00878606,43.708,0.00043466
blade2,0.541821,0.02625886,0.0933582,0.292781,-0.0078828,41.4,0.00043465
blade2,0.556462,0.02586134,0.09277867,0.423249,-0.00691593,38.778,0.00043465
blade2,0.571103,0.02549826,0.09217695,0.551523,-0.00591027,35.848,0.00043465
blade2,0.585744,0.02517083,0.09155512,0.674596,-0.0048877,32.599,0.00043465
blade2,0.600385,0.02488028,0.09091523,0.787743,-0.0038816,29.051,0.00043465
blade2,0.615026,0.02462789,0.09025936,0.884871,-0.00293917,25.279,0.00043465
blade2,0.629666,0.02441498,0.08958964,0.964939,-0.00206618,21.195,0.00043464
blade2,0.644253,0.02424281,0.08891095,1.03227,-0.00125399,16.512,0.00043465
blade2,0.658003,0.02411603,0.08826327,1.07758,-0.000721278,12.524,0.0004347
blade2,0.670062,0.02403331,0.08769038,1.09683,-0.000417702,9.5318,0.00043474
blade2,0.680435,0.02398328,0.08719499,1.09749,0.000425312,9.6164,0.00043465
blade2,0.689358,0.02395564,0.08676758,1.06988,0.000868093,13.721,0.0004341
blade2,0.697033,0.0239431,0.08639938,1.00697,0.00163718,18.803,0.00043318
blade2,0.703635,0.02394053,0.0860825,0.909737,0.00271162,24.108,0.00043156
blade2,0.709314,0.02394434,0.08580996,0.792177,0.00299682,25.418,0.00043282
blade2,0.714198,0.02395204,0.08557563,0.659598,0.00404682,27.331,0.00040049
blade2,0.717381,0.024065,0.08547275,0.450142,0.00541547,31.4,0.00039774
blade2,0.722271,0.02429943,0.0854845,0.462186,0.00455571,31.486,0.00043484
blade2,0.727957,0.02457202,0.08549817,0.551136,0.00418653,30.183,0.00043484
blade2,0.734435,0.02488256,0.08551374,0.581682,0.00254069,23.514,0.00043484
blade2,0.740913,0.0251931,0.08552931,0.560333,0.00104892,15.108,0.00043484
blade2,0.746599,0.02546569,0.08554298,0.550172,0.000724525,12.557,0.00043484
blade2,0.751489,0.02570012,0.08555473,0.546853,0.000121257,4.7045,0.00039825
blade2,0.754686,0.02580411,0.08566761,0.54445,-0.000277098,7.1658,0.00040127
blade2,0.759528,0.02579707,0.0858999,0.541033,-0.000264731,7.6277,0.000437
blade2,0.765150,0.02579475,0.08616977,0.541405,-0.000261308,7.5977,0.00043812
blade2,0.771680,0.02580004,0.08648313,0.539985,-0.00025059,7.4119,0.00043645
blade2,0.779262,0.02581707,0.08684667,0.537795,-0.000224909,7.0063,0.00043548
blade2,0.788066,0.02585177,0.08726785,0.537131,-0.000225828,7.0107,0.00043487
blade2,0.798290,0.02591258,0.0877548,0.537587,-0.000235834,7.1615,0.0004347
blade2,0.810160,0.02601147,0.08831595,0.53888,-0.000252455,7.4086,0.00043464
blade2,0.823726,0.0261623,0.08894939,0.540643,-0.000280738,7.8114,0.00043457
blade2,0.838177,0.02636687,0.08961219,0.542442,-0.000318507,8.3202,0.00043457
blade2,0.852704,0.02661842,0.09026253,0.544214,-0.000360022,8.846,0.00043458
blade2,0.867231,0.02691429,0.09089397,0.545839,-0.000403124,9.3607,0.00043458
blade2,0.881759,0.02725267,0.09150368,0.547327,-0.000448691,9.8756,0.00043459
blade2,0.896286,0.0276319,0.09208887,0.548534,-0.000496575,10.389,0.00043458
blade2,0.910814,0.02805019,0.0926468,0.549409,-0.000544933,10.883,0.00043459
blade2,0.925342,0.02850512,0.09317533,0.550009,-0.000592869,11.352,0.00043461
blade2,0.939871,0.02899372,0.09367292,0.550453,-0.00063874,11.784,0.00043462
blade2,0.954400,0.02951311,0.09413833,0.550862,-0.000680762,12.165,0.00043463
blade2,0.968930,0.03006055,0.09457042,0.551269,-0.000718229,12.496,0.00043463
blade2,0.983459,0.03063349,0.0949681,0.551729,-0.000751898,12.786,0.00043464
blade2,0.997989,0.0312295,0.09533031,0.552254,-0.000782242,13.041,0.00043464
blade2,1.012519,0.03184623,0.095656,0.552845,-0.000809346,13.265,0.00043464
blade2,1.027050,0.03248137,0.09594414,0.553494,-0.000833595,13.462,0.00043464
blade2,1.041580,0.03313264,0.09619369,0.554184,-0.000855303,13.637,0.00043464
blade2,1.056110,0.03379775,0.0964036,0.554955,-0.000874436,13.788,0.00043464
blade2,1.070640,0.0344743,0.096573,0.555904,-0.000890504,13.914,0.00043464
blade2,1.085170,0.03515984,0.09670126,0.556965,-0.00090457,14.024,0.00043464
blade2,1.099700,0.03585189,0.09678775,0.558028,-0.000917284,14.122,0.00043464
blade2,1.114229,0.03654792,0.09683178,0.559033,-0.000929446,14.215,0.00043463
blade2,1.128759,0.03724534,0.09683267,0.559862,-0.000942497,14.314,0.00043463
blade2,1.143289,0.0379415,0.09679066,0.560427,-0.000958005,14.432,0.00043465
blade2,1.157819,0.03863402,0.09670757,0.560697,-0.000975089,14.561,0.00043467
blade2,1.172351,0.03932086,0.09658599,0.560981,-0.000993895,14.701,0.00043469
blade2,1.186883,0.04000038,0.09642837,0.561444,-0.00101172,14.833,0.0004347
blade2,1.201417,0.04067121,0.09623702,0.562211,-0.00102681,14.944,0.00043472
blade2,1.215950,0.04133216,0.09601387,0.56333,-0.00103797,15.025,0.00043472
blade2,1.230484,0.04198206,0.09576028,0.564767,-0.0010452,15.078,0.00043473
blade2,1.245018,0.04261972,0.09547731,0.566449,-0.00104936,15.108,0.00043473
blade2,1.259552,0.04324404,0.095166,0.568313,-0.00105136,15.122,0.00043473
blade2,1.274086,0.04385397,0.09482735,0.570357,-0.00105166,15.124,0.00043474
blade2,1.288620,0.04444855,0.09446241,0.57259,-0.0010506,15.117,0.00043474
blade2,1.303155,0.04502716,0.0940726,0.575079,-0.00104809,15.099,0.00043475
blade2,1.317690,0.04558955,0.09365971,0.577853,-0.00104358,15.067,0.00043476
blade2,1.332225,0.04613569,0.09322552,0.580962,-0.00103664,15.017,0.00043477
blade2,1.346761,0.04666563,0.09277169,0.584469,-0.00102668,14.945,0.00043477
blade2,1.361297,0.04717953,0.09229974,0.588416,-0.00101323,14.847,0.00043478
blade2,1.375833,0.04767762,0.09181111,0.592841,-0.000995921,14.72,0.00043479
blade2,1.390370,0.04816028,0.09130723,0.597785,-0.000974322,14.56,0.00043479
blade2,1.404907,0.04862804,0.09078946,0.603271,-0.000948052,14.362,0.0004348
blade2,1.419444,0.04908149,0.0902591,0.609312,-0.000916761,14.123,0.00043481
blade2,1.433981,0.04952131,0.08971736,0.615914,-0.000880101,13.838,0.00043481
blade2,1.448519,0.04994818,0.08916536,0.623065,-0.000837843,13.502,0.00043481
blade2,1.463057,0.05036283,0.0886041,0.63073,-0.000789945,13.11,0.00043482
blade2,1.477595,0.05076595,0.0880345,0.638857,-0.000736433,12.659,0.00043482
blade2,1.492133,0.05115828,0.0874574,0.647384,-0.000677377,12.141,0.00043482
blade2,1.506671,0.05154056,0.0868736,0.656201,-0.000613226,11.552,0.00043483
blade2,1.521209,0.05191356,0.08628381,0.665152,-0.000544892,10.889,0.00043483
blade2,1.535747,0.05227802,0.0856887,0.674068,-0.000473375,10.149,0.00043483
blade2,1.550286,0.05263441,0.08508873,0.682779,-0.000399677,9.3258,0.00043483
blade2,1.564824,0.05298302,0.08448419,0.69118,-0.000326108,8.4239,0.00043483
blade2,1.579363,0.05332405,0.08387535,0.69898,-0.000254552,7.4426,0.00043483
blade2,1.593901,0.05365776,0.08326247,0.705983,-0.000185592,6.355,0.00043483
blade2,1.608440,0.05398438,0.08264577,0.712219,-0.000121019,5.1317,0.00043483
blade2,1.622978,0.0543041,0.08202548,0.717623,-6.91571e-05,3.8793,0.00043483
blade2,1.637517,0.05461699,0.0814017,0.721993,5.8922e-05,3.5807,0.00043483
blade2,1.652055,0.05492295,0.0807745,0.72522,0.000105345,4.7879,0.00043483
blade2,1.666594,0.05522188,0.08014392,0.727204,0.000170651,6.0938,0.00043483
blade2,1.681132,0.05551369,0.07951001,0.728135,0.000246056,7.3173,0.00043483
blade2,1.695671,0.05579827,0.07887282,0.728134,0.000325217,8.4125,0.00043483
blade2,1.710209,0.05607557,0.07823244,0.726878,0.000411793,9.4662,0.00043483
blade2,1.724748,0.05634571,0.07758899,0.724352,0.000505299,10.486,0.00043483
blade2,1.739286,0.05660888,0.07694267,0.72064,0.00060489,11.473,0.00043483
blade2,1.753825,0.05686531,0.07629364,0.715785,0.000710212,12.432,0.00043483
blade2,1.768364,0.0571152,0.07564206,0.709831,0.000820765,13.364,0.00043483
blade2,1.782902,0.05735879,0.0749881,0.702802,0.000936199,14.273,0.00043483
blade2,1.797441,0.05759617,0.07433186,0.694741,0.00105605,15.159,0.00043483
blade2,1.811979,0.0578272,0.07367336,0.685727,0.00117961,16.022,0.00043483
blade2,1.826518,0.05805162,0.07301258,0.675806,0.00130679,16.863,0.00043483
blade2,1.841057,0.05826914,0.07234949,0.664986,0.00143779,17.688,0.00043483
blade2,1.855595,0.05847947,0.0716841,0.653274,0.00157275,18.5,0.00043483
blade2,1.870134,0.05868233,0.07101638,0.640693,0.00171149,19.298,0.00043483
blade2,1.884672,0.05887717,0.07034629,0.627286,0.00185392,20.085,0.00043483
blade2,1.899210,0.05906309,0.06967367,0.613025,0.00200132,20.868,0.00043483
blade2,1.913749,0.05923898,0.06899837,0.597751,0.00215585,21.659,0.00043482
blade2,1.928287,0.05940372,0.06832026,0.581221,0.00232036,22.47,0.00043482
blade2,1.942825,0.05955614,0.06763929,0.563106,0.00249845,23.316,0.00043482
blade2,1.957362,0.05969508,0.06695545,0.542951,0.00269515,24.216,0.00043481
blade2,1.971900,0.05981943,0.06626881,0.520075,0.00291618,25.19,0.00043481
blade2,1.986438,0.05992815,0.06557953,0.493614,0.00316943,26.26,0.00043481
blade2,2.000975,0.06002021,0.06488784,0.462431,0.00346558,27.46,0.0004348
blade2,2.015512,0.06009455,0.06419403,0.424864,0.00382059,28.832,0.0004348
blade2,2.030049,0.06015006,0.06349847,0.378359,0.00425566,30.429,0.00043479
blade2,2.044510,0.06018558,0.06280526,0.319555,0.00481125,32.354,0.00043479
blade2,2.058083,0.06020054,0.06215392,0.24555,0.00548488,34.545,0.0004348
blade2,2.069958,0.06019796,0.06158391,0.154774,0.00629361,37.005,0.0004348
blade2,2.080184,0.06018344,0.06109327,0.0420273,0.00730304,39.869,0.00043488
blade2,2.088990,0.06016147,0.06067116,-0.101497,0.00872468,43.612,0.00043523
blade2,2.096573,0.06013535,0.06030812,-0.283273,0.0104414,47.776,0.00043583
blade2,2.103103,0.06010737,0.05999594,-0.524414,0.0124429,52.285,0.00043692
blade2,2.108726,0.06007913,0.05972753,-0.838588,0.0132888,53.945,0.00043621
blade2,2.113568,0.06005168,0.05949674,-1.24361,0.0153085,53.252,0.00040119
blade2,2.116760,0.06014586,0.05937588,-1.87529,0.0159916,54.021,0.0003982
blade2,2.121650,0.06037858,0.05934522,-1.70968,0.0110967,49.14,0.00043484
blade2,2.127336,0.06064917,0.05930958,-1.42292,0.0091131,44.532,0.00043484
blade2,2.133814,0.06095744,0.05926897,-1.3836,0.00200618,20.894,0.00043484
blade2,2.140292,0.06126571,0.05922837,-1.39333,-8.96101e-05,4.4159,0.00043484
blade2,2.145978,0.0615363,0.05919272,-1.37998,-0.000114107,4.9831,0.00043484
blade2,2.150868,0.06176902,0.05916207,-1.3813,-0.000830162,12.295,0.00039777
blade2,2.154055,0.06189019,0.05925546,-1.36873,-0.00229695,20.596,0.00040058
blade2,2.158939,0.06191812,0.05948824,-1.38688,-0.00283283,24.753,0.00043352
blade2,2.164618,0.06194722,0.05975927,-1.4165,-0.00307895,25.76,0.00043275
blade2,2.171220,0.06197655,0.06007482,-1.46066,-0.00365788,28.148,0.00043383
blade2,2.178896,0.06200468,0.06044218,-1.51945,-0.00434398,30.716,0.00043441
blade2,2.187820,0.06202946,0.06086981,-1.59246,-0.00509999,33.307,0.00043475
blade2,2.198195,0.06204783,0.06136747,-1.67812,-0.00604264,36.26,0.00043481
blade2,2.210257,0.06205547,0.0619464,-1.77948,-0.00715857,39.465,0.0004348
blade2,2.224012,0.06204699,0.06260656,-1.89428,-0.00842093,42.803,0.0004348
blade2,2.238605,0.06201915,0.06330651,-2.01142,-0.0097478,46.053,0.0004348
blade2,2.253253,0.06197208,0.06400801,-2.12014,-0.0109904,48.9,0.0004348
blade2,2.267901,0.06190673,0.06470806,-2.21627,-0.0121152,51.342,0.00043481
blade2,2.282549,0.061824,0.06540627,-2.29488,-0.0130964,53.381,0.00043481
blade2,2.297197,0.0617248,0.06610235,-2.35268,-0.0139084,55.012,0.00043481
blade2,2.311845,0.06161004,0.06679603,-2.3877,-0.0145366,56.241,0.00043482
blade2,2.326493,0.0614806,0.06748713,-2.39953,-0.0149762,57.085,0.00043482
blade2,2.341141,0.06133738,0.06817551,-2.3886,-0.0152306,57.568,0.00043482
blade2,2.355790,0.06118138,0.06886112,-2.35461,-0.0153037,57.707,0.00043482
blade2,2.370439,0.06101363,0.06954395,-2.29786,-0.0151948,57.501,0.00043483
blade2,2.385087,0.06083517,0.07022407,-2.22188,-0.0149157,56.971,0.00043483
blade2,2.399736,0.06064703,0.07090157,-2.13105,-0.0144933,56.159,0.00043483
blade2,2.414385,0.06045021,0.07157661,-2.02872,-0.0139564,55.109,0.00043483
blade2,2.429034,0.06024555,0.07224932,-1.91757,-0.013328,53.854,0.00043483
blade2,2.443683,0.06003352,0.07291974,-1.79992,-0.0126251,52.415,0.00043483
blade2,2.458332,0.0598144,0.07358788,-1.67842,-0.0118664,50.816,0.00043483
blade2,2.472981,0.05958845,0.07425375,-1.55578,-0.0110727,49.087,0.00043483
blade2,2.487630,0.05935596,0.07491736,-1.43472,-0.0102655,47.264,0.00043483
blade2,2.502280,0.05911718,0.07557873,-1.31765,-0.00946666,45.388,0.00043483
blade2,2.516929,0.05887225,0.07623785,-1.20616,-0.00869399,43.496,0.00043483
blade2,2.531578,0.05862109,0.07689462,-1.10116,-0.00795883,41.616,0.00043483
blade2,2.546227,0.05836349,0.07754889,-1.00325,-0.00727,39.774,0.00043483
blade2,2.560876,0.05809926,0.07820051,-0.912707,-0.00663408,37.995,0.00043483
blade2,2.575525,0.05782818,0.07884931,-0.829654,-0.0060558,36.301,0.00043483
blade2,2.590174,0.05755007,0.07949512,-0.754017,-0.00553792,34.714,0.00043483
blade2,2.604823,0.05726479,0.08013781,-0.685541,-0.00508106,33.252,0.00043483
blade2,2.619472,0.05697237,0.08077727,-0.623867,-0.004684,31.926,0.00043483
blade2,2.634121,0.0566729,0.08141346,-0.568466,-0.00434421,30.746,0.00043483
blade2,2.648770,0.05636648,0.08204634,-0.518802,-0.00405721,29.713,0.00043483
blade2,2.663419,0.0560532,0.08267585,-0.474368,-0.00381781,28.823,0.00043483
blade2,2.678068,0.05573316,0.08330195,-0.434655,-0.00362022,28.067,0.00043483
blade2,2.692717,0.05540635,0.08392454,-0.399114,-0.00345847,27.433,0.00043483
blade2,2.707366,0.05507264,0.08454346,-0.367239,-0.00332675,26.906,0.00043483
blade2,2.722015,0.05473181,0.08515848,-0.338647,-0.00322066,26.473,0.00043483
blade2,2.736664,0.05438362,0.08576937,-0.313066,-0.00313724,26.128,0.00043483
blade2,2.751313,0.05402787,0.08637588,-0.290271,-0.00307368,25.862,0.00043483
blade2,2.765962,0.05366434,0.08697776,-0.269931,-0.00302502,25.656,0.00043483
blade2,2.780611,0.0532927,0.08757467,-0.251431,-0.00298229,25.474,0.00043483
blade2,2.795259,0.05291239,0.08816608,-0.233975,-0.00293291,25.263,0.00043483
blade2,2.809908,0.05252269,0.08875134,-0.216825,-0.00286481,24.967,0.00043482
blade2,2.824557,0.05212294,0.08932978,-0.199353,-0.00276813,24.542,0.00043482
blade2,2.839205,0.05171249,0.08990066,-0.181071,-0.0026345,23.942,0.00043482
blade2,2.853853,0.05129071,0.09046322,-0.161652,-0.00245666,23.12,0.00043482
blade2,2.868501,0.05085701,0.09101664,-0.141126,-0.00222878,22.022,0.00043481
blade2,2.883149,0.05041079,0.09156,-0.120472,-0.00195113,20.604,0.00043481
blade2,2.897797,0.04995149,0.09209234,-0.101711,-0.0016352,18.862,0.0004348
blade2,2.912445,0.04947857,0.0926126,-0.0855456,-0.00128475,16.719,0.0004348
blade3,0.000000,0.05614824,-0.08898779,-1.67338,-0.00023992,7.2249,0.00043479
blade3,0.014647,0.05682573,-0.08879989,-1.684,-0.000274845,7.7328,0.00043479
blade3,0.029294,0.05749718,-0.08859147,-1.69365,-0.000290391,7.9484,0.00043478
blade3,0.043941,0.05816165,-0.08836181,-1.70328,-0.000299506,8.0721,0.00043478
blade3,0.058587,0.05881813,-0.08811024,-1.71326,-0.000305815,8.1566,0.00043478
blade3,0.073234,0.0594655,-0.0878361,-1.72317,-0.000304892,8.1441,0.00043477
blade3,0.087880,0.06010253,-0.08753876,-1.73289,-0.000289862,7.9407,0.00043476
blade3,0.102525,0.0607279,-0.08721764,-1.74273,-0.000262175,7.5519,0.00043476
blade3,0.117171,0.06134028,-0.08687243,-1.75327,-0.000232046,7.1046,0.00043475
blade3,0.131816,0.06193852,-0.08650324,-1.76459,-0.000214829,6.836,0.00043475
blade3,0.146462,0.06252149,-0.08611041,-1.77574,-0.000230725,7.0843,0.00043475
blade3,0.161107,0.06308807,-0.08569429,-1.78703,-0.000305079,8.1462,0.00043475
blade3,0.175752,0.06363712,-0.0852553,-1.79864,-0.000448907,9.8816,0.00043474
blade3,0.190397,0.06416743,-0.08479387,-1.8111,-0.000653433,11.922,0.00043474
blade3,0.205042,0.06467769,-0.08431037,-1.82331,-0.000882625,13.856,0.00043473
blade3,0.219686,0.06516625,-0.08380497,-1.83152,-0.00109664,15.444,0.00043473
blade3,0.234330,0.06563119,-0.0832778,-1.83078,-0.00126038,16.557,0.00043471
blade3,0.248974,0.06607044,-0.08272906,-1.81674,-0.00134562,17.107,0.0004347
blade3,0.263617,0.06648176,-0.08215912,-1.78709,-0.0013328,17.025,0.00043469
blade3,0.278259,0.06686283,-0.08156855,-1.74288,-0.00121596,16.261,0.00043468
blade3,0.292901,0.06721175,-0.08095846,-1.68747,-0.00100619,14.792,0.00043468
blade3,0.307544,0.06752749,-0.08033054,-1.62368,-0.00072882,12.589,0.00043469
blade3,0.322186,0.06780947,-0.07968674,-1.55754,-0.000462405,10.028,0.00043469
blade3,0.336829,0.06805716,-0.07902899,-1.49678,-0.000271424,7.6827,0.00043469
blade3,0.351471,0.06827001,-0.07835915,-1.44711,0.000324879,8.4053,0.00043469
blade3,0.366114,0.06844747,-0.07767908,-1.41349,0.000650488,11.894,0.00043469
blade3,0.380757,0.06858907,-0.07699064,-1.39698,0.00119349,16.11,0.00043469
blade3,0.395399,0.06869451,-0.07629575,-1.39747,0.00186723,20.151,0.00043469
blade3,0.410042,0.06876361,-0.07559631,-1.41698,0.00264792,23.996,0.00043469
blade3,0.424685,0.06879618,-0.07489421,-1.45288,0.00348214,27.518,0.00043469
blade3,0.439327,0.06879205,-0.07419138,-1.49919,0.00430488,30.597,0.00043469
blade3,0.453970,0.06875104,-0.07348973,-1.54912,0.00506584,33.191,0.00043469
blade3,0.468612,0.06867299,-0.07279124,-1.5953,0.00570084,35.209,0.00043469
blade3,0.483254,0.06855773,-0.07209793,-1.62853,0.00615413,36.582,0.00043468
blade3,0.497897,0.06840507,-0.07141189,-1.64137,0.00636828,37.212,0.00043467
blade3,0.512538,0.06821482,-0.07073533,-1.62556,0.00631878,37.067,0.00043467
blade3,0.527180,0.06798686,-0.07007054,-1.58256,0.00602196,36.185,0.00043466
blade3,0.541821,0.06772114,-0.06941994,-1.51549,0.005491,34.553,0.00043465
blade3,0.556462,0.06741801,-0.06878591,-1.42834,0.00476104,32.174,0.00043466
blade3,0.571103,0.06707845,-0.06817062,-1.32982,0.00390627,29.143,0.00043466
blade3,0.585744,0.06670364,-0.06757614,-1.23162,0.00301911,25.621,0.00043465
blade3,0.600385,0.06629476,-0.06700457,-1.14412,0.00218683,21.805,0.00043465
blade3,0.615025,0.06585295,-0.06645806,-1.07442,0.00146665,17.857,0.00043465
blade3,0.629666,0.06537941,-0.06593882,-1.02635,0.000899357,13.983,0.00043464
blade3,0.644253,0.06487774,-0.06545037,-0.998561,0.00052568,10.691,0.00043465
blade3,0.658003,0.06438022,-0.06501673,-0.984087,0.000338046,8.5741,0.0004347
blade3,0.670062,0.06392545,-0.06465865,-0.97219,0.000305077,8.146,0.00043474
blade3,0.680435,0.06352143,-0.06436763,-0.964039,0.000536828,10.804,0.00043465
blade3,0.689358,0.0631651,-0.06412999,-0.983772,0.00116289,15.881,0.0004341
blade3,0.697033,0.06285251,-0.06393503,-1.01191,0.00203965,20.988,0.00043318
blade3,0.703635,0.06257937,-0.06377436,-0.964864,0.00242002,22.775,0.00043155
blade3,0.709313,0.06234143,-0.06364138,-0.865072,0.00153516,18.192,0.00043281
blade3,0.714198,0.06213465,-0.06353089,-0.784919,-0.00105471,13.953,0.00040049
blade3,0.717381,0.06198907,-0.06357728,-0.701084,-0.00909883,40.701,0.00039774
blade3,0.722271,0.06188204,-0.06378617,-0.67294,-0.0100904,46.859,0.00043484
blade3,0.727957,0.06175758,-0.06402908,-0.632671,-0.0104789,47.753,0.00043484
blade3,0.734435,0.06161579,-0.0643058,-0.534742,-0.0109807,48.883,0.00043484
blade3,0.740913,0.061474,-0.06458252,-0.535526,-0.0122227,51.573,0.00043484
blade3,0.746599,0.06134954,-0.06482542,-0.616633,-0.0126143,52.393,0.00043484
blade3,0.751489,0.06124251,-0.06503432,-0.517083,-0.0133629,49.387,0.00039824
blade3,0.754686,0.06128827,-0.06518082,0.123666,-0.00906226,40.979,0.00040127
blade3,0.759528,0.06149296,-0.06529087,0.514279,-0.00691616,38.987,0.00043699
blade3,0.765150,0.06172783,-0.0654238,0.790227,-0.00625855,37.183,0.00043812
blade3,0.771680,0.06199657,-0.06558505,0.958908,-0.00439885,31.054,0.00043645
blade3,0.779262,0.06230289,-0.06578157,1.06882,-0.00319867,26.422,0.00043548
blade3,0.788066,0.06265029,-0.06602222,1.13724,-0.00226035,22.18,0.00043487
blade3,0.798290,0.06304159,-0.06631835,1.18197,-0.00167055,19.06,0.0004347
blade3,0.810160,0.06347813,-0.06668457,1.21058,-0.001239,16.413,0.00043464
blade3,0.823726,0.06395128,-0.06713191,1.2282,-0.00093288,14.239,0.00043457
blade3,0.838177,0.064423,-0.06764047,1.23818,-0.00072041,12.513,0.00043457
blade3,0.852704,0.06486044,-0.06818349,1.24364,-0.000577923,11.208,0.00043458
blade3,0.867232,0.06525934,-0.06875544,1.24648,-0.000474956,10.161,0.00043459
blade3,0.881759,0.06561818,-0.06935335,1.24775,-0.000397604,9.2964,0.00043459
blade3,0.896286,0.06593535,-0.06997436,1.24805,-0.000336393,8.5509,0.00043458
blade3,0.910814,0.06620939,-0.07061558,1.24776,-0.000286115,7.8862,0.00043459
blade3,0.925342,0.06643964,-0.07127382,1.24705,-0.000244704,7.2934,0.00043461
blade3,0.939871,0.06662627,-0.07194576,1.24605,-0.000209955,6.7559,0.00043462
blade3,0.954400,0.06676963,-0.07262827,1.24484,-0.00018028,6.2604,0.00043463
blade3,0.968930,0.06687011,-0.07331841,1.24349,-0.000154522,5.796,0.00043463
blade3,0.983459,0.06692804,-0.07401343,1.24204,-0.000131842,5.3539,0.00043464
blade3,0.997989,0.06694372,-0.07471069,1.24053,-0.000111769,4.9295,0.00043464
blade3,1.012519,0.06691741,-0.07540764,1.23898,-9.42678e-05,4.5272,0.00043464
blade3,1.027050,0.06684938,-0.07610176,1.23738,-7.88515e-05,4.1405,0.00043464
blade3,1.041580,0.06673985,-0.07679055,1.23576,-6.50576e-05,3.7609,0.00043464
blade3,1.056110,0.06658909,-0.0774715,1.23411,-5.25394e-05,3.3798,0.00043464
blade3,1.070640,0.06639752,-0.07814212,1.23244,-4.10701e-05,2.9882,0.00043464
blade3,1.085170,0.06616583,-0.07879995,1.23075,-3.05609e-05,2.5777,0.00043464
blade3,1.099700,0.0658947,-0.07944252,1.22902,-2.10755e-05,2.1406,0.00043464
blade3,1.114229,0.06558482,-0.08006732,1.22727,-1.27204e-05,1.663,0.00043463
blade3,1.128759,0.06523689,-0.08067175,1.22549,-6.14573e-06,1.1559,0.00043463
blade3,1.143288,0.06485242,-0.08125363,1.22368,5.70897e-06,1.1141,0.00043465
blade3,1.157819,0.0644342,-0.08181182,1.22182,1.09447e-05,1.5427,0.00043467
blade3,1.172351,0.06398549,-0.08234585,1.2199,1.69579e-05,1.9203,0.00043469
blade3,1.186883,0.06350923,-0.08285553,1.21791,2.30782e-05,2.2403,0.00043471
blade3,1.201417,0.0630081,-0.08334081,1.21586,2.93614e-05,2.527,0.00043472
blade3,1.215950,0.06248436,-0.08380163,1.21371,3.59926e-05,2.7979,0.00043472
blade3,1.230484,0.0619398,-0.08423766,1.21148,4.33023e-05,3.0689,0.00043473
blade3,1.245018,0.06137592,-0.08464842,1.20914,5.16179e-05,3.3507,0.00043473
blade3,1.259552,0.06079415,-0.08503344,1.20666,6.10069e-05,3.6427,0.00043473
blade3,1.274086,0.06019591,-0.08539232,1.20404,7.15419e-05,3.9448,0.00043474
blade3,1.288620,0.05958257,-0.08572478,1.20129,8.3369e-05,4.2584,0.00043474
blade3,1.303155,0.05895568,-0.08603096,1.19839,9.66679e-05,4.5856,0.00043475
blade3,1.317690,0.05831692,-0.08631156,1.19531,0.000111996,4.9359,0.00043476
blade3,1.332225,0.05766783,-0.08656744,1.19202,0.000129623,5.3102,0.00043477
blade3,1.346761,0.05700982,-0.08679947,1.18852,0.000149379,5.7006,0.00043477
blade3,1.361297,0.05634415,-0.08700854,1.1848,0.000170968,6.0988,0.00043478
blade3,1.375833,0.05567195,-0.08719559,1.18085,0.00019431,6.5019,0.00043479
blade3,1.390370,0.05499424,-0.08736164,1.17664,0.000219192,6.9057,0.00043479
blade3,1.404907,0.05431196,-0.08750784,1.17219,0.000244933,7.3,0.0004348
blade3,1.419444,0.05362592,-0.08763537,1.1675,0.000271032,7.6792,0.0004348
blade3,1.433981,0.05293686,-0.08774539,1.16256,0.000297324,8.0431,0.00043481
blade3,1.448519,0.05224537,-0.08783907,1.15734,0.000324378,8.4012,0.00043481
blade3,1.463057,0.05155199,-0.08791754,1.15173,0.000353472,8.7699,0.00043482
blade3,1.477595,0.05085714,-0.08798186,1.1456,0.000385894,9.1634,0.00043482
blade3,1.492133,0.05016119,-0.08803307,1.1388,0.000422686,9.5904,0.00043482
blade3,1.506671,0.04946446,-0.08807223,1.1312,0.000464561,10.054,0.00043483
blade3,1.521209,0.04876719,-0.08810037,1.12266,0.000512021,10.555,0.00043483
blade3,1.535747,0.04806959,-0.08811844,1.11317,0.000564622,11.084,0.00043483
blade3,1.550286,0.0473718,-0.08812711,1.10275,0.000621187,11.626,0.00043483
blade3,1.564824,0.04667395,-0.08812674,1.09159,0.000679679,12.162,0.00043483
blade3,1.579363,0.04597617,-0.08811766,1.08002,0.000736048,12.656,0.00043483
blade3,1.593901,0.04527854,-0.08810022,1.06859,0.000784721,13.068,0.00043483
blade3,1.608440,0.04458115,-0.08807473,1.05804,0.000820457,13.362,0.00043483
blade3,1.622978,0.04388409,-0.08804147,1.04922,0.000838975,13.512,0.00043483
blade3,1.637517,0.04318745,-0.08800055,1.04262,0.000832989,13.463,0.00043483
blade3,1.652055,0.04249129,-0.08795192,1.03935,0.000795822,13.16,0.00043483
blade3,1.666594,0.04179573,-0.08789551,1.03996,0.000725623,12.566,0.00043483
blade3,1.681132,0.04110084,-0.08783127,1.04399,0.000627145,11.682,0.00043483
blade3,1.695671,0.04040674,-0.08775913,1.05024,0.000510941,10.544,0.00043483
blade3,1.710209,0.03971349,-0.08767909,1.05733,0.000391277,9.2274,0.00043483
blade3,1.724748,0.03902118,-0.08759131,1.06369,0.000283934,7.8604,0.00043483
blade3,1.739286,0.03832986,-0.08749606,1.06811,0.000197439,6.5547,0.00043483
blade3,1.753825,0.03763957,-0.08739362,1.07096,0.000130148,5.3218,0.00043484
blade3,1.768364,0.03695034,-0.08728425,1.07291,7.10454e-05,3.9319,0.00043484
blade3,1.782902,0.0362622,-0.08716822,1.07409,2.51507e-05,2.3395,0.00043484
blade3,1.797441,0.0355752,-0.08704567,1.07427,-9.7086e-05,4.5964,0.00043483
blade3,1.811979,0.0348894,-0.0869165,1.07413,-0.000196343,6.5365,0.00043483
blade3,1.826518,0.03420494,-0.08678046,1.07351,-0.000335166,8.5402,0.00043483
blade3,1.841057,0.03352193,-0.0866373,1.0708,-0.000492313,10.35,0.00043483
blade3,1.855595,0.03284051,-0.08648676,1.06549,-0.00064901,11.884,0.00043483
blade3,1.870134,0.03216083,-0.08632858,1.05828,-0.000784792,13.068,0.00043483
blade3,1.884672,0.03148309,-0.08616227,1.05031,-0.000895754,13.961,0.00043483
blade3,1.899210,0.03080763,-0.08598697,1.04258,-0.000985024,14.641,0.00043483
blade3,1.913749,0.03013485,-0.08580165,1.0354,-0.00105203,15.13,0.00043482
blade3,1.928287,0.02946522,-0.08560526,1.02889,-0.00109875,15.462,0.00043482
blade3,1.942825,0.02879927,-0.08539678,1.02307,-0.00112695,15.659,0.00043482
blade3,1.957362,0.02813758,-0.08517518,1.01792,-0.00113831,15.738,0.00043481
blade3,1.971900,0.02748076,-0.08493955,1.01307,-0.00113543,15.718,0.00043481
blade3,1.986438,0.02682946,-0.08468907,1.00874,-0.00111987,15.61,0.00043481
blade3,2.000975,0.02618441,-0.08442295,1.00491,-0.00109138,15.41,0.0004348
blade3,2.015512,0.02554638,-0.08414042,1.00155,-0.00104893,15.107,0.0004348
blade3,2.030049,0.02491625,-0.08384072,0.998708,-0.000990242,14.678,0.00043479
blade3,2.044510,0.02429816,-0.08352487,0.996188,-0.000912485,14.09,0.00043479
blade3,2.058083,0.0237266,-0.08321216,0.993568,-0.000813266,13.302,0.0004348
blade3,2.069958,0.02323425,-0.08292492,0.990788,-0.000695701,12.303,0.0004348
blade3,2.080184,0.0228166,-0.08266702,0.988914,-0.000559192,11.032,0.00043488
blade3,2.088990,0.02246203,-0.08243694,0.984968,-0.000449868,9.9032,0.00043523
blade3,2.096573,0.02216069,-0.0822328,0.97042,-0.000478138,10.224,0.00043583
blade3,2.103103,0.02190433,-0.08205248,0.942459,-0.000741541,12.764,0.00043692
blade3,2.108726,0.021686,-0.08189381,0.878475,-0.00087336,13.829,0.00043621
blade3,2.113568,0.02149985,-0.08175465,0.786782,0.00153937,16.887,0.00040119
blade3,2.116760,0.02134809,-0.08177578,0.60798,0.00412229,27.428,0.0003982
blade3,2.121650,0.02120518,-0.08196199,0.415291,0.00623861,36.846,0.00043484
blade3,2.127336,0.02103902,-0.08217851,0.184205,0.00734913,39.991,0.00043484
blade3,2.133814,0.02084972,-0.08242518,-0.23223,0.0105184,47.843,0.00043484
blade3,2.140292,0.02066041,-0.08267184,-0.882739,0.0161714,59.322,0.00043484
blade3,2.145978,0.02049425,-0.08288836,-1.6788,0.0175906,61.87,0.00043484
blade3,2.150868,0.02035135,-0.08307457,-2.54264,0.0226318,64.195,0.00039777
blade3,2.154055,0.02037163,-0.08322621,-3.9592,0.0278348,71.696,0.00040058
blade3,2.158939,0.02055927,-0.08336679,-3.89401,0.0244401,72.706,0.00043352
blade3,2.164618,0.02077943,-0.0835275,-3.57889,0.0228231,70.136,0.00043275
blade3,2.171220,0.02103804,-0.08371067,-3.41472,0.0167712,60.272,0.00043383
blade3,2.178896,0.02134212,-0.08391872,-3.3204,0.0109711,48.814,0.00043441
blade3,2.187820,0.02170007,-0.084154,-3.21901,0.00572547,35.291,0.00043475
blade3,2.198195,0.02212188,-0.08441873,-3.12739,0.00191332,20.403,0.00043481
blade3,2.210257,0.02261942,-0.08471481,-3.08503,0.000458005,9.9825,0.0004348
blade3,2.224012,0.02319538,-0.08503754,-3.06143,0.000201795,6.6261,0.0004348
blade3,2.238605,0.02381547,-0.08536341,-3.04743,-0.000378295,9.0723,0.0004348
blade3,2.253253,0.02444652,-0.0856734,-3.03931,-0.000594651,11.375,0.0004348
blade3,2.267901,0.02508546,-0.08596683,-3.02866,-0.000765647,12.907,0.00043481
blade3,2.282549,0.0257315,-0.08624429,-3.01664,-0.000910265,14.073,0.00043481
blade3,2.297197,0.02638391,-0.08650642,-3.00365,-0.00105099,15.122,0.00043481
blade3,2.311845,0.02704204,-0.08675388,-2.9865,-0.00118594,16.064,0.00043481
blade3,2.326493,0.02770527,-0.08698732,-2.95918,-0.00128002,16.689,0.00043482
blade3,2.341142,0.02837303,-0.08720748,-2.91611,-0.00128375,16.713,0.00043482
blade3,2.355790,0.02904479,-0.08741518,-2.85406,-0.00120856,16.217,0.00043482
blade3,2.370439,0.02972001,-0.08761133,-2.77262,-0.00107951,15.326,0.00043482
blade3,2.385087,0.03039824,-0.08779684,-2.67666,-0.000902167,14.011,0.00043483
blade3,2.399736,0.03107905,-0.08797265,-2.57126,-0.00070185,12.358,0.00043483
blade3,2.414385,0.03176206,-0.08813972,-2.46221,-0.000504059,10.473,0.00043483
blade3,2.429034,0.03244697,-0.08829883,-2.35452,-0.000332461,8.5056,0.00043483
blade3,2.443683,0.03313359,-0.08845042,-2.25177,-0.000218898,6.9017,0.00043483
blade3,2.458332,0.03382178,-0.08859473,-2.15582,0.00023248,7.1126,0.00043483
blade3,2.472981,0.03451141,-0.08873199,-2.07067,0.000351113,8.741,0.00043483
blade3,2.487630,0.03520236,-0.08886245,-1.99895,0.000527792,10.717,0.00043483
blade3,2.502280,0.03589451,-0.08898634,-1.9392,0.000732054,12.621,0.00043483
blade3,2.516929,0.03658779,-0.08910379,-1.88933,0.000945722,14.346,0.00043483
blade3,2.531578,0.03728215,-0.08921466,-1.8478,0.0011554,15.856,0.00043483
blade3,2.546227,0.03797756,-0.08931872,-1.8132,0.00135114,17.147,0.00043483
blade3,2.560876,0.038674,-0.08941569,-1.78432,0.001523,18.205,0.00043483
blade3,2.575525,0.03937142,-0.08950533,-1.76014,0.00166241,19.02,0.00043483
blade3,2.590174,0.04006976,-0.08958738,-1.73982,0.00176259,19.584,0.00043483
blade3,2.604823,0.04076898,-0.08966166,-1.72282,0.00181835,19.892,0.00043483
blade3,2.619472,0.04146899,-0.08972815,-1.70864,0.00183091,19.96,0.00043483
blade3,2.634121,0.04216968,-0.0897869,-1.69689,0.00180491,19.818,0.00043483
blade3,2.648770,0.04287097,-0.08983797,-1.68639,0.00174147,19.467,0.00043483
blade3,2.663419,0.04357278,-0.08988142,-1.67711,0.00164567,18.924,0.00043483
blade3,2.678068,0.04427502,-0.08991731,-1.66916,0.0015252,18.218,0.00043483
blade3,2.692717,0.04497761,-0.08994558,-1.66242,0.00138641,17.369,0.00043483
blade3,2.707366,0.04568046,-0.08996604,-1.65671,0.0012335,16.383,0.00043483
blade3,2.722015,0.0463835,-0.08997837,-1.65197,0.00107162,15.27,0.00043483
blade3,2.736664,0.04708664,-0.08998228,-1.64814,0.000906477,14.045,0.00043483
blade3,2.751313,0.04778977,-0.08997744,-1.64511,0.000744209,12.726,0.00043483
blade3,2.765962,0.04849278,-0.08996356,-1.64271,0.000591074,11.341,0.00043483
blade3,2.780611,0.04919554,-0.08994017,-1.6408,0.000452505,9.923,0.00043483
blade3,2.795259,0.04989787,-0.08990651,-1.63936,0.000334017,8.5254,0.00043483
blade3,2.809908,0.05059957,-0.08986165,-1.6385,0.000227455,7.0352,0.00043482
blade3,2.824557,0.05130039,-0.08980468,-1.63856,0.000128488,5.2875,0.00043482
blade3,2.839205,0.05200002,-0.08973465,-1.63994,5.70149e-05,3.5222,0.00043482
blade3,2.853853,0.0526981,-0.08965066,-1.64244,-7.99535e-05,4.171,0.00043482
blade3,2.868501,0.05339422,-0.08955178,-1.64485,-0.000116687,5.0388,0.00043481
blade3,2.883149,0.05408789,-0.08943703,-1.64843,-0.000110614,4.9059,0.00043481
blade3,2.897797,0.05477856,-0.08930543,-1.65439,-0.000129357,5.3052,0.0004348
blade3,2.912445,0.05546558,-0.089156,-1.66296,-0.000188087,6.3971,0.0004348
