rotor,ra_label_um,fuzzy_skin_mm,test_date,mounting,fan_rpm_cmd,fan_rpm_logged,wind_mps_nominal,wind_mps_logged,p_max_raw_w,i_at_p_max_raw_a,v_at_p_max_raw_v,p_max_fit_w,i_at_p_max_fit_a,fit_points,v_first_step_v,i_first_step_a,n_steps,limited_by,clean
v1_Ra20,20,0.05,2026-08-20,original,500,496,10.236,10.14,0.0297,0.018,1.6473,0.0296367,0.0172588,5,2.8477,0.001,15,power-rolloff,1
v1_Ra20,20,0.05,2026-08-20,original,600,593,12.368,12.22,0.0604,0.0255,2.3687,0.059061,0.0255019,5,4.4662,0.0011,20,power-rolloff,1
v1_Ra20,20,0.05,2026-08-20,original,700,693,14.5,14.36,0.1047,0.038,2.7547,0.1047,0.038,0,5.6228,0.0015,22,power-rolloff,1
v1_Ra20,20,0.05,2026-08-20,original,800,794,16.632,16.5,0.1769,0.0538,3.2885,0.176146,0.0576329,5,6.7441,0.0019,21,power-rolloff,1
v1_Ra20,20,0.05,2026-08-20,original,900,894,18.764,18.63,0.2732,0.0684,3.9942,0.274323,0.0623687,5,7.8629,0.0024,23,power-rolloff,1
v1_Ra20,20,0.05,2026-08-20,original,1000,991,20.896,20.71,0.4227,0.0788,5.3637,0.408797,0.0733823,5,9.1942,0.003,22,power-rolloff,1
v1_Ra20,20,0.05,2026-08-20,original,1100,1089,23.028,22.78,0.6433,0.1104,5.827,0.632009,0.112066,5,10.9772,0.0037,22,power-rolloff,1
v1_Ra20,20,0.05,2026-08-20,original,1200,1189,25.16,24.92,0.9592,0.1582,6.0633,0.954163,0.151906,5,12.8511,0.0044,25,power-rolloff,1
v1_Ra20,20,0.05,2026-08-20,original,1300,1286,27.292,27,1.3286,0.1862,7.1353,1.32085,0.182705,5,14.5655,0.0052,27,power-rolloff,1
v1_Ra20,20,0.05,2026-08-20,original,1400,1384,29.424,29.07,1.6653,0.2404,6.9273,1.62254,0.227743,5,16.4061,0.006,27,power-rolloff,1
v1_Ra20,20,0.05,2026-08-20,original,1500,1484,31.556,31.21,2.0806,0.2627,7.9199,2.0454,0.271423,5,18.114,0.0069,28,power-rolloff,1
v1_Ra20,20,0.05,2026-08-20,original,1600,1581,33.688,33.29,2.5188,0.2994,8.4128,2.47952,0.289869,5,20.0943,0.0079,29,power-rolloff,1
v1_Ra20,20,0.05,2026-08-20,original,1700,1682,35.82,35.43,3.0329,0.2494,12.1609,2.99656,0.281871,5,21.7075,0.0089,28,power-rolloff,1
v1_Ra20,20,0.05,2026-08-20,original,1800,1779,37.952,37.5,3.7935,0.32,11.8546,3.72171,0.328314,5,23.9166,0.01,27,power-rolloff,1
v1_Ra40,40,0.101,2026-09-01,original,500,500,10.236,10.24,0.0298,0.018,1.6558,0.029261,0.0158,5,2.9881,0.001,16,power-rolloff,1
v1_Ra40,40,0.101,2026-09-01,original,600,600,12.368,12.37,0.0658,0.0319,2.0635,0.0658,0.0319,0,4.5851,0.0011,22,power-rolloff,1
v1_Ra40,40,0.101,2026-09-01,original,700,700,14.5,14.5,0.121,0.038,3.1829,0.118556,0.0386671,5,5.7875,0.0015,21,power-rolloff,1
v1_Ra40,40,0.101,2026-09-01,original,800,800,16.632,16.63,0.192,0.0576,3.334,0.185104,0.0592095,5,6.9617,0.0019,24,power-rolloff,1
v1_Ra40,40,0.101,2026-09-01,original,900,900,18.764,18.76,0.2974,0.0684,4.3482,0.296465,0.0654181,5,8.1385,0.0024,23,power-rolloff,1
v1_Ra40,40,0.101,2026-09-01,original,1000,1000,20.896,20.9,0.4642,0.0909,5.1072,0.453247,0.0908393,5,9.9428,0.003,23,power-rolloff,1
v1_Ra40,40,0.101,2026-09-01,original,1100,1100,23.028,23.03,0.751,0.1252,5.9986,0.750004,0.121602,5,11.7345,0.0037,25,power-rolloff,1
v1_Ra40,40,0.101,2026-09-01,original,1200,1200,25.16,25.16,1.0407,0.1494,6.9656,1.03748,0.152886,5,13.4869,0.0044,27,power-rolloff,1
v1_Ra40,40,0.101,2026-09-01,original,1300,1300,27.292,27.29,1.4007,0.2172,6.4488,1.38205,0.215018,5,15.2117,0.0052,28,power-rolloff,1
v1_Ra40,40,0.101,2026-09-01,original,1400,1400,29.424,29.42,1.774,0.2284,7.767,1.77098,0.226819,5,16.7657,0.006,29,power-rolloff,1
v1_Ra40,40,0.101,2026-09-01,original,1500,1500,31.556,31.56,2.194,0.2489,8.8147,2.19526,0.264961,5,18.5654,0.0069,29,power-rolloff,1
v1_Ra40,40,0.101,2026-09-01,original,1600,1601,33.688,33.71,2.6547,0.2994,8.8668,2.6427,0.282933,5,20.8996,0.0079,29,power-rolloff,1
v1_Ra40,40,0.101,2026-09-01,original,1700,1701,35.82,35.84,3.3576,0.3563,9.4234,3.32476,0.338556,5,22.3369,0.0089,27,power-rolloff,1
v1_Ra40,40,0.101,2026-09-01,original,1800,1800,37.952,37.95,4.0961,0.34,12.0475,4.10179,0.345012,5,24.3451,0.01,29,power-rolloff,1
v1_Ra80,80,0.202,2026-08-26,original,500,500,10.236,10.24,0.033,0.018,1.8325,0.0315802,0.0184667,5,2.9376,0.001,15,power-rolloff,1
v1_Ra80,80,0.202,2026-08-26,original,600,600,12.368,12.37,0.066,0.0319,2.0687,0.0657158,0.0317453,5,4.6291,0.0011,21,power-rolloff,1
v1_Ra80,80,0.202,2026-08-26,original,700,700,14.5,14.5,0.118,0.0409,2.8847,0.115752,0.0410738,5,5.6677,0.0015,23,power-rolloff,1
v1_Ra80,80,0.202,2026-08-26,original,800,800,16.632,16.63,0.1925,0.0615,3.1303,0.187741,0.0614869,5,6.9228,0.0019,22,power-rolloff,1
v1_Ra80,80,0.202,2026-08-26,original,900,900,18.764,18.76,0.3079,0.0684,4.5017,0.30233,0.0655951,5,8.4607,0.0024,22,power-rolloff,1
v1_Ra80,80,0.202,2026-08-26,original,1000,1000,20.896,20.9,0.5265,0.0909,5.7919,0.524812,0.0955086,5,10.3393,0.003,24,power-rolloff,1
v1_Ra80,80,0.202,2026-08-26,original,1100,1101,23.028,23.05,0.8044,0.1252,6.4252,0.798985,0.124668,5,12.0674,0.0037,27,power-rolloff,1
v1_Ra80,80,0.202,2026-08-26,original,1200,1200,25.16,25.16,1.1009,0.1758,6.2623,1.0917,0.167949,5,13.7574,0.0044,27,power-rolloff,1
v1_Ra80,80,0.202,2026-08-26,original,1300,1300,27.292,27.29,1.4455,0.1758,8.2223,1.43947,0.18185,5,15.4133,0.0052,27,power-rolloff,1
v1_Ra80,80,0.202,2026-08-26,original,1400,1401,29.424,29.45,1.8391,0.2164,8.4985,1.81704,0.223144,5,17.3805,0.006,30,power-rolloff,1
v1_Ra80,80,0.202,2026-08-26,original,1500,1500,31.556,31.56,2.2569,0.2489,9.0675,2.24463,0.257738,5,19.2016,0.0069,29,power-rolloff,1
v1_Ra80,80,0.202,2026-08-26,original,1600,1600,33.688,33.69,2.8299,0.2837,9.975,2.78456,0.279222,5,21.249,0.0079,28,power-rolloff,1
v1_Ra80,80,0.202,2026-08-26,original,1700,1701,35.82,35.84,3.529,0.2672,13.2074,3.5181,0.272671,5,23.3268,0.0089,29,power-rolloff,1
v1_Ra80,80,0.202,2026-08-26,original,1800,1800,37.952,37.95,4.4981,0.4,11.2453,4.43174,0.391021,5,26.4197,0.01,28,power-rolloff,1
