fan_rpm_cmd,wind_mps_nominal,v_oc,r_int,r2,n,p_match
500,10.236,3.325575271440772,88.76980602659512,0.9753889281053076,15,0.031146431937411775
600,12.368,4.715654274374228,85.19020300124988,0.9953301437755891,21,0.06525807678582966
700,14.5,5.790042110771584,72.81903600560251,0.9956634654694305,23,0.11509554878592788
800,16.631999999999998,7.005801418060355,64.70595051431376,0.9945639756243206,22,0.18963191607253765
900,18.764,8.453611187980233,60.27120174550731,0.9952403480174896,22,0.2964249096081428
1000,20.896,10.314547943308689,52.23499799535232,0.9938073194444764,24,0.5091887783947062
1100,23.028,12.062690320171432,46.7777369000188,0.9963227891708786,27,0.777658921761022
1200,25.16,13.80386304415374,44.341339394145294,0.9985240447736228,27,1.0743170906950128
1300,27.291999999999998,15.310547040338527,41.6459276823381,0.9983098329535974,27,1.4071775064205891
1400,29.424,16.793588710248212,38.529025730115464,0.9946287978714909,30,1.829949086595623
1500,31.555999999999997,18.78445980150702,38.43983458059704,0.9944377029172302,29,2.294858535971311
1600,33.687999999999995,20.760399356258343,37.92249098449771,0.9947355481615708,28,2.8412834326173178
1700,35.82,22.85266939743388,37.0533978439379,0.9960348017978353,29,3.5235938468315964
1800,37.952,25.68086751337756,36.947026469560285,0.9933217370748972,28,4.4625171445326055
