# _smoke_a000_U23_SST_medium_Co5n2 t=0.0012383535 s (inst); s/c with c=0.048 m; Cp=(p-p_inf)/(0.5U^2), p_inf=0; Cf signed by near-wall flow direction; tau_w from wallShearStress
patch,s_over_c,x_m,y_m,Cp,Cf,yplus,d_first_m
blade,0.000000,-0.01234397,-0.02742923,-3.57645,-0.0596099,0.54253,2.0713e-06
blade,0.001059,-0.01229883,-0.02740582,-3.63854,-0.0173693,0.3181,2.2499e-06
blade,0.002253,-0.01224801,-0.0273793,-3.58406,-0.0229824,0.36595,2.2501e-06
blade,0.003600,-0.0121908,-0.02734923,-3.56565,-0.0184457,0.32786,2.2503e-06
blade,0.005118,-0.01212642,-0.0273151,-3.53624,-0.0181784,0.32543,2.2499e-06
blade,0.006829,-0.01205399,-0.02727635,-3.50896,-0.0172661,0.31717,2.25e-06
blade,0.008759,-0.0119725,-0.02723231,-3.47688,-0.0169269,0.31405,2.2501e-06
blade,0.010935,-0.01188087,-0.02718221,-3.44002,-0.0164119,0.30922,2.25e-06
blade,0.013388,-0.01177787,-0.02712518,-3.39623,-0.0155897,0.30139,2.2501e-06
blade,0.016153,-0.01166212,-0.02706017,-3.34513,-0.0139889,0.28546,2.2498e-06
blade,0.019181,-0.01153589,-0.02698818,-3.29044,-0.011186,0.25523,2.2495e-06
blade,0.022305,-0.01140614,-0.026913,-3.24245,-0.00709333,0.20328,2.2499e-06
blade,0.025429,-0.01127693,-0.02683691,-3.21062,-0.00228856,0.11547,2.2499e-06
blade,0.028553,-0.01114825,-0.02675992,-3.19652,0.00256518,0.12225,2.2499e-06
blade,0.031677,-0.0110201,-0.02668204,-3.19919,0.0072424,0.20544,2.2502e-06
blade,0.034801,-0.01089249,-0.02660328,-3.21723,0.0117236,0.2614,2.2504e-06
blade,0.037925,-0.01076542,-0.02652366,-3.24969,0.0160343,0.30572,2.2505e-06
blade,0.041049,-0.01063889,-0.02644318,-3.29574,0.0200479,0.34182,2.2503e-06
blade,0.044173,-0.01051289,-0.02636186,-3.35375,0.0233345,0.36873,2.2501e-06
blade,0.047298,-0.01038744,-0.02627971,-3.41734,0.0255163,0.38554,2.2498e-06
blade,0.050422,-0.01026253,-0.02619673,-3.48033,0.0265246,0.39311,2.2499e-06
blade,0.053546,-0.01013817,-0.02611295,-3.53765,0.0263925,0.39214,2.25e-06
blade,0.056670,-0.01001434,-0.02602837,-3.58507,0.025275,0.38373,2.2499e-06
blade,0.059794,-0.00989106,-0.02594299,-3.6209,0.0233133,0.36852,2.2498e-06
blade,0.062918,-0.00976832,-0.02585685,-3.64377,0.0206362,0.34669,2.2496e-06
blade,0.066042,-0.009646121,-0.02576993,-3.65349,0.0175258,0.31952,2.2498e-06
blade,0.069166,-0.009524464,-0.02568225,-3.65298,0.0141546,0.28716,2.2499e-06
blade,0.072290,-0.009403348,-0.02559384,-3.64344,0.0107622,0.25036,2.2496e-06
blade,0.075414,-0.009282773,-0.02550468,-3.62883,0.0076925,0.21164,2.2493e-06
blade,0.078538,-0.009162738,-0.0254148,-3.61224,0.00517124,0.17354,2.2496e-06
blade,0.081663,-0.009043242,-0.0253242,-3.59607,0.00334973,0.13968,2.2497e-06
blade,0.084787,-0.008924284,-0.0252329,-3.58127,0.00224135,0.11427,2.2498e-06
blade,0.087911,-0.008805863,-0.02514091,-3.56769,0.00179259,0.1022,2.25e-06
blade,0.091035,-0.008687978,-0.02504822,-3.55522,0.00194676,0.10651,2.2501e-06
blade,0.094159,-0.008570627,-0.02495486,-3.54447,0.0026095,0.12331,2.2502e-06
blade,0.097283,-0.00845381,-0.02486084,-3.53617,0.0036567,0.14598,2.2503e-06
blade,0.100407,-0.008337523,-0.02476616,-3.53082,0.0050171,0.17099,2.2503e-06
blade,0.103531,-0.008221766,-0.02467083,-3.52912,0.00662232,0.19645,2.2503e-06
blade,0.106655,-0.008106538,-0.02457486,-3.53219,0.00822905,0.21898,2.2501e-06
blade,0.109779,-0.007991835,-0.02447827,-3.54004,0.00942831,0.23438,2.2501e-06
blade,0.112904,-0.007877655,-0.02438106,-3.55077,0.00994912,0.24077,2.2501e-06
blade,0.116028,-0.007763998,-0.02428324,-3.562,0.00989649,0.24013,2.2501e-06
blade,0.119152,-0.007650859,-0.02418482,-3.57219,0.00969959,0.23772,2.25e-06
blade,0.122276,-0.007538237,-0.02408581,-3.58246,0.00972814,0.23805,2.2498e-06
blade,0.125400,-0.007426129,-0.02398621,-3.59355,0.0101219,0.2428,2.2496e-06
blade,0.128524,-0.007314533,-0.02388605,-3.60745,0.0107889,0.2507,2.2498e-06
blade,0.131648,-0.007203446,-0.02378531,-3.62501,0.0115145,0.259,2.2499e-06
blade,0.134772,-0.007092865,-0.02368403,-3.64628,0.0122251,0.26685,2.2497e-06
blade,0.137896,-0.006982788,-0.02358219,-3.67166,0.0129461,0.27465,2.2501e-06
blade,0.141020,-0.00687321,-0.02347982,-3.70138,0.0136424,0.28194,2.2501e-06
blade,0.144145,-0.00676413,-0.02337692,-3.73503,0.0141603,0.28724,2.2501e-06
blade,0.147269,-0.006655543,-0.0232735,-3.77235,0.0144365,0.29007,2.2504e-06
blade,0.150393,-0.006547448,-0.02316957,-3.81639,0.0145608,0.2913,2.2503e-06
blade,0.153517,-0.00643984,-0.02306513,-3.87224,0.0143903,0.28958,2.2502e-06
blade,0.156641,-0.006332716,-0.02296019,-3.9421,0.0135614,0.2811,2.2501e-06
blade,0.159765,-0.006226074,-0.02285477,-4.02627,0.0118762,0.26303,2.2498e-06
blade,0.162889,-0.006119908,-0.02274886,-4.12477,0.00929764,0.23275,2.25e-06
blade,0.166013,-0.006014217,-0.02264248,-4.23417,0.00585363,0.18468,2.2501e-06
blade,0.169137,-0.005908995,-0.02253564,-4.34877,0.0017517,0.10101,2.2498e-06
blade,0.172261,-0.005804241,-0.02242834,-4.46302,-0.0027082,0.1256,2.2497e-06
blade,0.175386,-0.005699949,-0.02232059,-4.57208,-0.00727204,0.20584,2.2501e-06
blade,0.178510,-0.005596116,-0.02221239,-4.67224,-0.0117487,0.26167,2.2503e-06
blade,0.181634,-0.005492736,-0.02210376,-4.76107,-0.0160173,0.30555,2.2505e-06
blade,0.184758,-0.005389805,-0.02199471,-4.83713,-0.0200106,0.34152,2.2505e-06
blade,0.187882,-0.005287318,-0.02188524,-4.89977,-0.0236948,0.37159,2.2502e-06
blade,0.191006,-0.005185268,-0.02177537,-4.94885,-0.0270662,0.3971,2.25e-06
blade,0.194130,-0.00508365,-0.02166509,-4.98453,-0.0301316,0.41898,2.2499e-06
blade,0.197254,-0.004982458,-0.02155442,-5.00719,-0.0329026,0.4378,2.2498e-06
blade,0.200378,-0.004881686,-0.02144337,-5.01735,-0.0353908,0.45409,2.25e-06
blade,0.203503,-0.004781329,-0.02133195,-5.01557,-0.0376096,0.46817,2.2503e-06
blade,0.206627,-0.004681381,-0.02122015,-5.00246,-0.0395718,0.48022,2.2503e-06
blade,0.209751,-0.004581835,-0.021108,-4.97869,-0.0412891,0.49053,2.2502e-06
blade,0.212875,-0.004482686,-0.0209955,-4.94497,-0.0427746,0.49926,2.2502e-06
blade,0.215999,-0.004383926,-0.02088266,-4.90198,-0.0440382,0.50655,2.25e-06
blade,0.219123,-0.004285551,-0.02076948,-4.85045,-0.0450911,0.51259,2.2502e-06
blade,0.222247,-0.004187553,-0.02065597,-4.79116,-0.045943,0.5174,2.2501e-06
blade,0.225371,-0.004089926,-0.02054215,-4.72485,-0.0466059,0.52112,2.2501e-06
blade,0.228495,-0.003992664,-0.02042801,-4.65228,-0.0470938,0.52382,2.25e-06
blade,0.231620,-0.00389576,-0.02031357,-4.57414,-0.0474218,0.5256,2.2498e-06
blade,0.234744,-0.003799207,-0.02019883,-4.49106,-0.0476018,0.5266,2.2499e-06
blade,0.237868,-0.003702999,-0.02008381,-4.40366,-0.0476416,0.52682,2.2498e-06
blade,0.240992,-0.003607129,-0.0199685,-4.31251,-0.0475481,0.52629,2.2498e-06
blade,0.244116,-0.00351159,-0.01985291,-4.21822,-0.0473301,0.52512,2.25e-06
blade,0.247240,-0.003416376,-0.01973706,-4.12134,-0.0469955,0.52328,2.2501e-06
blade,0.250364,-0.003321479,-0.01962095,-4.02244,-0.0465527,0.52082,2.2501e-06
blade,0.253488,-0.003226893,-0.01950459,-3.92208,-0.0460121,0.51778,2.25e-06
blade,0.256612,-0.00313261,-0.01938798,-3.82074,-0.0453827,0.51419,2.2499e-06
blade,0.259737,-0.003038625,-0.01927113,-3.7189,-0.0446724,0.5102,2.2501e-06
blade,0.262861,-0.002944929,-0.01915404,-3.61705,-0.0438934,0.50575,2.2502e-06
blade,0.265985,-0.002851517,-0.01903674,-3.51555,-0.04306,0.50087,2.25e-06
blade,0.269109,-0.002758386,-0.0189192,-3.4147,-0.0421803,0.49573,2.25e-06
blade,0.272233,-0.002665535,-0.01880145,-3.31479,-0.0412593,0.49028,2.2499e-06
blade,0.275357,-0.002572962,-0.01868348,-3.21608,-0.0403034,0.48456,2.2499e-06
blade,0.278481,-0.002480666,-0.01856529,-3.11881,-0.039319,0.47866,2.2501e-06
blade,0.281605,-0.002388645,-0.01844688,-3.0232,-0.0383117,0.47247,2.25e-06
blade,0.284729,-0.002296898,-0.01832827,-2.92944,-0.037287,0.4661,2.25e-06
blade,0.287854,-0.002205424,-0.01820944,-2.83769,-0.0362504,0.45957,2.25e-06
blade,0.290978,-0.00211422,-0.01809041,-2.74807,-0.0352071,0.45289,2.2499e-06
blade,0.294102,-0.002023286,-0.01797117,-2.66071,-0.0341614,0.44615,2.2501e-06
blade,0.297226,-0.00193262,-0.01785173,-2.5757,-0.033118,0.43926,2.25e-06
blade,0.300350,-0.001842219,-0.01773208,-2.4931,-0.0320803,0.4323,2.2498e-06
blade,0.303474,-0.001752084,-0.01761223,-2.41296,-0.0310524,0.42534,2.25e-06
blade,0.306598,-0.001662211,-0.01749219,-2.33532,-0.0300366,0.41836,2.2501e-06
blade,0.309722,-0.0015726,-0.01737195,-2.2602,-0.0290361,0.4113,2.25e-06
blade,0.312846,-0.001483249,-0.01725152,-2.18761,-0.0280534,0.4043,2.25e-06
blade,0.315971,-0.001394157,-0.0171309,-2.11752,-0.027091,0.39731,2.2501e-06
blade,0.319095,-0.001305321,-0.01701009,-2.04992,-0.0261513,0.39033,2.2499e-06
blade,0.322219,-0.00121674,-0.01688909,-1.98478,-0.0252359,0.38344,2.25e-06
blade,0.325343,-0.001128413,-0.01676791,-1.92205,-0.0243461,0.37663,2.25e-06
blade,0.328467,-0.001040338,-0.01664654,-1.86167,-0.0234827,0.36989,2.25e-06
blade,0.331591,-0.0009525131,-0.01652499,-1.80359,-0.0226459,0.36324,2.25e-06
blade,0.334715,-0.0008649369,-0.01640326,-1.74777,-0.0218363,0.35669,2.25e-06
blade,0.337839,-0.0007776077,-0.01628136,-1.69413,-0.0210542,0.35024,2.25e-06
blade,0.340963,-0.0006905239,-0.01615928,-1.64263,-0.0202994,0.34395,2.2503e-06
blade,0.344088,-0.0006036837,-0.01603702,-1.59318,-0.0195725,0.33772,2.2502e-06
blade,0.347212,-0.0005170855,-0.0159146,-1.54572,-0.0188732,0.33159,2.2499e-06
blade,0.350336,-0.0004307277,-0.015792,-1.50017,-0.018202,0.32566,2.2501e-06
blade,0.353460,-0.0003446094,-0.01566924,-1.45647,-0.0175598,0.31988,2.2501e-06
blade,0.356584,-0.0002587319,-0.01554631,-1.41453,-0.0169454,0.3142,2.2499e-06
blade,0.359708,-0.0001730974,-0.01542321,-1.37426,-0.0163574,0.3087,2.2499e-06
blade,0.362832,-8.770823e-05,-0.01529994,-1.3356,-0.0157946,0.30334,2.2499e-06
blade,0.365956,-2.566663e-06,-0.01517649,-1.29848,-0.0152563,0.29813,2.2499e-06
blade,0.369080,8.23249e-05,-0.01505288,-1.26282,-0.0147418,0.29306,2.2499e-06
blade,0.372205,0.0001669641,-0.01492909,-1.22857,-0.014251,0.28815,2.25e-06
blade,0.375329,0.0002513486,-0.01480513,-1.19566,-0.0137834,0.28339,2.25e-06
blade,0.378453,0.0003354761,-0.01468099,-1.16402,-0.0133381,0.27878,2.2501e-06
blade,0.381577,0.0004193441,-0.01455668,-1.1336,-0.0129144,0.27432,2.2501e-06
blade,0.384701,0.0005029502,-0.01443219,-1.10433,-0.012511,0.26998,2.25e-06
blade,0.387825,0.0005862922,-0.01430753,-1.07616,-0.012127,0.26581,2.25e-06
blade,0.390949,0.0006693675,-0.01418268,-1.04904,-0.0117614,0.26177,2.25e-06
blade,0.394073,0.0007521738,-0.01405766,-1.02292,-0.0114137,0.25787,2.2499e-06
blade,0.397197,0.0008347086,-0.01393246,-0.997742,-0.0110832,0.25411,2.25e-06
blade,0.400322,0.0009169696,-0.01380708,-0.973469,-0.0107696,0.2505,2.2501e-06
blade,0.403446,0.0009989543,-0.01368152,-0.950052,-0.0104723,0.24702,2.2501e-06
blade,0.406570,0.00108066,-0.01355578,-0.927444,-0.0101909,0.24368,2.2501e-06
blade,0.409694,0.001162085,-0.01342985,-0.905604,-0.00992461,0.24048,2.2501e-06
blade,0.412818,0.001243227,-0.01330374,-0.884488,-0.00967294,0.2374,2.25e-06
blade,0.415942,0.001324082,-0.01317745,-0.864057,-0.00943504,0.23446,2.25e-06
blade,0.419066,0.001404649,-0.01305098,-0.844275,-0.00921012,0.23164,2.2499e-06
blade,0.422190,0.001484924,-0.01292431,-0.825104,-0.00899758,0.22895,2.2499e-06
blade,0.425314,0.001564907,-0.01279747,-0.806512,-0.00879668,0.22638,2.2499e-06
blade,0.428439,0.001644593,-0.01267044,-0.788465,-0.0086067,0.22392,2.2499e-06
blade,0.431563,0.001723981,-0.01254322,-0.770935,-0.00842664,0.22157,2.25e-06
blade,0.434687,0.001803069,-0.01241581,-0.753892,-0.0082557,0.21932,2.25e-06
blade,0.437811,0.001881853,-0.01228822,-0.737311,-0.00809295,0.21715,2.2501e-06
blade,0.440935,0.001960331,-0.01216043,-0.721173,-0.00793743,0.21505,2.2501e-06
blade,0.444059,0.002038504,-0.01203246,-0.705462,-0.00778879,0.21303,2.2501e-06
blade,0.447183,0.002116371,-0.01190431,-0.690154,-0.00764689,0.21108,2.25e-06
blade,0.450307,0.002193932,-0.01177597,-0.675233,-0.00751142,0.20919,2.2499e-06
blade,0.453431,0.002271187,-0.01164744,-0.66068,-0.00738209,0.20738,2.2499e-06
blade,0.456556,0.002348136,-0.01151873,-0.646481,-0.00725869,0.20564,2.2499e-06
blade,0.459680,0.002424781,-0.01138984,-0.63262,-0.0071412,0.20398,2.25e-06
blade,0.462804,0.00250112,-0.01126077,-0.619079,-0.00702956,0.20238,2.2501e-06
blade,0.465928,0.002577154,-0.01113152,-0.605842,-0.00692356,0.20085,2.25e-06
blade,0.469052,0.002652883,-0.01100209,-0.592894,-0.00682281,0.19938,2.25e-06
blade,0.472176,0.002728307,-0.01087248,-0.580219,-0.0067269,0.19798,2.2501e-06
blade,0.475300,0.002803426,-0.01074269,-0.567805,-0.00663545,0.19663,2.2501e-06
blade,0.478424,0.002878241,-0.01061273,-0.55564,-0.00654811,0.19533,2.2501e-06
blade,0.481549,0.002952752,-0.01048259,-0.543713,-0.00646458,0.19408,2.25e-06
blade,0.484673,0.003026959,-0.01035228,-0.532012,-0.00638459,0.19288,2.2501e-06
blade,0.487797,0.003100861,-0.0102218,-0.520528,-0.00630786,0.19171,2.25e-06
blade,0.490921,0.003174459,-0.01009115,-0.509253,-0.00623415,0.19058,2.25e-06
blade,0.494045,0.003247754,-0.009960324,-0.498176,-0.00616322,0.1895,2.2501e-06
blade,0.497169,0.003320745,-0.009829329,-0.487292,-0.00609492,0.18844,2.25e-06
blade,0.500293,0.003393432,-0.009698166,-0.476592,-0.00602917,0.18742,2.2499e-06
blade,0.503417,0.003465816,-0.009566836,-0.466068,-0.0059659,0.18643,2.2499e-06
blade,0.506541,0.003537896,-0.009435338,-0.455714,-0.00590496,0.18548,2.25e-06
blade,0.509665,0.003609674,-0.009303675,-0.445523,-0.00584612,0.18456,2.2501e-06
blade,0.512790,0.003681148,-0.009171846,-0.435488,-0.00578914,0.18366,2.2501e-06
blade,0.515914,0.00375232,-0.009039855,-0.425605,-0.00573381,0.18278,2.25e-06
blade,0.519038,0.003823188,-0.0089077,-0.415869,-0.00567989,0.18191,2.2499e-06
blade,0.522162,0.003893755,-0.008775384,-0.406276,-0.00562719,0.18106,2.2499e-06
blade,0.525286,0.003964019,-0.008642906,-0.396823,-0.00557561,0.18023,2.2499e-06
blade,0.528410,0.004033979,-0.008510269,-0.387506,-0.00552524,0.1794,2.2498e-06
blade,0.531534,0.004103635,-0.008377471,-0.378324,-0.00547611,0.17862,2.25e-06
blade,0.534658,0.004172984,-0.008244513,-0.369273,-0.00542817,0.17785,2.2502e-06
blade,0.537783,0.004242022,-0.008111393,-0.360349,-0.00538143,0.17707,2.25e-06
blade,0.540907,0.004310746,-0.007978111,-0.35155,-0.00533584,0.17632,2.25e-06
blade,0.544031,0.004379154,-0.007844665,-0.34287,-0.00529131,0.17558,2.25e-06
blade,0.547155,0.004447242,-0.007711057,-0.334309,-0.0052477,0.17485,2.2499e-06
blade,0.550279,0.004515008,-0.007577284,-0.325863,-0.00520491,0.17414,2.25e-06
blade,0.553403,0.004582447,-0.007443347,-0.317531,-0.00516291,0.17343,2.2499e-06
blade,0.556527,0.004649558,-0.007309245,-0.309309,-0.00512167,0.17274,2.2499e-06
blade,0.559651,0.004716337,-0.007174978,-0.301197,-0.00508115,0.17206,2.2501e-06
blade,0.562775,0.004782781,-0.007040544,-0.29319,-0.00504125,0.17138,2.25e-06
blade,0.565900,0.004848887,-0.006905944,-0.285289,-0.00500188,0.1707,2.2499e-06
blade,0.569024,0.004914652,-0.006771177,-0.277491,-0.00496297,0.17004,2.25e-06
blade,0.572148,0.004980072,-0.006636242,-0.269795,-0.00492446,0.16939,2.25e-06
blade,0.575272,0.005045146,-0.00650114,-0.262198,-0.0048863,0.16872,2.25e-06
blade,0.578396,0.005109868,-0.006365869,-0.2547,-0.00484838,0.16807,2.25e-06
blade,0.581520,0.005174237,-0.00623043,-0.247299,-0.00481055,0.16741,2.25e-06
blade,0.584644,0.00523825,-0.006094821,-0.239995,-0.00477266,0.16675,2.25e-06
blade,0.587768,0.005301902,-0.005959044,-0.232786,-0.00473454,0.16609,2.2501e-06
blade,0.590892,0.005365192,-0.005823097,-0.225674,-0.00469607,0.16541,2.25e-06
blade,0.594017,0.005428116,-0.00568698,-0.218658,-0.00465714,0.16472,2.25e-06
blade,0.597141,0.00549067,-0.005550693,-0.211738,-0.00461778,0.16403,2.2501e-06
blade,0.600265,0.005552852,-0.005414236,-0.204915,-0.00457798,0.16332,2.2501e-06
blade,0.603389,0.005614659,-0.005277608,-0.198187,-0.00453763,0.1626,2.25e-06
blade,0.606513,0.005676087,-0.005140809,-0.191557,-0.00449655,0.16185,2.2499e-06
blade,0.609637,0.005737133,-0.00500384,-0.185024,-0.00445465,0.1611,2.2499e-06
blade,0.612761,0.005797794,-0.0048667,-0.17859,-0.00441191,0.16032,2.2499e-06
blade,0.615885,0.005858066,-0.004729388,-0.172257,-0.00436843,0.15953,2.2499e-06
blade,0.619009,0.005917942,-0.004591904,-0.166023,-0.00432424,0.15873,2.25e-06
blade,0.622134,0.005977415,-0.004454244,-0.15989,-0.00427918,0.1579,2.25e-06
blade,0.625258,0.006036476,-0.004316407,-0.153857,-0.00423314,0.15706,2.2501e-06
blade,0.628382,0.006095114,-0.00417839,-0.147928,-0.00418604,0.15618,2.2501e-06
blade,0.631506,0.006153323,-0.004040191,-0.142104,-0.00413791,0.15527,2.25e-06
blade,0.634630,0.006211092,-0.003901808,-0.136385,-0.00408887,0.15435,2.25e-06
blade,0.637754,0.006268413,-0.003763239,-0.13077,-0.00403896,0.1534,2.25e-06
blade,0.640878,0.006325277,-0.003624481,-0.125263,-0.00398809,0.15244,2.2501e-06
blade,0.644002,0.006381674,-0.003485533,-0.119864,-0.00393619,0.15145,2.2501e-06
blade,0.647126,0.006437596,-0.003346393,-0.114574,-0.00388316,0.15042,2.25e-06
blade,0.650250,0.006493034,-0.00320706,-0.109394,-0.00382886,0.14936,2.25e-06
blade,0.653375,0.006547978,-0.003067531,-0.104323,-0.00377314,0.14827,2.25e-06
blade,0.656499,0.006602418,-0.002927805,-0.0993624,-0.00371577,0.14713,2.25e-06
blade,0.659623,0.006656347,-0.00278788,-0.0945145,-0.0036564,0.14595,2.25e-06
blade,0.662747,0.006709753,-0.002647756,-0.0897833,-0.00359482,0.14472,2.25e-06
blade,0.665871,0.006762629,-0.00250743,-0.0851715,-0.00353094,0.14343,2.25e-06
blade,0.668995,0.006814965,-0.002366902,-0.0806824,-0.00346467,0.14208,2.25e-06
blade,0.672119,0.006866751,-0.002226171,-0.0763196,-0.00339597,0.14066,2.2499e-06
blade,0.675243,0.006917977,-0.002085235,-0.0720861,-0.00332486,0.13917,2.2499e-06
blade,0.678367,0.006968635,-0.001944093,-0.067985,-0.00325131,0.13763,2.2499e-06
blade,0.681492,0.007018715,-0.001802746,-0.0640195,-0.00317526,0.13601,2.25e-06
blade,0.684616,0.007068207,-0.001661191,-0.0601934,-0.00309656,0.13431,2.2499e-06
blade,0.687740,0.007117102,-0.001519429,-0.0565104,-0.0030151,0.13254,2.2499e-06
blade,0.690864,0.00716539,-0.00137746,-0.0529741,-0.00293087,0.13067,2.25e-06
blade,0.693988,0.007213062,-0.001235282,-0.0495874,-0.00284398,0.12872,2.25e-06
blade,0.697112,0.007260107,-0.001092896,-0.0463527,-0.00275455,0.12668,2.25e-06
blade,0.700236,0.007306517,-0.0009503008,-0.043273,-0.00266254,0.12455,2.25e-06
blade,0.703360,0.007352281,-0.0008074976,-0.0403517,-0.00256782,0.12232,2.25e-06
blade,0.706484,0.007397389,-0.000664486,-0.0375923,-0.00247022,0.11996,2.2499e-06
blade,0.709609,0.007441831,-0.0005212659,-0.034999,-0.00236957,0.1175,2.2499e-06
blade,0.712733,0.007485596,-0.0003778375,-0.032576,-0.0022658,0.11489,2.25e-06
blade,0.715857,0.007528674,-0.0002342012,-0.0303274,-0.00215888,0.11215,2.25e-06
blade,0.718981,0.007571053,-9.035717e-05,-0.0282577,-0.00204879,0.10926,2.25e-06
blade,0.722105,0.007612722,5.36939e-05,-0.0263713,-0.00193549,0.10619,2.2499e-06
blade,0.725229,0.007653672,0.0001979514,-0.0246729,-0.00181891,0.10294,2.25e-06
blade,0.728353,0.00769389,0.0003424144,-0.0231678,-0.00169897,0.099495,2.2501e-06
blade,0.731477,0.007733366,0.000487082,-0.0218612,-0.00157563,0.095809,2.2499e-06
blade,0.734601,0.007772088,0.000631953,-0.0207584,-0.0014488,0.091871,2.2499e-06
blade,0.737725,0.007810046,0.0007770263,-0.0198657,-0.00131835,0.087643,2.25e-06
blade,0.740850,0.007847228,0.0009223002,-0.0191891,-0.0011843,0.083072,2.2502e-06
blade,0.743974,0.007883623,0.001067773,-0.0187346,-0.00104665,0.078089,2.25e-06
blade,0.747098,0.00791922,0.001213444,-0.018508,-0.000905479,0.072628,2.2498e-06
blade,0.750222,0.007954007,0.00135931,-0.0185147,-0.000760887,0.06658,2.2499e-06
blade,0.753346,0.007987974,0.001505369,-0.0187601,-0.000612961,0.059756,2.2498e-06
blade,0.756470,0.008021109,0.001651619,-0.0192493,-0.000461666,0.051858,2.2498e-06
blade,0.759594,0.0080534,0.001798058,-0.0199887,-0.000306737,0.04227,2.2498e-06
blade,0.762718,0.008084835,0.001944683,-0.0209864,-0.000147644,0.02933,2.25e-06
blade,0.765842,0.008115404,0.00209149,-0.0222531,1.65011e-05,0.0098055,2.2501e-06
blade,0.768966,0.008145096,0.002238478,-0.0238,0.000185124,0.032838,2.2498e-06
blade,0.772090,0.008173898,0.002385642,-0.025636,0.000358629,0.045709,2.2499e-06
blade,0.775215,0.0082018,0.00253298,-0.0277705,0.000536873,0.055932,2.2501e-06
blade,0.778339,0.00822879,0.002680488,-0.0302168,0.000720394,0.064785,2.2499e-06
blade,0.781463,0.008254857,0.002828162,-0.0329901,0.000909973,0.072807,2.2498e-06
blade,0.784587,0.008279989,0.002975997,-0.0361087,0.00110667,0.080297,2.25e-06
blade,0.787711,0.008304175,0.00312399,-0.0395937,0.00131141,0.087409,2.25e-06
blade,0.790835,0.008327404,0.003272137,-0.0434675,0.00152467,0.094252,2.25e-06
blade,0.793959,0.008349665,0.003420432,-0.0477519,0.0017466,0.10088,2.2502e-06
blade,0.797083,0.00837095,0.00356887,-0.0524678,0.00197711,0.10732,2.2499e-06
blade,0.800207,0.008391248,0.003717446,-0.0576338,0.00221596,0.11363,2.25e-06
blade,0.803331,0.00841055,0.003866155,-0.0632648,0.00246254,0.11979,2.2501e-06
blade,0.806456,0.008428846,0.004014991,-0.0693702,0.00271582,0.1258,2.2501e-06
blade,0.809580,0.008446125,0.004163948,-0.0759539,0.00297451,0.13164,2.25e-06
blade,0.812704,0.008462379,0.004313021,-0.0830133,0.00323678,0.13732,2.2499e-06
blade,0.815828,0.008477596,0.004462203,-0.0905357,0.00350024,0.1428,2.25e-06
blade,0.818952,0.008491768,0.004611489,-0.0984995,0.00376212,0.14804,2.2499e-06
blade,0.822076,0.008504882,0.00476087,-0.106873,0.00401999,0.15305,2.2501e-06
blade,0.825200,0.00851693,0.004910342,-0.115621,0.00427156,0.15777,2.2502e-06
blade,0.828324,0.0085279,0.005059896,-0.124705,0.00451482,0.16218,2.2499e-06
blade,0.831448,0.008537782,0.005209526,-0.134084,0.00474857,0.16633,2.25e-06
blade,0.834572,0.008546567,0.005359225,-0.143721,0.00497211,0.1702,2.25e-06
blade,0.837696,0.008554242,0.005508984,-0.153585,0.00518524,0.1738,2.2498e-06
blade,0.840820,0.008560798,0.005658797,-0.163648,0.00538848,0.17719,2.25e-06
blade,0.843945,0.008566223,0.005808655,-0.173896,0.00558308,0.18036,2.2501e-06
blade,0.847069,0.008570508,0.00595855,-0.184323,0.00577104,0.18337,2.2501e-06
blade,0.850193,0.008573642,0.006108473,-0.19494,0.00595507,0.18628,2.2502e-06
blade,0.853317,0.008575613,0.006258416,-0.205771,0.00613865,0.18913,2.2502e-06
blade,0.856441,0.008576411,0.00640837,-0.216862,0.00632599,0.19199,2.2501e-06
blade,0.859565,0.008576025,0.006558326,-0.228273,0.00652193,0.19494,2.2501e-06
blade,0.862689,0.008574446,0.006708273,-0.240088,0.00673182,0.19805,2.2501e-06
blade,0.865813,0.008571661,0.006858203,-0.252409,0.0069614,0.20139,2.25e-06
blade,0.868937,0.008567661,0.007008106,-0.265357,0.00721664,0.20505,2.25e-06
blade,0.872061,0.008562435,0.00715797,-0.279073,0.00750406,0.20909,2.2499e-06
blade,0.875185,0.008555972,0.007307787,-0.293719,0.00783063,0.2136,2.25e-06
blade,0.878309,0.008548263,0.007457544,-0.309482,0.0082034,0.21863,2.2501e-06
blade,0.881434,0.008539301,0.007607232,-0.326566,0.00863011,0.22424,2.25e-06
blade,0.884558,0.008529083,0.007756839,-0.345207,0.00911903,0.23051,2.2501e-06
blade,0.887682,0.008517608,0.007906355,-0.365668,0.00967842,0.23746,2.25e-06
blade,0.890806,0.008504874,0.008055769,-0.388239,0.0103167,0.24516,2.2499e-06
blade,0.893930,0.00849088,0.008205071,-0.413245,0.0110431,0.25364,2.2499e-06
blade,0.897054,0.008475623,0.008354248,-0.441044,0.0118671,0.26291,2.2497e-06
blade,0.900178,0.008459102,0.008503291,-0.47204,0.0127986,0.27304,2.2497e-06
blade,0.903302,0.008441316,0.008652188,-0.506673,0.0138476,0.28403,2.2499e-06
blade,0.906426,0.008422263,0.008800928,-0.54543,0.0150235,0.29585,2.25e-06
blade,0.909550,0.00840194,0.008949501,-0.588834,0.0163355,0.3085,2.25e-06
blade,0.912674,0.008380347,0.009097894,-0.637448,0.0177912,0.32196,2.25e-06
blade,0.915798,0.008357483,0.009246096,-0.691854,0.0193945,0.33614,2.2499e-06
blade,0.918922,0.008333345,0.009394096,-0.752626,0.0211452,0.351,2.25e-06
blade,0.922047,0.008307933,0.009541883,-0.820312,0.023038,0.36638,2.2501e-06
blade,0.925171,0.008281245,0.009689444,-0.895396,0.0250607,0.38212,2.25e-06
blade,0.928295,0.008253279,0.009836769,-0.978242,0.0271939,0.39803,2.2499e-06
blade,0.931419,0.008224034,0.009983846,-1.06905,0.0294102,0.41396,2.25e-06
blade,0.934543,0.008193509,0.01013066,-1.16779,0.0316756,0.42961,2.2501e-06
blade,0.937667,0.008161704,0.01027721,-1.27419,0.03395,0.44477,2.2501e-06
blade,0.940791,0.008128616,0.01042346,-1.38773,0.0361891,0.45918,2.25e-06
blade,0.943915,0.008094244,0.01056943,-1.50757,0.0383424,0.47261,2.2499e-06
blade,0.947039,0.008058588,0.01071508,-1.63258,0.0403557,0.48488,2.2499e-06
blade,0.950163,0.008021648,0.01086042,-1.76132,0.04217,0.49566,2.2499e-06
blade,0.953287,0.007983421,0.01100542,-1.89204,0.0437171,0.50467,2.2499e-06
blade,0.956411,0.007943908,0.01115007,-2.02266,0.0449279,0.51158,2.2498e-06
blade,0.959535,0.007903107,0.01129437,-2.15082,0.0457457,0.51624,2.2499e-06
blade,0.962659,0.007861019,0.0114383,-2.27409,0.0461219,0.51838,2.25e-06
blade,0.965784,0.007817642,0.01158185,-2.38992,0.0460094,0.51775,2.25e-06
blade,0.968908,0.007772975,0.01172499,-2.49575,0.0453509,0.51402,2.25e-06
blade,0.972032,0.00772701,0.01186773,-2.58881,0.0440756,0.50673,2.2499e-06
blade,0.975156,0.007679741,0.01201004,-2.66633,0.0421045,0.49527,2.2499e-06
blade,0.978280,0.007631161,0.01215191,-2.72551,0.0393333,0.4787,2.2499e-06
blade,0.981404,0.007581264,0.01229332,-2.76344,0.035772,0.45651,2.2499e-06
blade,0.984528,0.007530043,0.01243426,-2.77947,0.0313595,0.42742,2.2499e-06
blade,0.987652,0.00747749,0.0125747,-2.77107,0.0261225,0.39013,2.25e-06
blade,0.990776,0.007423598,0.01271464,-2.74001,0.0202748,0.3437,2.25e-06
blade,0.993900,0.007368361,0.01285405,-2.68884,0.0140647,0.28626,2.25e-06
blade,0.997024,0.007311771,0.01299292,-2.6225,0.00790837,0.21465,2.25e-06
blade,1.000148,0.007253821,0.01313122,-2.54811,0.00232756,0.11645,2.2499e-06
blade,1.003272,0.007194505,0.01326895,-2.47358,-0.00221381,0.11357,2.2499e-06
blade,1.006396,0.007133816,0.01340607,-2.40535,-0.00550358,0.17907,2.25e-06
blade,1.009521,0.007071747,0.01354258,-2.34639,-0.00767993,0.21152,2.2499e-06
blade,1.012645,0.007008291,0.01367844,-2.29597,-0.00908676,0.2301,2.25e-06
blade,1.015769,0.006943442,0.01381365,-2.25169,-0.0101034,0.24263,2.2501e-06
blade,1.018893,0.006877194,0.01394818,-2.21108,-0.0112965,0.25653,2.2498e-06
blade,1.022017,0.006809541,0.01408201,-2.16769,-0.0131536,0.2768,2.2497e-06
blade,1.025141,0.006740476,0.01421511,-2.11122,-0.0152227,0.2978,2.2499e-06
blade,1.028265,0.006669994,0.01434747,-2.03764,-0.0162388,0.30759,2.25e-06
blade,1.031389,0.00659809,0.01447906,-1.95493,-0.0150722,0.29633,2.2499e-06
blade,1.034513,0.006524758,0.01460986,-1.87834,-0.0120573,0.26504,2.2499e-06
blade,1.037637,0.006449995,0.01473985,-1.81912,-0.00827341,0.21956,2.25e-06
blade,1.040761,0.006373795,0.014869,-1.77863,-0.00477926,0.16687,2.25e-06
blade,1.043885,0.006296154,0.01499729,-1.75306,-0.00198889,0.10764,2.2498e-06
blade,1.047009,0.006217069,0.01512469,-1.73773,0.000109213,0.025223,2.2498e-06
blade,1.050133,0.006136538,0.01525119,-1.72924,0.00164455,0.097884,2.25e-06
blade,1.053257,0.006054556,0.01537675,-1.72525,0.00273864,0.12632,2.25e-06
blade,1.056381,0.00597113,0.01550135,-1.72405,0.00346747,0.14213,2.25e-06
blade,1.059505,0.005886271,0.01562498,-1.72434,0.00390623,0.15086,2.25e-06
blade,1.062629,0.005799994,0.01574763,-1.7253,0.00413178,0.15516,2.25e-06
blade,1.065753,0.005712315,0.01586928,-1.72647,0.00421653,0.15674,2.25e-06
blade,1.068877,0.005623249,0.01598992,-1.72759,0.00423858,0.15715,2.25e-06
blade,1.072002,0.005532811,0.01610953,-1.72889,0.00425665,0.15748,2.25e-06
blade,1.075126,0.005441017,0.01622811,-1.73059,0.00429792,0.15825,2.2501e-06
blade,1.078250,0.00534788,0.01634563,-1.73302,0.00437184,0.15959,2.2498e-06
blade,1.081374,0.005253417,0.01646209,-1.73642,0.00447554,0.16146,2.2497e-06
blade,1.084498,0.005157641,0.01657747,-1.741,0.00459975,0.1637,2.2499e-06
blade,1.087622,0.005060568,0.01669177,-1.7469,0.00473684,0.1661,2.2497e-06
blade,1.090746,0.004962212,0.01680496,-1.75426,0.00488336,0.16866,2.2497e-06
blade,1.093870,0.004862588,0.01691704,-1.76319,0.00503552,0.17128,2.2499e-06
blade,1.096994,0.00476171,0.01702799,-1.7738,0.00519177,0.17391,2.2498e-06
blade,1.100118,0.004659592,0.0171378,-1.78622,0.00534349,0.17641,2.2496e-06
blade,1.103242,0.00455625,0.01724646,-1.8005,0.00548342,0.1787,2.2494e-06
blade,1.106366,0.004451696,0.01735395,-1.81678,0.00559821,0.18056,2.2495e-06
blade,1.109490,0.004345945,0.01746027,-1.83507,0.00566851,0.18171,2.2498e-06
blade,1.112614,0.004239012,0.01756539,-1.85544,0.0056793,0.18192,2.2501e-06
blade,1.115738,0.004130909,0.01766932,-1.87794,0.00561055,0.1808,2.25e-06
blade,1.118862,0.004021652,0.01777203,-1.90264,0.00544741,0.17815,2.25e-06
blade,1.121986,0.003911254,0.01787351,-1.92963,0.00517604,0.17367,2.2502e-06
blade,1.125110,0.00379973,0.01797375,-1.95899,0.00478835,0.16704,2.2502e-06
blade,1.128234,0.003687092,0.01807274,-1.99072,0.00426599,0.15765,2.2499e-06
blade,1.131358,0.003573355,0.01817046,-2.02448,0.0035904,0.14462,2.2499e-06
blade,1.134483,0.003458532,0.01826691,-2.05986,0.00277453,0.12716,2.2503e-06
blade,1.137607,0.003342638,0.01836207,-2.0965,0.00185144,0.10389,2.2505e-06
blade,1.140731,0.003225686,0.01845592,-2.13413,0.000848427,0.070317,2.2503e-06
blade,1.143855,0.00310769,0.01854846,-2.17237,-0.000213976,0.035311,2.2502e-06
blade,1.146979,0.002988668,0.01863968,-2.21089,-0.00130856,0.087323,2.2502e-06
blade,1.150103,0.002868633,0.01872955,-2.24933,-0.00241243,0.11856,2.25e-06
blade,1.153227,0.002747603,0.01881809,-2.28741,-0.00350268,0.14286,2.2501e-06
blade,1.156351,0.002625594,0.01890526,-2.32485,-0.00455955,0.16299,2.25e-06
blade,1.159475,0.002502622,0.01899108,-2.36145,-0.00556633,0.18006,2.2497e-06
blade,1.162599,0.002378702,0.01907552,-2.39704,-0.0065097,0.19475,2.25e-06
blade,1.165723,0.00225385,0.01915858,-2.43153,-0.00737905,0.20735,2.2501e-06
blade,1.168847,0.002128084,0.01924024,-2.46483,-0.00816587,0.21812,2.25e-06
blade,1.171971,0.002001417,0.0193205,-2.49693,-0.00886414,0.22726,2.2501e-06
blade,1.175095,0.001873867,0.01939935,-2.52784,-0.00946954,0.23489,2.25e-06
blade,1.178219,0.001745449,0.01947678,-2.5576,-0.00997774,0.24112,2.2501e-06
blade,1.181343,0.001616179,0.01955278,-2.5863,-0.0103829,0.24596,2.25e-06
blade,1.184467,0.001486074,0.01962734,-2.61406,-0.0106802,0.24942,2.2498e-06
blade,1.187591,0.001355148,0.01970044,-2.64102,-0.0108633,0.25155,2.2497e-06
blade,1.190715,0.001223418,0.01977209,-2.66738,-0.0109249,0.25228,2.2499e-06
blade,1.193839,0.0010909,0.01984227,-2.69337,-0.0108571,0.25153,2.2502e-06
blade,1.196964,0.0009576091,0.01991097,-2.71927,-0.0106556,0.2492,2.2504e-06
blade,1.200088,0.0008235625,0.01997819,-2.74539,-0.010314,0.24517,2.2503e-06
blade,1.203212,0.0006887756,0.02004391,-2.77209,-0.00982276,0.23923,2.2501e-06
blade,1.206336,0.0005532646,0.02010812,-2.79981,-0.00917178,0.23113,2.2496e-06
blade,1.209460,0.0004170457,0.02017081,-2.82905,-0.00835265,0.22058,2.2498e-06
blade,1.212584,0.000280135,0.02023198,-2.86035,-0.00735723,0.20702,2.2498e-06
blade,1.215708,0.0001425488,0.02029162,-2.89429,-0.00617405,0.18963,2.2496e-06
blade,1.218832,4.303427e-06,0.02034971,-2.93155,-0.00479194,0.16709,2.25e-06
blade,1.221956,-0.0001345846,0.02040625,-2.97287,-0.0032049,0.13664,2.2498e-06
blade,1.225080,-0.0002740989,0.02046122,-3.01902,-0.00141092,0.090661,2.2499e-06
blade,1.228204,-0.0004142227,0.02051462,-3.07077,0.000590456,0.058656,2.2501e-06
blade,1.231328,-0.0005549394,0.02056644,-3.12891,0.00280016,0.12772,2.2498e-06
blade,1.234452,-0.0006962321,0.02061667,-3.19428,0.00522337,0.17442,2.2496e-06
blade,1.237576,-0.000838084,0.02066529,-3.26768,0.00785519,0.21391,2.2497e-06
blade,1.240700,-0.0009804781,0.0207123,-3.34993,0.0106832,0.24945,2.2497e-06
blade,1.243824,-0.001123397,0.02075769,-3.44171,0.01368,0.2823,2.2498e-06
blade,1.246948,-0.001266825,0.02080145,-3.54353,0.0168105,0.31299,2.2502e-06
blade,1.250072,-0.001410742,0.02084357,-3.65562,0.0200441,0.34173,2.25e-06
blade,1.253196,-0.001555133,0.02088404,-3.7781,0.0233465,0.36881,2.25e-06
blade,1.256320,-0.00169998,0.02092284,-3.91085,0.0266754,0.39428,2.2503e-06
blade,1.259444,-0.001845264,0.02095997,-4.05346,0.029979,0.41791,2.2499e-06
blade,1.262569,-0.001990968,0.02099542,-4.20513,0.0332037,0.4398,2.2498e-06
blade,1.265693,-0.002137074,0.02102917,-4.36482,0.0363004,0.45988,2.25e-06
blade,1.268817,-0.002283563,0.02106122,-4.53131,0.0392272,0.47805,2.2499e-06
blade,1.271941,-0.002430417,0.02109156,-4.70316,0.0419417,0.49437,2.2502e-06
blade,1.275065,-0.002577617,0.02112016,-4.87875,0.0443978,0.50866,2.2503e-06
blade,1.278189,-0.002725144,0.02114704,-5.05621,0.046556,0.52075,2.2497e-06
blade,1.281313,-0.002872979,0.02117216,-5.23357,0.0483921,0.53085,2.2494e-06
blade,1.284437,-0.003021101,0.02119552,-5.40901,0.0498843,0.53909,2.2499e-06
blade,1.287561,-0.003169492,0.02121712,-5.58065,0.0510323,0.54533,2.2502e-06
blade,1.290685,-0.003318131,0.02123693,-5.74701,0.0518507,0.54972,2.2504e-06
blade,1.293809,-0.003466998,0.02125496,-5.90676,0.0523417,0.55232,2.2504e-06
blade,1.296933,-0.003616071,0.02127118,-6.05861,0.0525221,0.55323,2.2502e-06
blade,1.300057,-0.003765331,0.02128559,-6.2017,0.0524199,0.55273,2.2504e-06
blade,1.303181,-0.003914756,0.02129817,-6.33543,0.0520626,0.55074,2.2499e-06
blade,1.306305,-0.004064324,0.02130893,-6.4594,0.0514776,0.54761,2.2498e-06
blade,1.309429,-0.004214013,0.02131784,-6.57338,0.0506948,0.54348,2.25e-06
blade,1.312553,-0.0043638,0.02132489,-6.67746,0.049742,0.53836,2.2501e-06
blade,1.315677,-0.004513664,0.02133008,-6.77171,0.0486523,0.53253,2.2505e-06
blade,1.318801,-0.004663581,0.0213334,-6.85661,0.0474543,0.5259,2.2504e-06
blade,1.321925,-0.004813527,0.02133485,-6.9326,0.0461769,0.51871,2.2501e-06
blade,1.325049,-0.00496348,0.02133443,-7.00015,0.0448473,0.5111,2.2497e-06
blade,1.328173,-0.005113417,0.02133214,-7.05993,0.0434811,0.50325,2.2497e-06
blade,1.331297,-0.005263313,0.02132798,-7.11254,0.0421065,0.4953,2.25e-06
blade,1.334421,-0.005413146,0.02132197,-7.15882,0.040747,0.48728,2.2502e-06
blade,1.337545,-0.005562892,0.02131409,-7.1994,0.0394144,0.47926,2.2502e-06
blade,1.340669,-0.005712529,0.02130436,-7.23497,0.0381204,0.47122,2.2497e-06
blade,1.343794,-0.005862034,0.02129276,-7.26621,0.036872,0.4635,2.25e-06
blade,1.346918,-0.006011384,0.02127932,-7.29371,0.0356743,0.45594,2.2502e-06
blade,1.350042,-0.006160555,0.02126402,-7.31802,0.0345274,0.44847,2.2498e-06
blade,1.353166,-0.006309525,0.02124687,-7.33959,0.0334231,0.44123,2.2497e-06
blade,1.356290,-0.00645827,0.02122787,-7.35877,0.0323544,0.43408,2.2495e-06
blade,1.359414,-0.006606768,0.02120702,-7.37583,0.0313123,0.42707,2.2497e-06
blade,1.362538,-0.006754994,0.02118433,-7.39098,0.0302821,0.42008,2.2502e-06
blade,1.365662,-0.006902927,0.02115979,-7.40431,0.0292473,0.41282,2.2501e-06
blade,1.368786,-0.007050541,0.02113341,-7.41586,0.0281926,0.40528,2.25e-06
blade,1.371910,-0.007197815,0.02110519,-7.4256,0.0271011,0.39739,2.2502e-06
blade,1.375034,-0.007344723,0.02107512,-7.43346,0.02595,0.38879,2.2498e-06
blade,1.378158,-0.007491243,0.02104321,-7.43932,0.0247109,0.37939,2.2497e-06
blade,1.381282,-0.00763735,0.02100947,-7.44299,0.0233508,0.36885,2.25e-06
blade,1.384406,-0.00778302,0.02097388,-7.44431,0.0218199,0.35652,2.2498e-06
blade,1.387530,-0.007928229,0.02093646,-7.44291,0.0200753,0.34199,2.2499e-06
blade,1.390654,-0.008072953,0.0208972,-7.4389,0.0180346,0.3242,2.2504e-06
blade,1.393778,-0.008217167,0.02085611,-7.43184,0.0156546,0.30204,2.2503e-06
blade,1.396902,-0.008360845,0.02081319,-7.42227,0.0129746,0.2749,2.2497e-06
blade,1.400026,-0.008503962,0.02076843,-7.41095,0.0101235,0.24281,2.2495e-06
blade,1.403150,-0.008646493,0.02072184,-7.39932,0.00738118,0.20734,2.2496e-06
blade,1.406274,-0.008788415,0.02067342,-7.38881,0.00504454,0.17141,2.2496e-06
blade,1.409398,-0.008929705,0.02062319,-7.37981,0.0032834,0.1383,2.2499e-06
blade,1.412522,-0.009070344,0.02057116,-7.3715,0.00212182,0.11118,2.2499e-06
blade,1.415646,-0.009210315,0.02051736,-7.36316,0.00150243,0.093555,2.2499e-06
blade,1.418770,-0.009349599,0.02046181,-7.35514,0.00128999,0.086681,2.2497e-06
blade,1.421894,-0.00948818,0.02040453,-7.34807,0.00129526,0.086857,2.2496e-06
blade,1.425018,-0.009626041,0.02034553,-7.34192,0.001383,0.089756,2.2498e-06
blade,1.428142,-0.009763166,0.02028484,-7.33613,0.00152978,0.094401,2.2498e-06
blade,1.431266,-0.009899539,0.02022249,-7.33009,0.00179372,0.10223,2.2501e-06
blade,1.434390,-0.01003515,0.02015848,-7.32366,0.00223998,0.11424,2.25e-06
blade,1.437515,-0.01016997,0.02009284,-7.31719,0.00289568,0.1299,2.2502e-06
blade,1.440639,-0.010304,0.02002559,-7.31148,0.00371136,0.14706,2.2501e-06
blade,1.443763,-0.01043722,0.01995675,-7.30739,0.00456976,0.16316,2.2498e-06
blade,1.446887,-0.01056961,0.01988633,-7.30526,0.0053534,0.17662,2.2502e-06
blade,1.450011,-0.01070117,0.01981437,-7.30503,0.00597212,0.18655,2.2502e-06
blade,1.453135,-0.01083187,0.01974086,-7.3063,0.00638046,0.19282,2.2501e-06
blade,1.456259,-0.01096171,0.01966585,-7.30853,0.00658561,0.1959,2.2502e-06
blade,1.459383,-0.01109068,0.01958934,-7.31128,0.00663618,0.19662,2.2498e-06
blade,1.462507,-0.01121876,0.01951135,-7.31434,0.00660911,0.19622,2.2499e-06
blade,1.465631,-0.01134593,0.0194319,-7.31776,0.00660579,0.19621,2.2503e-06
blade,1.468755,-0.0114722,0.019351,-7.32194,0.00669946,0.19761,2.2505e-06
blade,1.471879,-0.01159753,0.01926869,-7.32724,0.00693884,0.20112,2.2506e-06
blade,1.474906,-0.01171812,0.01918759,-7.33405,0.00738267,0.20743,2.2503e-06
blade,1.477672,-0.0118275,0.01911238,-7.34256,0.00813511,0.21771,2.25e-06
blade,1.480125,-0.0119239,0.01904477,-7.35359,0.00931278,0.23294,2.2501e-06
blade,1.482300,-0.01200889,0.01898409,-7.36794,0.0112051,0.25555,2.2504e-06
blade,1.484230,-0.01208388,0.01892973,-7.38826,0.0144728,0.29041,2.2502e-06
blade,1.485942,-0.01215008,0.01888108,-7.41972,0.0191609,0.33411,2.2499e-06
blade,1.487460,-0.01220854,0.01883759,-7.46424,0.0300721,0.41861,2.2502e-06
blade,1.488806,-0.0122602,0.01879875,-7.56829,0.0318514,0.43088,2.2505e-06
blade,1.490000,-0.01230587,0.0187641,-7.56856,0.197022,1.0715,2.2502e-06
blade,1.491060,-0.01234625,0.01873321,-9.81273,-0.186627,0.95958,2.0705e-06
blade,1.491770,-0.01235032,0.01869935,-3.69612,-0.499464,1.57,2.0707e-06
blade,1.492851,-0.01231863,0.01865824,-3.88681,-0.138507,0.89835,2.2501e-06
blade,1.494073,-0.01228281,0.0186118,-3.05877,-0.164864,0.98011,2.2501e-06
blade,1.495454,-0.01224235,0.01855932,-2.61594,-0.112109,0.80823,2.2501e-06
blade,1.497014,-0.01219662,0.01850002,-2.22197,-0.0844275,0.70141,2.2502e-06
blade,1.498777,-0.01214496,0.01843301,-1.95159,-0.0532273,0.55693,2.2502e-06
blade,1.500769,-0.01208657,0.01835729,-1.80653,-0.0233772,0.36904,2.2499e-06
blade,1.503020,-0.0120206,0.01827173,-1.8242,0.00612585,0.18892,2.25e-06
blade,1.505486,-0.0119483,0.01817796,-2.00597,0.0297685,0.4165,2.2502e-06
blade,1.508032,-0.0118737,0.0180812,-2.26469,0.0410248,0.48898,2.2504e-06
blade,1.510577,-0.01179909,0.01798444,-2.47751,0.0399139,0.48227,2.2502e-06
blade,1.513123,-0.01172448,0.01788768,-2.59972,0.0318072,0.43047,2.2499e-06
blade,1.515668,-0.01164988,0.01779092,-2.65785,0.0229815,0.36593,2.2501e-06
blade,1.518135,-0.01157758,0.01769715,-2.67938,0.0161759,0.30698,2.2499e-06
blade,1.520386,-0.01151161,0.01761159,-2.6881,0.0123046,0.26774,2.2499e-06
blade,1.522378,-0.01145322,0.01753587,-2.69569,0.011481,0.25864,2.2501e-06
blade,1.524141,-0.01140156,0.01746886,-2.71109,0.0127127,0.27214,2.2499e-06
blade,1.525701,-0.01135583,0.01740956,-2.73208,0.0197773,0.33941,2.2497e-06
blade,1.527081,-0.01131537,0.01735707,-2.79652,0.0222245,0.35983,2.2499e-06
blade,1.528303,-0.01127955,0.01731063,-2.80567,0.116751,0.82483,2.2502e-06
blade,1.529384,-0.01124786,0.01726953,-4.08851,-0.147445,0.85297,2.0706e-06
blade,1.530096,-0.01121403,0.01726478,-0.0885819,-0.342305,1.302,2.0744e-06
blade,1.531155,-0.01117364,0.01729564,-0.237222,-0.0800322,0.68284,2.2499e-06
blade,1.532349,-0.01112795,0.01733023,0.17981,-0.097321,0.75311,2.2503e-06
blade,1.533695,-0.01107622,0.01736896,0.378213,-0.065617,0.61832,2.25e-06
blade,1.535213,-0.01101766,0.01741227,0.552191,-0.0529373,0.55536,2.25e-06
blade,1.536924,-0.0109513,0.01746067,0.680775,-0.0414963,0.49175,2.2502e-06
blade,1.538853,-0.01087608,0.01751466,0.784061,-0.0334691,0.44158,2.25e-06
blade,1.541028,-0.01079076,0.01757482,0.866519,-0.0270978,0.39736,2.2501e-06
blade,1.543480,-0.01069392,0.01764171,0.934065,-0.0221146,0.35893,2.2498e-06
blade,1.546244,-0.01058392,0.01771593,0.989668,-0.0181071,0.32476,2.2497e-06
blade,1.549271,-0.01046253,0.01779573,1.03451,-0.014949,0.29509,2.2497e-06
blade,1.552394,-0.01033622,0.01787648,1.06944,-0.0125435,0.27028,2.2495e-06
blade,1.555517,-0.01020884,0.01795555,1.09663,-0.0107088,0.24973,2.2495e-06
blade,1.558641,-0.01008042,0.01803291,1.11829,-0.00926728,0.23235,2.2498e-06
blade,1.561764,-0.009950968,0.01810854,1.13587,-0.00811097,0.21738,2.2499e-06
blade,1.564888,-0.009820504,0.01818241,1.15037,-0.0071669,0.20435,2.2501e-06
blade,1.568011,-0.009689044,0.01825449,1.16249,-0.00638502,0.19288,2.2501e-06
blade,1.571135,-0.009556604,0.01832475,1.17273,-0.00572958,0.18267,2.2495e-06
blade,1.574258,-0.009423201,0.01839317,1.18148,-0.0051743,0.17361,2.2497e-06
blade,1.577381,-0.009288854,0.01845971,1.18903,-0.00469927,0.16547,2.2501e-06
blade,1.580505,-0.009153581,0.01852435,1.19558,-0.00428964,0.15808,2.2498e-06
blade,1.583628,-0.0090174,0.01858706,1.20131,-0.00393351,0.15138,2.2499e-06
blade,1.586752,-0.008880333,0.0186478,1.20635,-0.00362155,0.14527,2.2502e-06
blade,1.589875,-0.008742398,0.01870655,1.21082,-0.00334665,0.13963,2.2499e-06
blade,1.592998,-0.008603618,0.01876327,1.21479,-0.00310305,0.13443,2.2495e-06
blade,1.596122,-0.008464014,0.01881793,1.21834,-0.00288601,0.12966,2.2499e-06
blade,1.599245,-0.00832361,0.0188705,1.22152,-0.00269187,0.12524,2.2501e-06
blade,1.602369,-0.008182431,0.01892095,1.22439,-0.0025178,0.12111,2.2499e-06
blade,1.605492,-0.0080405,0.01896925,1.22697,-0.00236196,0.11731,2.2501e-06
blade,1.608615,-0.007897849,0.01901537,1.22932,-0.00222254,0.11378,2.2498e-06
blade,1.611739,-0.007754513,0.01905932,1.23146,-0.00209709,0.11051,2.2495e-06
blade,1.614862,-0.007610526,0.0191011,1.23341,-0.00198373,0.1075,2.2498e-06
blade,1.617986,-0.007465927,0.0191407,1.23521,-0.00188098,0.10469,2.2501e-06
blade,1.621109,-0.007320749,0.01917812,1.23686,-0.00178742,0.10205,2.2501e-06
blade,1.624232,-0.007175027,0.01921336,1.23839,-0.0017019,0.099584,2.2501e-06
blade,1.627356,-0.007028796,0.01924643,1.23981,-0.00162349,0.097265,2.2502e-06
blade,1.630479,-0.006882089,0.01927732,1.24113,-0.00155143,0.095066,2.2498e-06
blade,1.633603,-0.006734941,0.01930603,1.24236,-0.00148505,0.092998,2.2495e-06
blade,1.636726,-0.006587384,0.01933256,1.2435,-0.00142363,0.09106,2.2497e-06
blade,1.639850,-0.006439452,0.01935692,1.24458,-0.0013666,0.089225,2.2498e-06
blade,1.642973,-0.006291177,0.01937909,1.24558,-0.00131351,0.087484,2.2501e-06
blade,1.646096,-0.006142593,0.01939909,1.24652,-0.00126402,0.085812,2.2499e-06
blade,1.649220,-0.005993731,0.0194169,1.24741,-0.00121786,0.084206,2.2492e-06
blade,1.652343,-0.005844624,0.01943252,1.24825,-0.00117478,0.08273,2.25e-06
blade,1.655467,-0.005695303,0.01944596,1.24904,-0.00113446,0.081309,2.2503e-06
blade,1.658590,-0.005545802,0.0194572,1.24979,-0.00109659,0.079919,2.2497e-06
blade,1.661713,-0.005396152,0.01946626,1.25049,-0.00106093,0.078604,2.2495e-06
blade,1.664837,-0.005246386,0.01947312,1.25116,-0.00102726,0.077359,2.2499e-06
blade,1.667960,-0.005096535,0.01947778,1.2518,-0.000995439,0.076148,2.2498e-06
blade,1.671084,-0.004946631,0.01948023,1.2524,-0.000965423,0.074989,2.2497e-06
blade,1.674207,-0.004796708,0.01948048,1.25297,-0.000937182,0.073897,2.2501e-06
blade,1.677330,-0.004646797,0.01947852,1.25352,-0.000910654,0.072843,2.2501e-06
blade,1.680454,-0.004496932,0.01947435,1.25403,-0.00088587,0.07183,2.2496e-06
blade,1.683577,-0.004347144,0.01946797,1.25453,-0.000862757,0.070887,2.2496e-06
blade,1.686701,-0.004197466,0.0194594,1.255,-0.000841074,0.070005,2.2501e-06
blade,1.689824,-0.004047928,0.01944865,1.25545,-0.000820693,0.069152,2.2501e-06
blade,1.692947,-0.003898561,0.01943575,1.25589,-0.000801522,0.06834,2.2501e-06
blade,1.696071,-0.003749394,0.0194207,1.25631,-0.00078347,0.067565,2.2501e-06
blade,1.699194,-0.003600457,0.01940352,1.25671,-0.00076643,0.066824,2.25e-06
blade,1.702318,-0.003451778,0.01938424,1.2571,-0.000750301,0.066114,2.2499e-06
blade,1.705441,-0.003303386,0.01936286,1.25748,-0.000734991,0.065432,2.2498e-06
blade,1.708565,-0.003155308,0.01933941,1.25784,-0.000720424,0.064774,2.2495e-06
blade,1.711688,-0.00300757,0.0193139,1.25819,-0.000706524,0.064152,2.2497e-06
blade,1.714811,-0.002860199,0.01928635,1.25853,-0.00069323,0.063562,2.2503e-06
blade,1.717935,-0.002713222,0.01925677,1.25886,-0.000680503,0.062964,2.2499e-06
blade,1.721058,-0.002566663,0.01922518,1.25918,-0.000668335,0.062397,2.2499e-06
blade,1.724182,-0.002420548,0.0191916,1.25948,-0.000656742,0.061863,2.2502e-06
blade,1.727305,-0.002274901,0.01915604,1.25978,-0.000645728,0.061335,2.2499e-06
blade,1.730428,-0.002129748,0.01911852,1.26007,-0.00063527,0.060828,2.2496e-06
blade,1.733552,-0.001985111,0.01907906,1.26036,-0.000625322,0.06035,2.2496e-06
blade,1.736675,-0.001841015,0.01903766,1.26063,-0.000615806,0.059899,2.25e-06
blade,1.739799,-0.001697483,0.01899435,1.2609,-0.000606636,0.059446,2.2498e-06
blade,1.742922,-0.001554538,0.01894913,1.26117,-0.000597723,0.059,2.2495e-06
blade,1.746046,-0.001412204,0.01890204,1.26142,-0.000588996,0.058579,2.2499e-06
blade,1.749169,-0.001270503,0.01885306,1.26167,-0.000580419,0.05816,2.2503e-06
blade,1.752292,-0.001129457,0.01880224,1.26191,-0.00057198,0.05773,2.2501e-06
blade,1.755416,-0.00098909,0.01874956,1.26215,-0.000563696,0.057313,2.2502e-06
blade,1.758539,-0.0008494235,0.01869506,1.26238,-0.000555605,0.056899,2.2501e-06
blade,1.761663,-0.0007104798,0.01863874,1.26261,-0.000547758,0.056492,2.25e-06
blade,1.764786,-0.000572281,0.01858061,1.26283,-0.000540202,0.056094,2.2497e-06
blade,1.767910,-0.0004348491,0.0185207,1.26304,-0.000532973,0.055718,2.2497e-06
blade,1.771033,-0.0002982059,0.018459,1.26326,-0.000526089,0.055365,2.2501e-06
blade,1.774156,-0.0001623729,0.01839555,1.26346,-0.00051955,0.055025,2.2503e-06
blade,1.777280,-2.737192e-05,0.01833034,1.26367,-0.000513342,0.054697,2.2503e-06
blade,1.780403,0.0001067757,0.01826339,1.26387,-0.000507444,0.05438,2.2503e-06
blade,1.783527,0.0002400484,0.01819472,1.26407,-0.000501831,0.054074,2.2501e-06
blade,1.786650,0.0003724248,0.01812434,1.26427,-0.000496475,0.053787,2.2502e-06
blade,1.789774,0.0005038836,0.01805225,1.26446,-0.000491339,0.053517,2.2505e-06
blade,1.792897,0.0006344033,0.01797848,1.26465,-0.000486376,0.053242,2.2504e-06
blade,1.796021,0.0007639628,0.01790304,1.26484,-0.000481539,0.05297,2.2501e-06
blade,1.799144,0.0008925407,0.01782593,1.26502,-0.000476783,0.052707,2.2501e-06
blade,1.802267,0.001020115,0.01774718,1.2652,-0.000472074,0.052443,2.2499e-06
blade,1.805391,0.001146666,0.01766679,1.26538,-0.000467392,0.052177,2.2497e-06
blade,1.808514,0.001272171,0.01758478,1.26555,-0.000462731,0.051916,2.2497e-06
blade,1.811638,0.001396608,0.01750115,1.26572,-0.0004581,0.051663,2.25e-06
blade,1.814761,0.001519956,0.01741593,1.26589,-0.000453514,0.051407,2.2502e-06
blade,1.817885,0.001642194,0.01732913,1.26605,-0.000448993,0.051151,2.2502e-06
blade,1.821008,0.0017633,0.01724075,1.26621,-0.00044456,0.050897,2.2502e-06
blade,1.824131,0.001883252,0.01715081,1.26637,-0.000440245,0.050646,2.25e-06
blade,1.827255,0.002002029,0.01705932,1.26653,-0.000436076,0.050399,2.2497e-06
blade,1.830378,0.002119607,0.0169663,1.26668,-0.000432093,0.050168,2.2497e-06
blade,1.833502,0.002235968,0.01687177,1.26683,-0.000428324,0.049961,2.2503e-06
blade,1.836625,0.002351091,0.01677572,1.26698,-0.000424757,0.049746,2.25e-06
blade,1.839749,0.002464959,0.0166782,1.26713,-0.000421376,0.049538,2.2495e-06
blade,1.842872,0.002577552,0.0165792,1.26728,-0.000418161,0.049359,2.25e-06
blade,1.845995,0.002688853,0.01647875,1.26742,-0.000415086,0.049185,2.2503e-06
blade,1.849119,0.002798843,0.01637687,1.26757,-0.00041212,0.049005,2.2502e-06
blade,1.852242,0.002907503,0.01627357,1.26771,-0.000409235,0.048827,2.2499e-06
blade,1.855366,0.003014814,0.01616888,1.26785,-0.000406406,0.048657,2.2498e-06
blade,1.858489,0.003120756,0.01606279,1.26799,-0.000403613,0.048492,2.25e-06
blade,1.861613,0.003225312,0.01595534,1.26812,-0.000400846,0.048326,2.25e-06
blade,1.864736,0.003328462,0.01584654,1.26826,-0.000398106,0.048158,2.2498e-06
blade,1.867859,0.003430186,0.01573641,1.26839,-0.0003954,0.047996,2.2499e-06
blade,1.870983,0.003530464,0.01562496,1.26852,-0.000392734,0.047832,2.2499e-06
blade,1.874106,0.003629278,0.0155122,1.26865,-0.000390114,0.047669,2.2497e-06
blade,1.877230,0.003726606,0.01539817,1.26878,-0.000387542,0.047513,2.2498e-06
blade,1.880353,0.003822429,0.01528286,1.26891,-0.000385017,0.04736,2.2499e-06
blade,1.883477,0.003916726,0.0151663,1.26904,-0.000382533,0.047206,2.2498e-06
blade,1.886600,0.004009477,0.01504851,1.26916,-0.000380082,0.047055,2.2498e-06
blade,1.889723,0.004100661,0.01492951,1.26928,-0.000377659,0.046907,2.25e-06
blade,1.892847,0.004190258,0.0148093,1.2694,-0.000375262,0.046759,2.25e-06
blade,1.895970,0.004278244,0.01468791,1.26952,-0.000372893,0.046608,2.2499e-06
blade,1.899094,0.0043646,0.01456535,1.26964,-0.000370573,0.046464,2.2499e-06
blade,1.902217,0.004449303,0.01444165,1.26975,-0.000368323,0.046326,2.2501e-06
blade,1.905341,0.004532333,0.01431681,1.26986,-0.000366245,0.046191,2.2499e-06
blade,1.908464,0.004613676,0.01419087,1.26997,-0.000364454,0.046077,2.2498e-06
blade,1.911587,0.004693332,0.01406386,1.27008,-0.000362935,0.045984,2.25e-06
blade,1.914711,0.004771308,0.01393581,1.27019,-0.000361667,0.045902,2.2499e-06
blade,1.917834,0.004847612,0.01380676,1.2703,-0.00036066,0.045839,2.2499e-06
blade,1.920958,0.004922252,0.01367673,1.27041,-0.000359918,0.045792,2.25e-06
blade,1.924081,0.004995236,0.01354577,1.27052,-0.000359451,0.045762,2.2499e-06
blade,1.927205,0.005066575,0.0134139,1.27062,-0.000359262,0.04575,2.25e-06
blade,1.930328,0.005136277,0.01328117,1.27074,-0.000359353,0.045758,2.25e-06
blade,1.933452,0.005204353,0.01314759,1.27085,-0.000359709,0.04578,2.25e-06
blade,1.936575,0.005270812,0.0130132,1.27096,-0.000360302,0.045814,2.2498e-06
blade,1.939698,0.005335666,0.01287803,1.27107,-0.00036108,0.045866,2.25e-06
blade,1.942822,0.005398926,0.0127421,1.27119,-0.000361959,0.045924,2.2501e-06
blade,1.945945,0.005460602,0.01260545,1.2713,-0.000362844,0.045978,2.25e-06
blade,1.949069,0.005520705,0.0124681,1.27142,-0.000363626,0.046027,2.2499e-06
blade,1.952192,0.005579246,0.01233007,1.27153,-0.000364206,0.046064,2.25e-06
blade,1.955316,0.005636238,0.0121914,1.27164,-0.000364513,0.046085,2.25e-06
blade,1.958439,0.00569169,0.01205211,1.27176,-0.000364527,0.046086,2.25e-06
blade,1.961563,0.005745614,0.01191222,1.27187,-0.000364274,0.046069,2.25e-06
blade,1.964686,0.005798022,0.01177175,1.27199,-0.000363821,0.04604,2.25e-06
blade,1.967809,0.005848923,0.01163073,1.2721,-0.000363261,0.046006,2.25e-06
blade,1.970933,0.00589833,0.01148917,1.27221,-0.000362683,0.045971,2.2501e-06
blade,1.974056,0.005946252,0.01134711,1.27233,-0.000362158,0.045936,2.25e-06
blade,1.977180,0.005992701,0.01120456,1.27244,-0.000361731,0.045909,2.25e-06
blade,1.980303,0.006037686,0.01106155,1.27255,-0.000361419,0.045889,2.25e-06
blade,1.983427,0.006081217,0.01091808,1.27267,-0.000361196,0.045872,2.2499e-06
blade,1.986550,0.006123299,0.01077418,1.27278,-0.000361049,0.045863,2.2499e-06
blade,1.989674,0.006163935,0.01062986,1.2729,-0.000360989,0.045858,2.2499e-06
blade,1.992797,0.006203125,0.01048515,1.27302,-0.00036101,0.04586,2.2499e-06
blade,1.995921,0.00624087,0.01034005,1.27313,-0.00036111,0.045868,2.2499e-06
blade,1.999044,0.006277173,0.01019459,1.27325,-0.000361287,0.04588,2.25e-06
blade,2.002168,0.006312034,0.01004877,1.27337,-0.000361545,0.045895,2.25e-06
blade,2.005291,0.006345455,0.009902617,1.27349,-0.00036189,0.045918,2.25e-06
blade,2.008415,0.006377439,0.009756142,1.27361,-0.000362324,0.045948,2.2501e-06
blade,2.011538,0.006407986,0.00960936,1.27373,-0.000362849,0.045979,2.25e-06
blade,2.014661,0.0064371,0.009462288,1.27385,-0.000363458,0.046017,2.25e-06
blade,2.017785,0.006464782,0.009314939,1.27397,-0.000364139,0.046061,2.25e-06
blade,2.020908,0.006491035,0.009167328,1.27409,-0.000364872,0.046109,2.2501e-06
blade,2.024032,0.00651586,0.009019471,1.27422,-0.000365629,0.046155,2.25e-06
blade,2.027155,0.00653926,0.008871382,1.27434,-0.000366377,0.0462,2.2499e-06
blade,2.030279,0.006561236,0.008723075,1.27447,-0.000367081,0.046244,2.2499e-06
blade,2.033402,0.006581793,0.008574564,1.27459,-0.000367709,0.046286,2.25e-06
blade,2.036526,0.006600931,0.008425864,1.27472,-0.000368236,0.04632,2.25e-06
blade,2.039649,0.006618653,0.008276988,1.27484,-0.000368646,0.046346,2.25e-06
blade,2.042773,0.006634963,0.008127951,1.27497,-0.000368938,0.046364,2.2501e-06
blade,2.045896,0.006649861,0.007978767,1.2751,-0.00036912,0.046376,2.2501e-06
blade,2.049020,0.00666335,0.007829448,1.27522,-0.000369215,0.046381,2.25e-06
blade,2.052143,0.006675434,0.007680009,1.27535,-0.000369251,0.046381,2.2499e-06
blade,2.055267,0.006686114,0.007530463,1.27548,-0.000369261,0.046382,2.2499e-06
blade,2.058390,0.006695393,0.007380824,1.2756,-0.000369279,0.046383,2.2499e-06
blade,2.061514,0.006703275,0.007231104,1.27573,-0.000369369,0.04639,2.25e-06
blade,2.064637,0.006709767,0.007081318,1.27586,-0.000369572,0.046403,2.25e-06
blade,2.067761,0.006714883,0.006931479,1.27598,-0.000369884,0.046423,2.25e-06
blade,2.070884,0.006718637,0.006781599,1.27611,-0.000370311,0.046449,2.25e-06
blade,2.074007,0.006721044,0.006631691,1.27624,-0.000370857,0.046481,2.2499e-06
blade,2.077131,0.006722119,0.006481768,1.27637,-0.00037152,0.046524,2.25e-06
blade,2.080254,0.006721876,0.006331841,1.2765,-0.000372293,0.046573,2.25e-06
blade,2.083378,0.006720329,0.006181922,1.27664,-0.000373169,0.046628,2.25e-06
blade,2.086501,0.006717493,0.006032022,1.27677,-0.000374138,0.046688,2.25e-06
blade,2.089625,0.006713382,0.005882151,1.2769,-0.000375194,0.046753,2.2499e-06
blade,2.092748,0.006708012,0.00573232,1.27704,-0.000376338,0.046826,2.25e-06
blade,2.095872,0.006701396,0.005582539,1.27718,-0.000377566,0.046905,2.2501e-06
blade,2.098995,0.006693547,0.005432817,1.27732,-0.000378886,0.046985,2.2501e-06
blade,2.102119,0.006684482,0.005283164,1.27746,-0.000380299,0.047071,2.25e-06
blade,2.105242,0.006674213,0.005133589,1.2776,-0.000381807,0.047166,2.25e-06
blade,2.108366,0.006662754,0.0049841,1.27775,-0.000383408,0.047266,2.2501e-06
blade,2.111489,0.006650119,0.004834706,1.2779,-0.000385097,0.04737,2.2501e-06
blade,2.114613,0.006636322,0.004685415,1.27805,-0.000386863,0.047478,2.2501e-06
blade,2.117736,0.006621375,0.004536234,1.2782,-0.000388689,0.047589,2.2501e-06
blade,2.120860,0.006605294,0.004387172,1.27835,-0.000390551,0.047702,2.25e-06
blade,2.123983,0.006588089,0.004238235,1.27851,-0.000392423,0.047818,2.2501e-06
blade,2.127107,0.006569775,0.00408943,1.27866,-0.000394278,0.047929,2.25e-06
blade,2.130230,0.006550365,0.003940764,1.27882,-0.000396086,0.048038,2.25e-06
blade,2.133354,0.00652987,0.003792244,1.27898,-0.000397823,0.048144,2.25e-06
blade,2.136477,0.006508303,0.003643875,1.27914,-0.000399468,0.048243,2.25e-06
blade,2.139601,0.006485678,0.003495665,1.2793,-0.000401006,0.048337,2.2501e-06
blade,2.142724,0.006462005,0.003347618,1.27947,-0.00040243,0.048422,2.25e-06
blade,2.145848,0.006437299,0.00319974,1.27963,-0.000403732,0.048498,2.2499e-06
blade,2.148971,0.006411574,0.003052035,1.2798,-0.000404908,0.048567,2.2498e-06
blade,2.152095,0.006384845,0.00290451,1.27997,-0.00040597,0.048632,2.2499e-06
blade,2.155218,0.006357126,0.002757166,1.28013,-0.000406942,0.048692,2.25e-06
blade,2.158342,0.00632843,0.00261001,1.2803,-0.000407865,0.048748,2.25e-06
blade,2.161465,0.006298773,0.002463045,1.28048,-0.000408788,0.048803,2.25e-06
blade,2.164589,0.006268169,0.002316274,1.28065,-0.000409758,0.048859,2.2499e-06
blade,2.167712,0.006236631,0.0021697,1.28083,-0.000410824,0.048924,2.25e-06
blade,2.170836,0.006204175,0.002023328,1.281,-0.000412018,0.048998,2.2501e-06
blade,2.173959,0.006170814,0.001877158,1.28119,-0.000413354,0.049076,2.2501e-06
blade,2.177083,0.006136562,0.001731195,1.28137,-0.000414826,0.049163,2.25e-06
blade,2.180206,0.006101432,0.001585441,1.28156,-0.000416404,0.049256,2.25e-06
blade,2.183330,0.006065441,0.001439897,1.28174,-0.000418037,0.049353,2.2501e-06
blade,2.186453,0.0060286,0.001294566,1.28193,-0.000419657,0.04945,2.2501e-06
blade,2.189577,0.005990924,0.001149449,1.28213,-0.000421193,0.049537,2.25e-06
blade,2.192700,0.005952426,0.001004547,1.28232,-0.000422577,0.049618,2.25e-06
blade,2.195824,0.00591312,0.0008598632,1.28252,-0.00042377,0.049688,2.25e-06
blade,2.198947,0.00587302,0.0007153972,1.28272,-0.000424767,0.049745,2.2499e-06
blade,2.202071,0.005832138,0.0005711504,1.28292,-0.000425599,0.049797,2.25e-06
blade,2.205194,0.005790489,0.0004271234,1.28312,-0.000426331,0.049841,2.2501e-06
blade,2.208318,0.005748084,0.0002833168,1.28333,-0.000427049,0.049881,2.25e-06
blade,2.211441,0.005704938,0.0001397311,1.28354,-0.000427836,0.049926,2.2499e-06
blade,2.214565,0.005661062,-3.633631e-06,1.28375,-0.000428762,0.049979,2.2499e-06
blade,2.217688,0.00561647,-0.0001467772,1.28396,-0.000429859,0.050044,2.2499e-06
blade,2.220812,0.005571175,-0.0002896998,1.28418,-0.000431125,0.050119,2.25e-06
blade,2.223935,0.005525189,-0.0004324014,1.2844,-0.000432519,0.050201,2.2501e-06
blade,2.227059,0.005478523,-0.0005748825,1.28463,-0.000433978,0.050286,2.2501e-06
blade,2.230182,0.00543119,-0.000717143,1.28485,-0.000435436,0.050369,2.25e-06
blade,2.233306,0.0053832,-0.0008591835,1.28508,-0.000436824,0.050448,2.25e-06
blade,2.236429,0.005334564,-0.001001004,1.28531,-0.000438094,0.050522,2.25e-06
blade,2.239553,0.005285295,-0.001142606,1.28555,-0.000439216,0.050587,2.25e-06
blade,2.242676,0.005235403,-0.00128399,1.28578,-0.000440189,0.050643,2.25e-06
blade,2.245800,0.005184899,-0.001425156,1.28602,-0.000441041,0.050692,2.25e-06
blade,2.248923,0.005133795,-0.001566106,1.28626,-0.000441812,0.050736,2.25e-06
blade,2.252047,0.005082101,-0.001706841,1.28651,-0.000442562,0.050778,2.25e-06
blade,2.255170,0.005029828,-0.001847362,1.28675,-0.000443347,0.050824,2.25e-06
blade,2.258294,0.004976988,-0.00198767,1.287,-0.000444211,0.050875,2.2501e-06
blade,2.261417,0.00492359,-0.002127767,1.28726,-0.000445178,0.05093,2.2501e-06
blade,2.264541,0.004869646,-0.002267655,1.28751,-0.000446242,0.05099,2.25e-06
blade,2.267664,0.004815167,-0.002407335,1.28777,-0.000447362,0.051054,2.25e-06
blade,2.270788,0.004760162,-0.00254681,1.28804,-0.000448479,0.051118,2.2501e-06
blade,2.273911,0.004704643,-0.00268608,1.2883,-0.000449516,0.051178,2.2501e-06
blade,2.277035,0.00464862,-0.002825148,1.28857,-0.000450412,0.051226,2.2499e-06
blade,2.280158,0.004592103,-0.002964017,1.28884,-0.000451122,0.051265,2.2499e-06
blade,2.283282,0.004535103,-0.003102688,1.28912,-0.00045162,0.051295,2.2499e-06
blade,2.286405,0.00447763,-0.003241163,1.2894,-0.00045189,0.05131,2.2499e-06
blade,2.289529,0.004419693,-0.003379445,1.28968,-0.000451925,0.051311,2.2499e-06
blade,2.292652,0.004361304,-0.003517537,1.28996,-0.000451727,0.051301,2.25e-06
blade,2.295776,0.004302471,-0.00365544,1.29024,-0.000451307,0.05128,2.2501e-06
blade,2.298900,0.004243206,-0.003793158,1.29053,-0.000450687,0.051244,2.2501e-06
blade,2.302023,0.004183517,-0.003930693,1.29082,-0.000449894,0.051198,2.25e-06
blade,2.305147,0.004123415,-0.004068048,1.29112,-0.00044894,0.051141,2.2499e-06
blade,2.308270,0.004062908,-0.004205225,1.29142,-0.000447827,0.051078,2.2499e-06
blade,2.311394,0.004002001,-0.004342224,1.29172,-0.000446589,0.051009,2.25e-06
blade,2.314517,0.003940697,-0.004479047,1.29202,-0.000445278,0.050933,2.25e-06
blade,2.317641,0.003879,-0.004615693,1.29233,-0.000443954,0.050859,2.25e-06
blade,2.320764,0.003816915,-0.004752163,1.29264,-0.000442689,0.050788,2.2501e-06
blade,2.323888,0.003754443,-0.004888457,1.29295,-0.000441553,0.050723,2.2501e-06
blade,2.327011,0.003691588,-0.005024574,1.29327,-0.000440593,0.050668,2.2501e-06
blade,2.330135,0.003628355,-0.005160516,1.29359,-0.000439815,0.050623,2.2501e-06
blade,2.333258,0.003564746,-0.005296282,1.29391,-0.000439168,0.050584,2.25e-06
blade,2.336382,0.003500765,-0.005431873,1.29424,-0.000438558,0.050549,2.25e-06
blade,2.339505,0.003436415,-0.00556729,1.29457,-0.00043788,0.050511,2.2501e-06
blade,2.342629,0.0033717,-0.005702533,1.2949,-0.000437055,0.050462,2.25e-06
blade,2.345752,0.003306623,-0.005837602,1.29524,-0.000436071,0.050403,2.2499e-06
blade,2.348876,0.003241188,-0.005972498,1.29558,-0.000434976,0.050341,2.25e-06
blade,2.351999,0.003175398,-0.006107221,1.29592,-0.000433857,0.050276,2.25e-06
blade,2.355123,0.003109256,-0.006241772,1.29626,-0.000432789,0.050214,2.25e-06
blade,2.358246,0.003042766,-0.006376151,1.29661,-0.000431787,0.050157,2.25e-06
blade,2.361370,0.002975931,-0.006510358,1.29696,-0.000430788,0.050097,2.2499e-06
blade,2.364493,0.002908754,-0.006644396,1.29732,-0.000429672,0.050034,2.25e-06
blade,2.367617,0.00284124,-0.006778263,1.29768,-0.000428316,0.049955,2.25e-06
blade,2.370740,0.00277339,-0.00691196,1.29804,-0.000426648,0.049856,2.2499e-06
blade,2.373864,0.00270521,-0.00704549,1.29841,-0.000424669,0.049741,2.25e-06
blade,2.376987,0.0026367,-0.00717885,1.29878,-0.000422425,0.049609,2.2499e-06
blade,2.380111,0.002567866,-0.007312044,1.29915,-0.000419955,0.049464,2.25e-06
blade,2.383234,0.002498711,-0.007445071,1.29952,-0.000417249,0.049306,2.25e-06
blade,2.386358,0.002429237,-0.007577932,1.2999,-0.000414238,0.049127,2.25e-06
blade,2.389481,0.002359448,-0.007710628,1.30028,-0.000410831,0.048925,2.25e-06
blade,2.392605,0.002289347,-0.007843158,1.30067,-0.000406983,0.048695,2.25e-06
blade,2.395728,0.002218934,-0.007975524,1.30105,-0.000402757,0.048441,2.25e-06
blade,2.398852,0.002148211,-0.008107724,1.30144,-0.000398337,0.048173,2.2499e-06
blade,2.401976,0.002077176,-0.008239757,1.30183,-0.000393959,0.047908,2.2499e-06
blade,2.405099,0.002005829,-0.008371621,1.30222,-0.00038983,0.047657,2.2499e-06
blade,2.408223,0.00193417,-0.008503317,1.30261,-0.00038603,0.047423,2.2499e-06
blade,2.411346,0.0018622,-0.008634842,1.30301,-0.000382466,0.047203,2.2499e-06
blade,2.414470,0.001789918,-0.008766197,1.3034,-0.000378901,0.046982,2.2499e-06
blade,2.417593,0.001717324,-0.008897379,1.3038,-0.000375042,0.046745,2.25e-06
blade,2.420717,0.001644417,-0.009028387,1.3042,-0.000370673,0.046473,2.2501e-06
blade,2.423840,0.001571197,-0.009159221,1.3046,-0.000365738,0.04616,2.2499e-06
blade,2.426964,0.001497666,-0.00928988,1.305,-0.000360361,0.045817,2.2498e-06
blade,2.430087,0.001423821,-0.009420362,1.3054,-0.000354778,0.045463,2.2499e-06
blade,2.433211,0.001349663,-0.009550667,1.3058,-0.00034922,0.045108,2.25e-06
blade,2.436334,0.001275192,-0.009680793,1.30621,-0.000343857,0.044762,2.2501e-06
blade,2.439458,0.001200408,-0.009810739,1.30661,-0.000338728,0.044426,2.2501e-06
blade,2.442581,0.00112531,-0.009940504,1.30702,-0.000333737,0.044095,2.2499e-06
blade,2.445705,0.001049899,-0.01007009,1.30743,-0.000328713,0.043763,2.25e-06
blade,2.448828,0.0009741736,-0.01019949,1.30784,-0.000323507,0.043415,2.25e-06
blade,2.451952,0.0008981344,-0.0103287,1.30825,-0.00031808,0.043049,2.25e-06
blade,2.455075,0.000821781,-0.01045773,1.30867,-0.000312491,0.042668,2.2499e-06
blade,2.458199,0.0007451133,-0.01058658,1.30908,-0.000306812,0.042278,2.2499e-06
blade,2.461322,0.0006681311,-0.01071523,1.3095,-0.000301027,0.041879,2.25e-06
blade,2.464446,0.0005908342,-0.0108437,1.30992,-0.000294989,0.041456,2.25e-06
blade,2.467569,0.0005132225,-0.01097198,1.31034,-0.00028848,0.040998,2.25e-06
blade,2.470693,0.0004352957,-0.01110006,1.31076,-0.000281343,0.040487,2.25e-06
blade,2.473816,0.0003570538,-0.01122796,1.31118,-0.000273619,0.039927,2.25e-06
blade,2.476940,0.0002784967,-0.01135566,1.3116,-0.000265557,0.039336,2.2501e-06
blade,2.480063,0.0001996256,-0.01148316,1.31203,-0.000257519,0.038733,2.2499e-06
blade,2.483187,0.0001204431,-0.01161048,1.31245,-0.000249803,0.038149,2.2499e-06
blade,2.486310,4.09518e-05,-0.0117376,1.31287,-0.000242502,0.037589,2.2501e-06
blade,2.489434,-3.88456e-05,-0.01186453,1.31329,-0.000235455,0.037038,2.25e-06
blade,2.492558,-0.0001189464,-0.01199127,1.31371,-0.000228251,0.036468,2.25e-06
blade,2.495681,-0.0001993479,-0.01211781,1.31413,-0.000220385,0.035835,2.2501e-06
blade,2.498805,-0.0002800475,-0.01224417,1.31455,-0.000211465,0.0351,2.25e-06
blade,2.501928,-0.0003610425,-0.01237034,1.31498,-0.000201366,0.034252,2.25e-06
blade,2.505052,-0.0004423302,-0.01249632,1.3154,-0.000190266,0.033295,2.25e-06
blade,2.508175,-0.000523908,-0.01262211,1.31581,-0.00017856,0.032254,2.2499e-06
blade,2.511299,-0.0006057733,-0.01274772,1.31623,-0.000166711,0.031166,2.25e-06
blade,2.514422,-0.0006879234,-0.01287314,1.31664,-0.000155093,0.030062,2.2501e-06
blade,2.517546,-0.0007703557,-0.01299837,1.31705,-0.00014389,0.028956,2.2501e-06
blade,2.520669,-0.0008530675,-0.01312342,1.31746,-0.000133082,0.027847,2.2501e-06
blade,2.523793,-0.0009360563,-0.01324829,1.31786,-0.00012251,0.026717,2.25e-06
blade,2.526916,-0.00101932,-0.01337297,1.31827,-0.000111951,0.025539,2.2499e-06
blade,2.530040,-0.001102855,-0.01349747,1.31867,-0.000101202,0.024282,2.25e-06
blade,2.533163,-0.001186659,-0.01362179,1.31908,-9.01474e-05,0.022917,2.2499e-06
blade,2.536287,-0.00127073,-0.01374593,1.31948,-7.87634e-05,0.021421,2.2499e-06
blade,2.539410,-0.001355065,-0.01386989,1.31988,-6.70874e-05,0.01977,2.25e-06
blade,2.542534,-0.001439661,-0.01399367,1.32028,-5.51667e-05,0.017928,2.25e-06
blade,2.545657,-0.001524517,-0.01411728,1.32068,-4.30191e-05,0.015832,2.25e-06
blade,2.548781,-0.001609629,-0.01424071,1.32108,-3.06096e-05,0.013354,2.25e-06
blade,2.551904,-0.001694995,-0.01436396,1.32147,-1.7864e-05,0.010202,2.2501e-06
blade,2.555028,-0.001780612,-0.01448704,1.32186,-4.69785e-06,0.0052322,2.2502e-06
blade,2.558151,-0.001866478,-0.01460994,1.32225,8.96605e-06,0.0072278,2.2501e-06
blade,2.561275,-0.001952591,-0.01473268,1.32263,2.3118e-05,0.011605,2.2499e-06
blade,2.564398,-0.00203895,-0.01485524,1.32301,3.77507e-05,0.01483,2.25e-06
blade,2.567522,-0.002125554,-0.01497762,1.32338,5.28525e-05,0.017548,2.25e-06
blade,2.570645,-0.002212407,-0.01509983,1.32375,6.84375e-05,0.019969,2.2501e-06
blade,2.573769,-0.00229951,-0.01522186,1.32412,8.4558e-05,0.022197,2.2501e-06
blade,2.576892,-0.002386865,-0.01534371,1.32448,0.000101277,0.024291,2.2499e-06
blade,2.580016,-0.002474473,-0.01546538,1.32483,0.000118631,0.026291,2.25e-06
blade,2.583140,-0.002562337,-0.01558687,1.32518,0.000136598,0.028212,2.2501e-06
blade,2.586263,-0.002650457,-0.01570817,1.32552,0.000155096,0.03006,2.25e-06
blade,2.589387,-0.002738837,-0.01582928,1.32585,0.000174006,0.031842,2.2501e-06
blade,2.592510,-0.002827478,-0.0159502,1.32617,0.000193212,0.033552,2.25e-06
blade,2.595634,-0.00291638,-0.01607092,1.32649,0.000212633,0.035196,2.2499e-06
blade,2.598757,-0.003005547,-0.01619146,1.32679,0.000232248,0.036785,2.25e-06
blade,2.601881,-0.00309498,-0.01631179,1.32708,0.000252101,0.038323,2.2499e-06
blade,2.605004,-0.003184681,-0.01643192,1.32737,0.000272293,0.039825,2.2497e-06
blade,2.608128,-0.003274651,-0.01655186,1.32764,0.000292948,0.041309,2.2498e-06
blade,2.611251,-0.003364892,-0.01667159,1.3279,0.000314136,0.042778,2.2498e-06
blade,2.614375,-0.003455406,-0.01679111,1.32816,0.000335853,0.044233,2.2499e-06
blade,2.617498,-0.003546194,-0.01691043,1.3284,0.000358026,0.045676,2.2502e-06
blade,2.620622,-0.003637259,-0.01702953,1.32864,0.000380559,0.047092,2.2502e-06
blade,2.623745,-0.003728601,-0.01714842,1.32886,0.000403365,0.048483,2.2502e-06
blade,2.626869,-0.003820224,-0.0172671,1.32907,0.000426435,0.049849,2.2502e-06
blade,2.629992,-0.003912127,-0.01738556,1.32928,0.000449841,0.051198,2.2501e-06
blade,2.633116,-0.004004313,-0.0175038,1.32947,0.0004737,0.052538,2.2502e-06
blade,2.636239,-0.004096783,-0.01762181,1.32964,0.000498188,0.053878,2.2501e-06
blade,2.639363,-0.00418954,-0.01773961,1.32981,0.000523516,0.055229,2.25e-06
blade,2.642486,-0.004282584,-0.01785717,1.32996,0.000549826,0.056598,2.25e-06
blade,2.645610,-0.004375918,-0.0179745,1.3301,0.000577124,0.057981,2.2498e-06
blade,2.648733,-0.004469543,-0.01809161,1.33022,0.000605299,0.059376,2.2496e-06
blade,2.651857,-0.004563466,-0.01820847,1.33033,0.000634241,0.060792,2.2501e-06
blade,2.654980,-0.004657694,-0.01832509,1.33041,0.000663847,0.062196,2.2502e-06
blade,2.658104,-0.004752235,-0.01844145,1.33048,0.000694021,0.06359,2.25e-06
blade,2.661227,-0.004847097,-0.01855756,1.33053,0.000724745,0.064985,2.2501e-06
blade,2.664351,-0.004942287,-0.01867339,1.33056,0.000756085,0.066369,2.2499e-06
blade,2.667474,-0.005037813,-0.01878894,1.33056,0.000788172,0.067764,2.25e-06
blade,2.670598,-0.005133683,-0.01890422,1.33055,0.00082118,0.069176,2.2502e-06
blade,2.673721,-0.005229903,-0.0190192,1.33052,0.000855304,0.070596,2.2501e-06
blade,2.676845,-0.005326482,-0.01913387,1.33046,0.000890709,0.072036,2.2499e-06
blade,2.679968,-0.005423428,-0.01924824,1.33039,0.000927503,0.073511,2.25e-06
blade,2.683092,-0.005520747,-0.01936229,1.33028,0.00096571,0.075007,2.2499e-06
blade,2.686216,-0.005618448,-0.01947602,1.33016,0.00100532,0.076535,2.2501e-06
blade,2.689339,-0.005716536,-0.01958941,1.33,0.0010463,0.078085,2.2502e-06
blade,2.692463,-0.005815021,-0.01970245,1.32981,0.00108864,0.07964,2.25e-06
blade,2.695586,-0.005913909,-0.01981515,1.32959,0.0011323,0.08122,2.2499e-06
blade,2.698710,-0.006013206,-0.01992748,1.32933,0.00117731,0.082823,2.25e-06
blade,2.701833,-0.006112922,-0.02003944,1.32903,0.00122371,0.084442,2.2501e-06
blade,2.704957,-0.006213061,-0.02015102,1.3287,0.00127163,0.086084,2.2502e-06
blade,2.708080,-0.006313632,-0.02026222,1.32832,0.00132119,0.087744,2.2502e-06
blade,2.711204,-0.006414641,-0.02037301,1.3279,0.00137258,0.089431,2.2501e-06
blade,2.714327,-0.006516095,-0.0204834,1.32743,0.00142598,0.091153,2.2501e-06
blade,2.717451,-0.006618001,-0.02059337,1.32692,0.0014816,0.092919,2.2502e-06
blade,2.720574,-0.006720366,-0.02070292,1.32635,0.00153963,0.094718,2.2501e-06
blade,2.723698,-0.006823195,-0.02081203,1.32573,0.00160033,0.096551,2.2498e-06
blade,2.726821,-0.006926496,-0.02092069,1.32505,0.00166392,0.098451,2.2498e-06
blade,2.729945,-0.007030275,-0.02102889,1.32431,0.00173058,0.10041,2.2499e-06
blade,2.733068,-0.007134538,-0.02113663,1.3235,0.00180046,0.10242,2.25e-06
blade,2.736192,-0.007239289,-0.0212439,1.32262,0.00187369,0.10449,2.2501e-06
blade,2.739315,-0.007344533,-0.02135068,1.32166,0.00195045,0.10661,2.2501e-06
blade,2.742439,-0.007450276,-0.02145697,1.32062,0.00203092,0.10878,2.2501e-06
blade,2.745562,-0.00755652,-0.02156275,1.31949,0.00211533,0.11101,2.2499e-06
blade,2.748686,-0.007663271,-0.02166803,1.31826,0.00220389,0.1133,2.2498e-06
blade,2.751809,-0.007770532,-0.02177278,1.31693,0.00229683,0.11566,2.2496e-06
blade,2.754933,-0.007878308,-0.02187701,1.31548,0.00239443,0.1181,2.2498e-06
blade,2.758056,-0.007986603,-0.02198069,1.31392,0.00249702,0.12063,2.2503e-06
blade,2.761180,-0.008095421,-0.02208383,1.31223,0.00260494,0.1232,2.2501e-06
blade,2.764303,-0.008204767,-0.02218641,1.31039,0.00271847,0.12583,2.2496e-06
blade,2.767427,-0.008314642,-0.02228842,1.30841,0.00283801,0.12857,2.2497e-06
blade,2.770550,-0.008425053,-0.02238985,1.30626,0.00296402,0.13142,2.2501e-06
blade,2.773674,-0.008536002,-0.02249069,1.30394,0.00309704,0.13432,2.2498e-06
blade,2.776797,-0.008647493,-0.02259093,1.30144,0.00323772,0.13732,2.2496e-06
blade,2.779921,-0.008759529,-0.02269056,1.29873,0.00338678,0.14046,2.2499e-06
blade,2.783044,-0.008872115,-0.02278957,1.2958,0.00354505,0.14372,2.25e-06
blade,2.786168,-0.008985253,-0.02288794,1.29264,0.00371352,0.1471,2.2501e-06
blade,2.789291,-0.009098947,-0.02298568,1.28921,0.00389319,0.15061,2.25e-06
blade,2.792415,-0.009213199,-0.02308276,1.2855,0.0040851,0.15427,2.2499e-06
blade,2.795538,-0.009328013,-0.02317918,1.28149,0.00429049,0.15809,2.2498e-06
blade,2.798662,-0.009443391,-0.02327492,1.27713,0.00451068,0.16209,2.2497e-06
blade,2.801785,-0.009559336,-0.02336997,1.27239,0.0047472,0.16628,2.2497e-06
blade,2.804909,-0.009675851,-0.02346433,1.26724,0.00500184,0.17071,2.2499e-06
blade,2.808032,-0.009792938,-0.02355797,1.26163,0.00527664,0.17535,2.2502e-06
blade,2.811156,-0.0099106,-0.02365089,1.25551,0.00557388,0.18021,2.25e-06
blade,2.814279,-0.01002884,-0.02374308,1.24881,0.00589605,0.18532,2.2497e-06
blade,2.817403,-0.01014765,-0.02383451,1.24148,0.00624621,0.19076,2.2499e-06
blade,2.820526,-0.01026705,-0.0239252,1.23343,0.00662782,0.19654,2.2504e-06
blade,2.823650,-0.01038703,-0.02401511,1.22456,0.00704513,0.20263,2.2504e-06
blade,2.826773,-0.01050759,-0.02410423,1.21478,0.00750296,0.20907,2.2499e-06
blade,2.829897,-0.01062873,-0.02419256,1.20395,0.00800709,0.21595,2.2496e-06
blade,2.833020,-0.01075047,-0.02428008,1.19192,0.00856425,0.22335,2.2497e-06
blade,2.836144,-0.01087278,-0.02436678,1.17852,0.00918292,0.23132,2.2501e-06
blade,2.839267,-0.01099569,-0.02445265,1.16352,0.0098731,0.23986,2.2502e-06
blade,2.842391,-0.01111918,-0.02453766,1.14667,0.0106473,0.24909,2.2502e-06
blade,2.845514,-0.01124326,-0.02462182,1.12763,0.0115205,0.2591,2.2502e-06
blade,2.848638,-0.01136793,-0.02470509,1.10602,0.0125121,0.26998,2.2498e-06
blade,2.851761,-0.01149319,-0.02478748,1.08132,0.0136463,0.28194,2.2498e-06
blade,2.854885,-0.01161904,-0.02486897,1.05291,0.0149544,0.29519,2.2501e-06
blade,2.858008,-0.01174548,-0.02494955,1.01996,0.0164772,0.30987,2.2502e-06
blade,2.861132,-0.01187251,-0.02502919,0.981411,0.0182689,0.32624,2.2499e-06
blade,2.864255,-0.01200012,-0.02510788,0.93582,0.0204038,0.34477,2.2499e-06
blade,2.867379,-0.01212832,-0.02518562,0.881229,0.0229874,0.36596,2.2499e-06
blade,2.870502,-0.01225711,-0.02526238,0.814857,0.026171,0.39049,2.25e-06
blade,2.873626,-0.01238647,-0.02533815,0.732693,0.0301968,0.41945,2.25e-06
blade,2.876652,-0.01251237,-0.02541064,0.631658,0.0352736,0.45325,2.2496e-06
blade,2.879417,-0.01262784,-0.02547602,0.512465,0.0414376,0.49125,2.2495e-06
blade,2.881869,-0.01273064,-0.02553334,0.375507,0.0487687,0.53308,2.2501e-06
blade,2.884044,-0.01282212,-0.02558364,0.217857,0.0576569,0.57974,2.2506e-06
blade,2.885973,-0.01290349,-0.02562782,0.0336705,0.0683989,0.63136,2.2503e-06
blade,2.887684,-0.01297585,-0.02566667,-0.183129,0.0827242,0.69431,2.2502e-06
blade,2.889201,-0.01304017,-0.02570086,-0.456119,0.0975717,0.75408,2.2503e-06
blade,2.890547,-0.01309734,-0.02573098,-0.749875,0.134453,0.88505,2.2499e-06
blade,2.891741,-0.01314813,-0.02575752,-1.32477,0.114798,0.81784,2.25e-06
blade,2.892800,-0.01319325,-0.02578093,-1.17576,0.407672,1.4207,2.0741e-06
blade,2.893512,-0.01320332,-0.02581356,-5.88623,0.149037,0.85757,2.0707e-06
blade,2.894593,-0.01317954,-0.0258597,-4.1178,-0.162682,0.97361,2.2501e-06
blade,2.895815,-0.01315268,-0.02591183,-4.09608,-0.0295727,0.41511,2.2501e-06
blade,2.897196,-0.01312233,-0.02597074,-4.00832,-0.0254489,0.38508,2.2501e-06
blade,2.898756,-0.01308803,-0.02603731,-3.97337,-0.0163677,0.30879,2.2499e-06
blade,2.900518,-0.01304927,-0.02611253,-3.94649,-0.0125533,0.27043,2.2499e-06
blade,2.902510,-0.01300548,-0.02619752,-3.93081,-0.00965079,0.23714,2.2501e-06
blade,2.904761,-0.012956,-0.02629356,-3.92028,-0.0080873,0.21708,2.2501e-06
blade,2.907228,-0.01290176,-0.02639882,-3.91419,-0.00721292,0.20501,2.2501e-06
blade,2.909773,-0.0128458,-0.02650743,-3.91253,-0.0072148,0.20503,2.2501e-06
blade,2.912319,-0.01278984,-0.02661605,-3.91236,-0.00824313,0.21916,2.2501e-06
blade,2.914864,-0.01273387,-0.02672466,-3.90961,-0.00993239,0.24055,2.2499e-06
blade,2.917410,-0.01267791,-0.02683328,-3.90198,-0.0118542,0.26279,2.2499e-06
blade,2.919877,-0.01262368,-0.02693853,-3.88518,-0.0131102,0.27636,2.2499e-06
blade,2.922128,-0.0125742,-0.02703457,-3.8638,-0.012603,0.27094,2.2497e-06
blade,2.924119,-0.0125304,-0.02711957,-3.84543,-0.00984699,0.23951,2.2499e-06
blade,2.925882,-0.01249165,-0.02719478,-3.84049,-0.00561052,0.18081,2.2501e-06
blade,2.927442,-0.01245735,-0.02726135,-3.84497,0.000673528,0.062646,2.2501e-06
blade,2.928823,-0.012427,-0.02732026,-3.87645,0.00292506,0.13054,2.2499e-06
blade,2.930045,-0.01240013,-0.0273724,-3.88649,0.0185739,0.32895,2.2499e-06
blade,2.931126,-0.01237636,-0.02741854,-4.05919,-0.0280339,0.37189,2.0704e-06
