# a180.0_U23.0_SST_wf_Ks0_Tu1.0 t=0.31304348 s (inst); s/c with c=0.048 m; Cp=(p-p_inf)/(0.5U^2), p_inf=0; Cf signed by near-wall flow direction; tau_w from wallShearStress
patch,s_over_c,x_m,y_m,Cp,Cf,yplus,d_first_m
blade,0.000000,-0.01227104,-0.02739105,-5.10501,0.0124853,43.553,0.00036333
blade,0.004708,-0.01207133,-0.02728532,-4.28918,-0.0101628,47.448,0.00043873
blade,0.010015,-0.0118476,-0.02716346,-3.63757,-0.00947511,45.818,0.00043876
blade,0.015925,-0.01160024,-0.02702457,-3.07966,-0.00909869,44.924,0.00043901
blade,0.022147,-0.01134186,-0.02687484,-2.67085,-0.00888884,44.466,0.00043963
blade,0.028395,-0.01108449,-0.02672087,-2.39404,-0.00872956,44.09,0.00043987
blade,0.034643,-0.01082927,-0.02656337,-2.20028,-0.00856167,43.674,0.00043998
blade,0.040891,-0.0105762,-0.02640243,-2.04101,-0.00835313,43.14,0.00043999
blade,0.047139,-0.0103253,-0.02623813,-1.90073,-0.00812674,42.552,0.00043999
blade,0.053387,-0.01007656,-0.02607058,-1.77378,-0.00790829,41.976,0.00043999
blade,0.059635,-0.009829995,-0.02589985,-1.65795,-0.00770033,41.42,0.00043999
blade,0.065883,-0.009585595,-0.02572602,-1.5506,-0.00750227,40.884,0.00043999
blade,0.072132,-0.00934336,-0.0255492,-1.44981,-0.0073139,40.368,0.00043999
blade,0.078380,-0.009103286,-0.02536945,-1.35485,-0.00713419,39.869,0.00043999
blade,0.084628,-0.008865365,-0.02518685,-1.26535,-0.00696295,39.387,0.00043999
blade,0.090876,-0.008629591,-0.0250015,-1.18081,-0.00679879,38.92,0.00043999
blade,0.097124,-0.008395951,-0.02481346,-1.10076,-0.00664057,38.465,0.00043999
blade,0.103372,-0.008164433,-0.02462281,-1.0248,-0.00648788,38.02,0.00043999
blade,0.109620,-0.007935022,-0.02442964,-0.952592,-0.00634039,37.585,0.00043999
blade,0.115869,-0.007707701,-0.024234,-0.88375,-0.00619756,37.16,0.00043999
blade,0.122117,-0.007482452,-0.02403599,-0.817939,-0.00605881,36.741,0.00043999
blade,0.128365,-0.007259255,-0.02383567,-0.754965,-0.00592395,36.33,0.00043999
blade,0.134613,-0.007038088,-0.0236331,-0.694714,-0.00579285,35.926,0.00043999
blade,0.140861,-0.006818927,-0.02342837,-0.636913,-0.00566539,35.528,0.00043999
blade,0.147109,-0.006601748,-0.02322153,-0.581369,-0.00554126,35.137,0.00044
blade,0.153358,-0.006386527,-0.02301266,-0.527891,-0.00542017,34.751,0.00044
blade,0.159606,-0.006173235,-0.02280182,-0.476322,-0.00530195,34.37,0.00044
blade,0.165854,-0.005961846,-0.02258907,-0.426527,-0.0051865,33.994,0.00044
blade,0.172102,-0.00575233,-0.02237447,-0.378394,-0.00507368,33.622,0.00044
blade,0.178350,-0.005544657,-0.0221581,-0.331842,-0.00497136,33.281,0.00044
blade,0.184598,-0.005338788,-0.02194,-0.286816,-0.00488933,33.006,0.00044
blade,0.190847,-0.005134679,-0.02172025,-0.243261,-0.00480854,32.732,0.00044
blade,0.197095,-0.004932288,-0.02149893,-0.201131,-0.00472897,32.46,0.00044
blade,0.203343,-0.004731566,-0.02127608,-0.160382,-0.0046506,32.19,0.00044
blade,0.209591,-0.004532466,-0.02105179,-0.120974,-0.00457342,31.922,0.00044
blade,0.215840,-0.004334939,-0.02082611,-0.0828702,-0.00449741,31.655,0.00044
blade,0.222088,-0.004138934,-0.0205991,-0.0460415,-0.00442259,31.391,0.00044
blade,0.228336,-0.003944401,-0.02037084,-0.010457,-0.00434897,31.128,0.00044
blade,0.234584,-0.003751287,-0.02014137,0.0239268,-0.00427649,30.868,0.00044
blade,0.240832,-0.003559539,-0.01991076,0.0571671,-0.00420507,30.609,0.00044
blade,0.247081,-0.003369101,-0.01967906,0.0893045,-0.00413466,30.352,0.00044
blade,0.253329,-0.00317992,-0.01944634,0.120309,-0.00406537,30.096,0.00044
blade,0.259577,-0.00299194,-0.01921264,0.150204,-0.0039973,29.843,0.00044
blade,0.265825,-0.002805111,-0.01897803,0.17902,-0.00393023,29.592,0.00044
blade,0.272074,-0.002619406,-0.01874252,0.206855,-0.00386423,29.342,0.00044
blade,0.278322,-0.002434811,-0.01850614,0.233775,-0.00379926,29.095,0.00044
blade,0.284570,-0.002251314,-0.01826891,0.259849,-0.00373527,28.849,0.00044
blade,0.290818,-0.002068904,-0.01803085,0.285124,-0.00367217,28.604,0.00044
blade,0.297067,-0.001887567,-0.01779196,0.309647,-0.00360991,28.36,0.00044
blade,0.303315,-0.001707293,-0.01755227,0.333448,-0.00354845,28.118,0.00044
blade,0.309563,-0.001528068,-0.0173118,0.356561,-0.00348772,27.876,0.00044
blade,0.315811,-0.00134988,-0.01707055,0.379013,-0.00342767,27.635,0.00044
blade,0.322060,-0.001172715,-0.01682856,0.400836,-0.00336824,27.395,0.00044
blade,0.328308,-0.0009965617,-0.01658582,0.422051,-0.00330942,27.154,0.00044
blade,0.334556,-0.0008214061,-0.01634237,0.442679,-0.00325116,26.914,0.00044
blade,0.340804,-0.0006472352,-0.01609821,0.46274,-0.00319343,26.674,0.00044
blade,0.347053,-0.0004740357,-0.01585336,0.482247,-0.00313622,26.434,0.00044
blade,0.353301,-0.0003017989,-0.01560783,0.501222,-0.00307941,26.194,0.00044
blade,0.359549,-0.0001305308,-0.01536162,0.519696,-0.00302308,25.953,0.00044
blade,0.365797,3.975148e-05,-0.01511474,0.537707,-0.0029672,25.712,0.00044
blade,0.372046,0.000209029,-0.01486716,0.555293,-0.00291168,25.47,0.00044
blade,0.378294,0.000377283,-0.01461888,0.572482,-0.00285642,25.228,0.00044
blade,0.384542,0.0005444943,-0.01436991,0.5893,-0.00280135,24.983,0.00044
blade,0.390790,0.000710644,-0.01412022,0.605766,-0.00274642,24.737,0.00044
blade,0.397039,0.0008757127,-0.01386982,0.621897,-0.00269158,24.489,0.00044
blade,0.403287,0.001039681,-0.01361869,0.637708,-0.00263679,24.238,0.00044
blade,0.409535,0.00120253,-0.01336684,0.653211,-0.00258199,23.985,0.00044
blade,0.415783,0.001364239,-0.01311425,0.668416,-0.00252716,23.729,0.00044
blade,0.422032,0.00152479,-0.01286093,0.683333,-0.00247225,23.47,0.00044
blade,0.428280,0.001684162,-0.01260686,0.697972,-0.00241722,23.207,0.00044
blade,0.434528,0.001842335,-0.01235205,0.712339,-0.00236204,22.941,0.00044
blade,0.440776,0.001999293,-0.01209648,0.726436,-0.00230673,22.671,0.00044
blade,0.447025,0.002155028,-0.01184017,0.740261,-0.00225123,22.396,0.00044
blade,0.453273,0.00230954,-0.01158312,0.753814,-0.00219548,22.117,0.00044
blade,0.459521,0.00246283,-0.01132533,0.767086,-0.00213944,21.833,0.00044
blade,0.465769,0.002614899,-0.01106683,0.780071,-0.00208316,21.544,0.00044
blade,0.472018,0.002765749,-0.01080761,0.792763,-0.00202663,21.25,0.00044
blade,0.478266,0.002915381,-0.01054769,0.805157,-0.00196987,20.95,0.00044
blade,0.484514,0.003063795,-0.01028707,0.817249,-0.00191287,20.645,0.00044
blade,0.490762,0.003210993,-0.01002576,0.829033,-0.00185561,20.333,0.00044
blade,0.497011,0.003356976,-0.009763771,0.840508,-0.00179808,20.016,0.00044
blade,0.503259,0.003501745,-0.009501109,0.851672,-0.00174027,19.691,0.00044
blade,0.509507,0.003645301,-0.009237782,0.862522,-0.00168216,19.36,0.00044
blade,0.515755,0.003787646,-0.008973798,0.873056,-0.00162372,19.02,0.00044
blade,0.522004,0.00392878,-0.008709164,0.883271,-0.00156496,18.673,0.00044
blade,0.528252,0.0040687,-0.008443888,0.893166,-0.0015058,18.317,0.00044
blade,0.534500,0.004207396,-0.008177968,0.902744,-0.00144623,17.951,0.00044
blade,0.540748,0.004344843,-0.007911402,0.912002,-0.00138622,17.574,0.00044
blade,0.546997,0.004481017,-0.007644183,0.920938,-0.00132575,17.187,0.00044
blade,0.553245,0.004615894,-0.007376307,0.929547,-0.00126477,16.787,0.00044
blade,0.559493,0.00474945,-0.007107769,0.937821,-0.00120328,16.374,0.00044
blade,0.565741,0.00488166,-0.006838567,0.945752,-0.00114125,15.946,0.00044
blade,0.571990,0.005012499,-0.006568696,0.953329,-0.00107868,15.503,0.00044
blade,0.578238,0.005141942,-0.006298152,0.960542,-0.00101555,15.042,0.00044
blade,0.584486,0.005269965,-0.006026934,0.96738,-0.000951892,14.563,0.00044
blade,0.590734,0.005396543,-0.005755038,0.973828,-0.000887725,14.064,0.00044
blade,0.596983,0.005521649,-0.005482462,0.979869,-0.000823102,13.542,0.00044
blade,0.603231,0.00564526,-0.005209205,0.985487,-0.000758121,12.997,0.00044
blade,0.609479,0.00576735,-0.004935264,0.990669,-0.00069297,12.426,0.00044
blade,0.615727,0.005887889,-0.004660638,0.995409,-0.000628035,11.829,0.00044
blade,0.621975,0.006006827,-0.004385315,0.999683,-0.000563912,11.209,0.00044
blade,0.628224,0.006124096,-0.004109277,1.00343,-0.000501036,10.566,0.00044
blade,0.634472,0.006239627,-0.003832507,1.0066,-0.000440619,9.9082,0.00044
blade,0.640720,0.006353346,-0.003554988,1.00927,-0.000382157,9.2275,0.00044
blade,0.646968,0.006465182,-0.003276705,1.01155,-0.000325691,8.5186,0.00044
blade,0.653217,0.006575061,-0.002997644,1.01331,-0.000280744,7.9089,0.00044
blade,0.659465,0.006682909,-0.002717792,1.01441,-0.000254391,7.5286,0.00044
blade,0.665713,0.006788653,-0.002437138,1.01485,0.000250007,7.4634,0.00044
blade,0.671961,0.006892216,-0.002155672,1.01457,0.000272496,7.7919,0.00044
blade,0.678209,0.006993523,-0.001873386,1.01368,0.000320158,8.4459,0.00044
blade,0.684458,0.007092498,-0.001590275,1.01218,0.000376722,9.1616,0.00044
blade,0.690706,0.007189065,-0.001306334,1.00989,0.000441497,9.918,0.00044
blade,0.696954,0.007283147,-0.00102156,1.00671,0.000514511,10.707,0.00044
blade,0.703202,0.007374666,-0.0007359514,1.00261,0.000594211,11.506,0.00044
blade,0.709450,0.00746354,-0.0004495097,0.997562,0.000677718,12.288,0.00043999
blade,0.715699,0.007549685,-0.0001622355,0.991525,0.000764412,13.05,0.00043999
blade,0.721947,0.007633014,0.0001258678,0.984439,0.00085377,13.792,0.00043999
blade,0.728195,0.007713439,0.0004147946,0.976246,0.000945998,14.518,0.00043999
blade,0.734443,0.007790874,0.0007045373,0.966886,0.00104024,15.224,0.00043999
blade,0.740691,0.007865227,0.0009950854,0.956271,0.00113731,15.918,0.00043999
blade,0.746939,0.007936411,0.001286426,0.944331,-0.00123714,15.4,0.00040813
