,Ra20_summary,Ra20_points,Ra40_summary,Ra40_points,Ra80_summary,Ra80_points,Ra40_trace
fan_rpm_cmd,x,,x,,x,,
fan_rpm_actual,x,x,x,x,x,x,x
wind_mps,x,x,x,x,x,x,
blade,x,x,x,x,x,x,
p_max_w,x,,,,,,
i_at_pmax_a,x,,,,,,
v_at_pmax_v,x,,x,,x,,
i_last_a,x,,x,,x,,
limited_by,x,,x,,x,,
clean,x,,x,,x,,
steps,x,,x,,x,,
stopped_by,x,,x,,x,,
fan_rpm,,x,,x,,x,
demand_a,,x,,x,,x,
held_a,,x,,x,,x,
volts,,x,,x,,x,
amps,,x,,x,,x,
watts,,x,,x,,x,
tracking,,x,,x,,x,
note,,x,,x,,x,
motor_amps,,x,,x,,x,x
p_max_fit_w,,,x,,x,,
i_at_pmax_fit_a,,,x,,x,,
p_max_raw_w,,,x,,x,,
i_at_pmax_raw_a,,,x,,x,,
turbine_rpm_at_pmax,,,x,,,,
tsr_at_pmax,,,x,,,,
t_unix,,,,x,,x,x
t_local,,,,x,,x,
turbine_rpm,,,,x,,,
t_rel_s,,,,,,,x
rpm_pulses,,,,,,,x
rpm_last_us,,,,,,,x
