run,fan_rpm_cmd,summ_actual,summ_minus_cmd,pts_actual_minus_cmd_distinct,pts_rows_per_actual,wind_summary,wind_points,wind_from_cmd,wind_from_summ_actual_recalc,wind_summ_vs_cmd_pct,power_equiv_pct_at_n377,on_f2x295_grid,implied_output_hz,implied_sync_rpm_4pole
Ra20,500,496,-4,-4,1,10.14,10.24,10.24,10.151,-0.938,-3.49,True,16.814,504.4
Ra20,600,593,-7,-7,1,12.22,12.37,12.37,12.219,-1.197,-4.44,True,20.102,603.1
Ra20,700,693,-7,-7,1,14.36,14.5,14.5,14.351,-0.966,-3.59,True,23.492,704.7
Ra20,800,794,-6,-6,1,16.5,16.63,16.63,16.504,-0.794,-2.96,True,26.915,807.5
Ra20,900,894,-6,-6,1,18.63,18.76,18.76,18.636,-0.714,-2.67,True,30.305,909.2
Ra20,1000,991,-9,-9,1,20.71,20.9,20.9,20.704,-0.89,-3.31,True,33.593,1007.8
Ra20,1100,1089,-11,-8,1,22.78,23.03,23.03,22.793,-1.077,-4.0,True,36.915,1107.5
Ra20,1200,1189,-11,-11,1,24.92,25.16,25.16,24.925,-0.954,-3.55,True,40.305,1209.2
Ra20,1300,1286,-14,-14,1,27.0,27.29,27.29,26.994,-1.07,-3.97,True,43.593,1307.8
Ra20,1400,1384,-16,-14,1,29.07,29.42,29.42,29.083,-1.203,-4.46,True,46.915,1407.5
Ra20,1500,1484,-16,-16,1,31.21,31.56,31.56,31.215,-1.096,-4.07,True,50.305,1509.2
Ra20,1600,1581,-19,-19,1,33.29,33.69,33.69,33.283,-1.181,-4.38,True,53.593,1607.8
Ra20,1700,1682,-18,-18,1,35.43,35.82,35.82,35.436,-1.089,-4.04,True,57.017,1710.5
Ra20,1800,1779,-21,-21,1,37.5,37.95,37.95,37.504,-1.191,-4.42,True,60.305,1809.2
Ra40,500,500,0,-1;+0;+1,3,10.24,10.24,10.24,10.236,0.039,0.15,False,,
Ra40,600,600,0,+0,1,12.37,12.37,12.37,12.368,0.016,0.06,False,,
Ra40,700,700,0,+0,1,14.5,14.5,14.5,14.5,0.0,0.0,False,,
Ra40,800,800,0,+0,1,16.63,16.63,16.63,16.632,-0.012,-0.05,False,,
Ra40,900,900,0,+0;+1,2,18.76,18.76,18.76,18.764,-0.021,-0.08,True,,
Ra40,1000,1000,0,-1;+0;+1,3,20.9,20.9,20.9,20.896,0.019,0.07,True,,
Ra40,1100,1100,0,+0;+1,2,23.03,23.03,23.03,23.028,0.009,0.03,True,,
Ra40,1200,1200,0,+0;+1,2,25.16,25.16,25.16,25.16,0.0,0.0,False,,
Ra40,1300,1300,0,+0;+1,2,27.29,27.29,27.29,27.292,-0.007,-0.03,False,,
Ra40,1400,1400,0,+0;+1,2,29.42,29.42,29.42,29.424,-0.014,-0.05,False,,
Ra40,1500,1500,0,-1;+0;+1,3,31.56,31.56,31.56,31.556,0.013,0.05,False,,
Ra40,1600,1601,1,+0;+1,2,33.71,33.69,33.69,33.709,0.065,0.25,False,,
Ra40,1700,1701,1,+0;+1,2,35.84,35.82,35.82,35.841,0.056,0.21,False,,
Ra40,1800,1800,0,-1;+0;+1,3,37.95,37.95,37.95,37.952,-0.005,-0.02,True,,
Ra80,500,500,0,+0,1,10.24,10.24,10.24,10.236,0.039,0.15,False,,
Ra80,600,600,0,+0,1,12.37,12.37,12.37,12.368,0.016,0.06,False,,
Ra80,700,700,0,+0,1,14.5,14.5,14.5,14.5,0.0,0.0,False,,
Ra80,800,800,0,+0,1,16.63,16.63,16.63,16.632,-0.012,-0.05,False,,
Ra80,900,900,0,+0,1,18.76,18.76,18.76,18.764,-0.021,-0.08,True,,
Ra80,1000,1000,0,+0,1,20.9,20.9,20.9,20.896,0.019,0.07,True,,
Ra80,1100,1101,1,+0,1,23.05,23.03,23.03,23.049,0.096,0.36,False,,
Ra80,1200,1200,0,+0,1,25.16,25.16,25.16,25.16,0.0,0.0,False,,
Ra80,1300,1300,0,+0,1,27.29,27.29,27.29,27.292,-0.007,-0.03,False,,
Ra80,1400,1401,1,+0,1,29.45,29.42,29.42,29.445,0.088,0.33,True,,
Ra80,1500,1500,0,+1,1,31.56,31.56,31.56,31.556,0.013,0.05,False,,
Ra80,1600,1600,0,+0,1,33.69,33.69,33.69,33.688,0.006,0.02,False,,
Ra80,1700,1701,1,+0,1,35.84,35.82,35.82,35.841,0.056,0.21,False,,
Ra80,1800,1800,0,+0,1,37.95,37.95,37.95,37.952,-0.005,-0.02,True,,
