run,sp,n,t_first,t_last,ramp_s,dwell_dt_median,dwell_dt_max,gap_from_prev_sp_s
Ra40,500,16,2026-09-01 15:04:49,2026-09-01 15:05:05,15.88,1.055,1.083,
Ra40,600,22,2026-09-01 15:05:15,2026-09-01 15:05:37,22.18,1.054,1.078,10.03
Ra40,700,21,2026-09-01 15:05:47,2026-09-01 15:06:08,21.13,1.054,1.078,10.12
Ra40,800,24,2026-09-01 15:06:17,2026-09-01 15:06:41,24.55,1.054,1.199,8.43
Ra40,900,23,2026-09-01 15:06:51,2026-09-01 15:07:14,23.26,1.055,1.086,9.56
Ra40,1000,23,2026-09-01 15:07:24,2026-09-01 15:07:47,23.24,1.055,1.085,10.06
Ra40,1100,25,2026-09-01 15:07:57,2026-09-01 15:08:22,25.38,1.055,1.085,9.55
Ra40,1200,27,2026-09-01 15:08:30,2026-09-01 15:08:58,27.54,1.055,1.088,7.92
Ra40,1300,28,2026-09-01 15:09:07,2026-09-01 15:09:36,28.57,1.056,1.086,9.63
Ra40,1400,29,2026-09-01 15:09:48,2026-09-01 15:10:17,29.63,1.055,1.088,11.81
Ra40,1500,29,2026-09-01 15:10:25,2026-09-01 15:10:55,29.78,1.055,1.17,7.37
Ra40,1600,29,2026-09-01 15:11:03,2026-09-01 15:11:32,29.76,1.056,1.174,8.08
Ra40,1700,27,2026-09-01 15:11:40,2026-09-01 15:12:08,27.48,1.054,1.087,7.91
Ra40,1800,29,2026-09-01 15:12:17,2026-09-01 15:12:46,29.64,1.056,1.084,9.03
Ra80,500,15,2026-08-26 15:24:10,2026-08-26 15:24:25,14.79,1.055,1.074,
Ra80,600,21,2026-08-26 15:24:35,2026-08-26 15:24:56,21.15,1.054,1.085,9.95
Ra80,700,23,2026-08-26 15:25:05,2026-08-26 15:25:29,23.28,1.055,1.084,8.94
Ra80,800,22,2026-08-26 15:25:37,2026-08-26 15:25:59,22.2,1.055,1.075,8.41
Ra80,900,22,2026-08-26 15:26:07,2026-08-26 15:26:30,22.19,1.055,1.085,8.34
Ra80,1000,24,2026-08-26 15:26:40,2026-08-26 15:27:05,24.36,1.054,1.083,10.52
Ra80,1100,27,2026-08-26 15:27:13,2026-08-26 15:27:40,27.52,1.055,1.084,8.29
Ra80,1200,27,2026-08-26 15:27:48,2026-08-26 15:28:16,27.58,1.054,1.172,7.78
Ra80,1300,27,2026-08-26 15:28:27,2026-08-26 15:28:54,27.53,1.056,1.084,11.07
Ra80,1400,30,2026-08-26 15:29:02,2026-08-26 15:29:33,30.68,1.055,1.083,7.84
Ra80,1500,29,2026-08-26 15:29:41,2026-08-26 15:30:10,29.65,1.055,1.086,7.81
Ra80,1600,28,2026-08-26 15:30:19,2026-08-26 15:30:48,28.52,1.055,1.08,8.9
Ra80,1700,29,2026-08-26 15:30:56,2026-08-26 15:31:25,29.57,1.055,1.07,7.85
Ra80,1800,28,2026-08-26 15:31:33,2026-08-26 15:32:01,28.52,1.055,1.077,7.8
