fan_rpm_cmd,Ra40/Ra20 v_light_v %,Ra40/Ra20 voc_all_v %,Ra40/Ra20 r_all_ohm %,Ra40/Ra20 p_fit_w %,Ra40/Ra20 dlnP_fit,Ra40/Ra20 2dlnVoc,Ra40/Ra20 -dlnR,Ra80/Ra20 v_light_v %,Ra80/Ra20 voc_all_v %,Ra80/Ra20 r_all_ohm %,Ra80/Ra20 p_fit_w %,Ra80/Ra20 dlnP_fit,Ra80/Ra20 2dlnVoc,Ra80/Ra20 -dlnR,Ra80/Ra40 v_light_v %,Ra80/Ra40 voc_all_v %,Ra80/Ra40 r_all_ohm %,Ra80/Ra40 p_fit_w %,Ra80/Ra40 dlnP_fit,Ra80/Ra40 2dlnVoc,Ra80/Ra40 -dlnR
500,4.93,6.53,6.65,-1.28,-1.29,12.65,-6.43,3.16,4.54,0.45,6.55,6.34,8.87,-0.45,-1.69,-1.87,-5.81,7.93,7.63,-3.78,5.99
600,2.66,3.54,-3.53,11.41,10.81,6.96,3.59,3.65,4.4,-2.2,11.28,10.68,8.61,2.22,0.96,0.83,1.38,-0.12,-0.12,1.66,-1.37
700,2.93,4.61,1.34,13.24,12.43,9.01,-1.33,0.8,2.96,-1.09,10.55,10.03,5.84,1.1,-2.07,-1.57,-2.4,-2.37,-2.4,-3.17,2.43
800,3.23,1.96,-5.68,5.08,4.96,3.88,5.85,2.65,2.17,-4.14,6.58,6.37,4.29,4.23,-0.56,0.21,1.64,1.43,1.42,0.41,-1.63
900,3.51,3.84,2.36,8.07,7.77,7.54,-2.33,7.6,6.44,3.3,10.21,9.72,12.48,-3.24,3.96,2.5,0.92,1.98,1.96,4.94,-0.91
1000,8.14,4.79,-1.33,10.87,10.32,9.36,1.34,12.45,10.53,-4.82,28.38,24.98,20.02,4.94,3.99,5.47,-3.54,15.79,14.66,10.66,3.61
1100,6.9,5.94,-4.14,18.67,17.12,11.53,4.23,9.93,9.97,-5.15,26.42,23.44,19.02,5.29,2.84,3.81,-1.05,6.53,6.33,7.48,1.05
1200,4.95,5.19,-0.36,8.73,8.37,10.13,0.36,7.05,8.24,-0.15,14.41,13.47,15.84,0.15,2.01,2.89,0.21,5.23,5.09,5.71,-0.21
1300,4.44,3.49,-0.37,4.63,4.53,6.86,0.37,5.82,5.33,0.52,8.98,8.6,10.38,-0.52,1.33,1.78,0.89,4.15,4.07,3.52,-0.89
1400,2.19,2.41,-2.89,9.15,8.75,4.77,2.93,5.94,4.43,-2.64,11.99,11.32,8.66,2.68,3.67,1.97,0.26,2.6,2.57,3.89,-0.25
1500,2.49,4.58,2.57,7.33,7.07,8.95,-2.53,6.0,7.36,4.54,9.74,9.29,14.2,-4.44,3.43,2.66,1.92,2.25,2.22,5.24,-1.9
1600,4.01,4.12,1.52,6.58,6.37,8.07,-1.51,5.75,6.92,3.49,12.3,11.6,13.39,-3.43,1.67,2.69,1.94,5.37,5.23,5.32,-1.92
1700,2.9,4.26,1.01,10.95,10.39,8.35,-1.0,7.46,7.52,2.25,17.4,16.05,14.49,-2.22,4.43,3.12,1.22,5.82,5.65,6.14,-1.22
1800,1.79,2.0,-5.62,10.21,9.72,3.97,5.79,10.47,9.27,1.34,19.08,17.46,17.73,-1.33,8.52,7.12,7.37,8.04,7.74,13.76,-7.11
