rotor,fuzzy_skin_mm,run_name,run,fan_rpm_cmd,wind_mps,p_max_w,i_at_p_max_a,v_at_p_max_v,p_fit_w,i_at_p_fit_a,fit_points,v_first_v,i_first_a,dwells,stop,clean,fan_motor_a
Plain,0,v1_smooth_20261001,1,500,10.2365,0.0294,0.016,1.835,0.028625,0.0168769,5,2.839,0.001,17,load-cutout,0,4.5
Plain,0,v1_smooth_20261001,1,600,12.3687,0.0658,0.0297,2.2146,0.0658,0.0297,0,4.4994,0.0011,21,power-rolloff,1,4.8
Plain,0,v1_smooth_20261001,1,700,14.5008,0.114,0.0409,2.7876,0.110323,0.0395847,5,5.6106,0.0015,20,power-rolloff,1,5.3
Plain,0,v1_smooth_20261001,1,800,16.6329,0.1858,0.0653,2.8451,0.182457,0.0617433,5,6.7568,0.0019,22,power-rolloff,1,5.9
Plain,0,v1_smooth_20261001,1,900,18.765,0.2753,0.0636,4.3288,0.2753,0.0636,0,7.8886,0.0024,23,power-rolloff,1,6.7
Plain,0,v1_smooth_20261001,1,1000,20.8972,0.4162,0.0788,5.2813,0.411745,0.0793814,5,9.3034,0.003,23,power-rolloff,1,7.5
Plain,0,v1_smooth_20261001,1,1100,23.0293,0.6093,0.1031,5.9099,0.607301,0.111309,5,10.9126,0.0037,23,power-rolloff,1,8.3
Plain,0,v1_smooth_20261001,1,1200,25.1614,0.8894,0.1318,6.748,0.882439,0.131678,5,12.3094,0.0044,23,power-rolloff,1,9.1
Plain,0,v1_smooth_20261001,1,1300,27.2935,1.2706,0.1758,7.2276,1.24607,0.179263,5,14.0402,0.0052,25,power-rolloff,1,9.9
Plain,0,v1_smooth_20261001,1,1400,29.4257,1.5788,0.1923,8.2103,1.56385,0.2011,5,16.1628,0.006,27,power-rolloff,1,10.4
Plain,0,v1_smooth_20261001,1,1500,31.5578,1.9799,0.2489,7.9546,1.96611,0.246027,5,18.0083,0.0069,27,power-rolloff,1,11
Plain,0,v1_smooth_20261001,1,1600,33.6899,2.453,0.2837,8.6464,2.4576,0.276027,5,19.5847,0.0079,27,power-rolloff,1,11.8
Plain,0,v1_smooth_20261001,1,1700,35.822,3.0003,0.2851,10.5237,2.96362,0.289522,5,21.349,0.0089,26,power-rolloff,1,12.7
Plain,0,v1_smooth_20261001,1,1800,37.9542,3.664,0.38,9.642,3.664,0.38,0,23.3436,0.01,26,power-rolloff,1,13.6
Plain,0,v1_smooth_repeat_20261001,2,500,10.2365,0.0298,0.016,1.8597,0.0289121,0.0164361,5,2.9404,0.001,13,power-rolloff,1,4.5
Plain,0,v1_smooth_repeat_20261001,2,600,12.3687,0.066,0.0276,2.3895,0.0664966,0.0272039,5,4.5435,0.0011,20,power-rolloff,1,4.8
Plain,0,v1_smooth_repeat_20261001,2,700,14.5008,0.1175,0.0467,2.5167,0.114196,0.0458247,5,5.7326,0.0015,21,power-rolloff,1,5.3
Plain,0,v1_smooth_repeat_20261001,2,800,16.6329,0.1811,0.0538,3.3659,0.183276,0.0513612,5,6.7357,0.0019,22,power-rolloff,1,5.9
Plain,0,v1_smooth_repeat_20261001,2,900,18.765,0.2937,0.0636,4.6177,0.287797,0.0656024,5,7.9115,0.0024,22,power-rolloff,1,6.7
Plain,0,v1_smooth_repeat_20261001,2,1000,20.8972,0.4109,0.0909,4.5203,0.409705,0.0813959,5,9.2208,0.003,23,power-rolloff,1,7.5
Plain,0,v1_smooth_repeat_20261001,2,1100,23.0293,0.6031,0.1031,5.8493,0.602324,0.107348,5,10.6807,0.0037,23,power-rolloff,1,8.3
Plain,0,v1_smooth_repeat_20261001,2,1200,25.1614,0.8914,0.1231,7.2412,0.887241,0.128399,5,12.2044,0.0044,24,power-rolloff,1,9.1
Plain,0,v1_smooth_repeat_20261001,2,1300,27.2935,1.2463,0.1758,7.0894,1.23601,0.176219,5,13.9713,0.0052,26,power-rolloff,1,9.9
Plain,0,v1_smooth_repeat_20261001,2,1400,29.4257,1.5975,0.2164,7.3823,1.57585,0.210866,5,16.0714,0.006,27,power-rolloff,1,10.4
Plain,0,v1_smooth_repeat_20261001,2,1500,31.5578,2.0368,0.2351,8.6637,2.01154,0.236679,5,18.1106,0.0069,27,power-rolloff,1,11
Plain,0,v1_smooth_repeat_20261001,2,1600,33.6899,2.4832,0.2837,8.7529,2.47423,0.278164,5,19.5104,0.0079,27,power-rolloff,1,11.9
Plain,0,v1_smooth_repeat_20261001,2,1700,35.822,3.0273,0.3207,9.4397,3.01807,0.302576,5,21.5138,0.0089,26,power-rolloff,1,12.7
Plain,0,v1_smooth_repeat_20261001,2,1800,37.9542,3.6666,0.32,11.4581,3.63298,0.328742,5,23.3154,0.01,28,power-rolloff,1,13.6
FS 0.05,0.05,v1_Ra20_20261001,1,500,10.2365,0.0313,0.02,1.5651,0.0295963,0.0189111,5,2.9108,0.001,15,power-rolloff,1,4.5
FS 0.05,0.05,v1_Ra20_20261001,1,600,12.3687,0.0638,0.0319,1.9996,0.0652044,0.030219,5,4.6016,0.0011,21,power-rolloff,1,4.8
FS 0.05,0.05,v1_Ra20_20261001,1,700,14.5008,0.1128,0.0409,2.7582,0.111121,0.0415843,5,5.6975,0.0015,23,power-rolloff,1,5.3
FS 0.05,0.05,v1_Ra20_20261001,1,800,16.6329,0.1808,0.0423,4.274,0.178165,0.0448294,5,6.6575,0.0019,22,power-rolloff,1,5.9
FS 0.05,0.05,v1_Ra20_20261001,1,900,18.765,0.2864,0.0636,4.5035,0.282062,0.0637084,5,7.981,0.0024,21,power-rolloff,1,6.7
FS 0.05,0.05,v1_Ra20_20261001,1,1000,20.8972,0.4158,0.0788,5.2762,0.41163,0.0768189,5,9.2281,0.003,21,power-rolloff,1,7.5
FS 0.05,0.05,v1_Ra20_20261001,1,1100,23.0293,0.6474,0.1031,6.2789,0.637857,0.116299,5,10.9833,0.0037,22,power-rolloff,1,8.3
FS 0.05,0.05,v1_Ra20_20261001,1,1200,25.1614,0.97,0.167,5.8082,0.972252,0.159829,5,12.995,0.0044,25,power-rolloff,1,9.1
FS 0.05,0.05,v1_Ra20_20261001,1,1300,27.2935,1.3247,0.1758,7.5351,1.3062,0.176674,5,14.4445,0.0052,27,power-rolloff,1,9.9
FS 0.05,0.05,v1_Ra20_20261001,1,1400,29.4257,1.6391,0.2044,8.0193,1.6391,0.2044,0,16.7256,0.006,28,power-rolloff,1,10.4
FS 0.05,0.05,v1_Ra20_20261001,1,1500,31.5578,2.0413,0.2351,8.6825,2.03402,0.235462,5,18.4758,0.0069,28,power-rolloff,1,11
FS 0.05,0.05,v1_Ra20_20261001,1,1600,33.6899,2.4978,0.2679,9.3236,2.4978,0.2679,0,20.2517,0.0079,27,power-rolloff,1,11.8
FS 0.05,0.05,v1_Ra20_20261001,1,1700,35.822,3.0671,0.3385,9.0608,2.99038,0.333149,5,21.9365,0.0089,27,power-rolloff,1,12.7
FS 0.05,0.05,v1_Ra20_20261001,1,1800,37.9542,3.7998,0.38,9.9995,3.77943,0.371836,5,23.4969,0.01,27,power-rolloff,1,13.6
FS 0.05,0.05,v1_Ra20_repeat_20261001,2,500,10.2365,0.0317,0.018,1.7612,0.030645,0.0171113,5,2.8495,0.001,13,power-rolloff,1,4.5
FS 0.05,0.05,v1_Ra20_repeat_20261001,2,600,12.3687,0.0633,0.0297,2.1304,0.0624537,0.0284046,5,4.6257,0.0011,24,load-cutout,0,4.8
FS 0.05,0.05,v1_Ra20_repeat_20261001,2,700,14.5008,0.1153,0.0438,2.6321,0.112772,0.0438356,5,5.6783,0.0015,22,power-rolloff,1,5.3
FS 0.05,0.05,v1_Ra20_repeat_20261001,2,800,16.6329,0.1794,0.0576,3.1145,0.17109,0.0572065,5,6.7882,0.0019,24,power-rolloff,1,5.9
FS 0.05,0.05,v1_Ra20_repeat_20261001,2,900,18.765,0.2644,0.0733,3.6077,0.265831,0.0698949,5,7.9339,0.0024,24,power-rolloff,1,6.7
FS 0.05,0.05,v1_Ra20_repeat_20261001,2,1000,20.8972,0.4044,0.0909,4.4485,0.40296,0.0837434,5,9.2965,0.003,23,power-rolloff,1,7.5
FS 0.05,0.05,v1_Ra20_repeat_20261001,2,1100,23.0293,0.6572,0.1031,6.3741,0.65148,0.107153,5,10.6827,0.0037,24,power-rolloff,1,8.3
FS 0.05,0.05,v1_Ra20_repeat_20261001,2,1200,25.1614,0.9642,0.1582,6.095,0.954338,0.155449,5,12.8023,0.0044,26,power-rolloff,1,9
FS 0.05,0.05,v1_Ra20_repeat_20261001,2,1300,27.2935,1.2875,0.2069,6.2226,1.28448,0.198939,5,14.5597,0.0052,27,power-rolloff,1,9.9
FS 0.05,0.05,v1_Ra20_repeat_20261001,2,1400,29.4257,1.6184,0.2044,7.918,1.61939,0.206846,5,16.4475,0.006,28,power-rolloff,1,10.4
FS 0.05,0.05,v1_Ra20_repeat_20261001,2,1500,31.5578,2.0236,0.2627,7.703,1.99864,0.26542,5,18.6347,0.0069,27,power-rolloff,1,11
FS 0.05,0.05,v1_Ra20_repeat_20261001,2,1600,33.6899,2.5259,0.2837,8.9034,2.51331,0.271284,5,20.3301,0.0079,27,power-rolloff,1,11.8
FS 0.05,0.05,v1_Ra20_repeat_20261001,2,1700,35.822,3.07,0.3207,9.5727,3.05438,0.305915,5,21.8019,0.0089,28,power-rolloff,1,12.7
FS 0.05,0.05,v1_Ra20_repeat_20261001,2,1800,37.9542,3.7517,0.32,11.7241,3.71854,0.329205,5,23.6495,0.01,27,power-rolloff,1,13.6
FS 0.10,0.101,v1_Ra40_20261001,1,500,10.2365,0.033,0.016,2.0611,0.0320177,0.0188,5,2.9743,0.001,15,power-rolloff,1,4.5
FS 0.10,0.101,v1_Ra40_20261001,1,600,12.3687,0.0707,0.0297,2.3798,0.0710774,0.0292966,5,4.6998,0.0011,21,power-rolloff,1,4.8
FS 0.10,0.101,v1_Ra40_20261001,1,700,14.5008,0.1197,0.0438,2.732,0.119642,0.043402,5,5.8713,0.0015,24,power-rolloff,1,5.3
FS 0.10,0.101,v1_Ra40_20261001,1,800,16.6329,0.1931,0.0615,3.1398,0.1931,0.0615,0,6.9301,0.0019,22,power-rolloff,1,5.9
FS 0.10,0.101,v1_Ra40_20261001,1,900,18.765,0.3045,0.0636,4.7881,0.301406,0.0643113,5,8.1593,0.0024,21,power-rolloff,1,6.7
FS 0.10,0.101,v1_Ra40_20261001,1,1000,20.8972,0.4716,0.0849,5.5543,0.470822,0.085147,5,9.5008,0.003,22,power-rolloff,1,7.5
FS 0.10,0.101,v1_Ra40_20261001,1,1100,23.0293,0.7309,0.1104,6.6209,0.725941,0.116121,5,11.5043,0.0037,24,power-rolloff,1,8.3
FS 0.10,0.101,v1_Ra40_20261001,1,1200,25.1614,1.0875,0.1494,7.2788,1.07099,0.150893,5,13.4231,0.0044,27,power-rolloff,1,9.1
FS 0.10,0.101,v1_Ra40_20261001,1,1300,27.2935,1.413,0.1862,7.5884,1.37505,0.190349,5,15.3896,0.0052,28,power-rolloff,1,9.9
FS 0.10,0.101,v1_Ra40_20261001,1,1400,29.4257,1.7898,0.2044,8.7566,1.7898,0.2044,0,17.6141,0.006,30,power-rolloff,1,10.4
FS 0.10,0.101,v1_Ra40_20261001,1,1500,31.5578,2.2892,0.2627,8.714,2.27223,0.252433,5,19.3788,0.0069,28,power-rolloff,1,11
FS 0.10,0.101,v1_Ra40_20261001,1,1600,33.6899,2.7952,0.2521,11.0877,2.76476,0.265399,5,20.904,0.0079,29,power-rolloff,1,11.8
FS 0.10,0.101,v1_Ra40_20261001,1,1700,35.822,3.4574,0.2851,12.127,3.46136,0.300454,5,23.0672,0.0089,26,power-rolloff,1,12.7
FS 0.10,0.101,v1_Ra40_20261001,1,1800,37.9542,4.3137,0.3,14.3791,4.26797,0.313682,5,25.3438,0.01,28,power-rolloff,1,13.6
FS 0.10,0.101,v1_Ra40_repeat_20261001,2,500,10.2365,0.0348,0.02,1.7424,0.0347258,0.0194861,5,3.2466,0.001,15,power-rolloff,1,4.5
FS 0.10,0.101,v1_Ra40_repeat_20261001,2,600,12.3687,0.0704,0.0319,2.2064,0.0704338,0.0316586,5,4.8335,0.0011,23,power-rolloff,1,4.8
FS 0.10,0.101,v1_Ra40_repeat_20261001,2,700,14.5008,0.1184,0.038,3.1164,0.116283,0.0356176,5,5.8584,0.0015,22,power-rolloff,1,5.3
FS 0.10,0.101,v1_Ra40_repeat_20261001,2,800,16.6329,0.1969,0.0615,3.2016,0.198964,0.0596489,5,6.8462,0.0019,24,power-rolloff,1,5.9
FS 0.10,0.101,v1_Ra40_repeat_20261001,2,900,18.765,0.3135,0.0684,4.5835,0.310856,0.0673924,5,8.2069,0.0024,23,power-rolloff,1,6.6
FS 0.10,0.101,v1_Ra40_repeat_20261001,2,1000,20.8972,0.4671,0.0909,5.1391,0.462693,0.0865346,5,9.5493,0.003,24,power-rolloff,1,7.5
FS 0.10,0.101,v1_Ra40_repeat_20261001,2,1100,23.0293,0.7381,0.1399,5.2759,0.721899,0.136199,5,11.4066,0.0037,25,power-rolloff,1,8.3
FS 0.10,0.101,v1_Ra40_repeat_20261001,2,1200,25.1614,1.0921,0.1758,6.2124,1.0921,0.1758,0,13.5066,0.0044,27,power-rolloff,1,9
FS 0.10,0.101,v1_Ra40_repeat_20261001,2,1300,27.2935,1.4123,0.1862,7.5848,1.41441,0.186666,5,15.6459,0.0052,28,power-rolloff,1,9.9
FS 0.10,0.101,v1_Ra40_repeat_20261001,2,1400,29.4257,1.7959,0.2404,7.4705,1.78594,0.23668,5,17.7591,0.006,29,power-rolloff,1,10.4
FS 0.10,0.101,v1_Ra40_repeat_20261001,2,1500,31.5578,2.2066,0.2489,8.8656,2.19748,0.242191,5,19.2193,0.0069,29,power-rolloff,1,11
FS 0.10,0.101,v1_Ra40_repeat_20261001,2,1600,33.6899,2.8414,0.2994,9.4904,2.78764,0.28323,5,21.1465,0.0079,28,power-rolloff,1,11.8
FS 0.10,0.101,v1_Ra40_repeat_20261001,2,1700,35.822,3.5213,0.3029,11.6253,3.49492,0.323913,5,22.7604,0.0089,28,power-rolloff,1,12.7
FS 0.10,0.101,v1_Ra40_repeat_20261001,2,1800,37.9542,4.2905,0.34,12.619,4.27546,0.355505,5,25.7114,0.01,27,power-rolloff,1,13.6
FS 0.20,0.202,v1_Ra80_20261001,1,500,10.2365,0.0303,0.018,1.6838,0.0296231,0.0173897,5,2.9714,0.001,15,power-rolloff,1,4.5
FS 0.20,0.202,v1_Ra80_20261001,1,600,12.3687,0.0676,0.034,1.989,0.0652569,0.0323575,5,4.6978,0.0011,21,power-rolloff,1,4.8
FS 0.20,0.202,v1_Ra80_20261001,1,700,14.5008,0.1232,0.0467,2.6373,0.122288,0.0456605,5,5.7484,0.0015,22,power-rolloff,1,5.3
FS 0.20,0.202,v1_Ra80_20261001,1,800,16.6329,0.1983,0.0499,3.9744,0.197231,0.0532063,5,7.0389,0.0019,24,power-rolloff,1,5.9
FS 0.20,0.202,v1_Ra80_20261001,1,900,18.765,0.3181,0.0636,5.0014,0.318033,0.0664599,5,8.2527,0.0024,24,power-rolloff,1,6.7
FS 0.20,0.202,v1_Ra80_20261001,1,1000,20.8972,0.5362,0.1152,4.6549,0.532777,0.110916,5,10.2746,0.003,26,power-rolloff,1,7.5
FS 0.20,0.202,v1_Ra80_20261001,1,1100,23.0293,0.8278,0.1325,6.2474,0.823459,0.137386,5,12.4271,0.0037,27,power-rolloff,1,8.3
FS 0.20,0.202,v1_Ra80_20261001,1,1200,25.1614,1.1261,0.1758,6.4058,1.10299,0.182694,5,13.8489,0.0044,30,power-rolloff,1,9.1
FS 0.20,0.202,v1_Ra80_20261001,1,1300,27.2935,1.4403,0.1758,8.1929,1.4403,0.1758,0,16.2664,0.0052,30,power-rolloff,1,9.9
FS 0.20,0.202,v1_Ra80_20261001,1,1400,29.4257,1.8351,0.2404,7.6334,1.83696,0.232622,5,17.8906,0.006,28,power-rolloff,1,10.4
FS 0.20,0.202,v1_Ra80_20261001,1,1500,31.5578,2.2762,0.2627,8.6648,2.25919,0.243536,5,19.7267,0.0069,30,power-rolloff,1,11
FS 0.20,0.202,v1_Ra80_20261001,1,1600,33.6899,2.9085,0.2994,9.7143,2.87009,0.285714,5,21.4916,0.0079,28,power-rolloff,1,11.8
FS 0.20,0.202,v1_Ra80_20261001,1,1700,35.822,3.5436,0.2851,12.4293,3.53261,0.30837,5,24.2048,0.0089,29,power-rolloff,1,12.7
FS 0.20,0.202,v1_Ra80_20261001,1,1800,37.9542,4.4798,0.38,11.7889,4.44499,0.367776,5,26.8908,0.01,28,power-rolloff,1,13.6
FS 0.20,0.202,v1_Ra80_repeat_20261001,2,500,10.2365,0.0339,0.016,2.1212,0.0331001,0.0164138,5,3.0043,0.001,15,power-rolloff,1,4.5
FS 0.20,0.202,v1_Ra80_repeat_20261001,2,600,12.3687,0.066,0.0297,2.2227,0.0651136,0.0282256,5,4.7628,0.0011,22,power-rolloff,1,4.8
FS 0.20,0.202,v1_Ra80_repeat_20261001,2,700,14.5008,0.1218,0.0409,2.9777,0.120307,0.0393969,5,5.7524,0.0015,21,power-rolloff,1,5.3
FS 0.20,0.202,v1_Ra80_repeat_20261001,2,800,16.6329,0.2023,0.0538,3.7608,0.198817,0.0524825,5,6.9844,0.0019,22,power-rolloff,1,5.9
FS 0.20,0.202,v1_Ra80_repeat_20261001,2,900,18.765,0.322,0.0733,4.3923,0.318857,0.0698716,5,8.2936,0.0024,23,power-rolloff,1,6.7
FS 0.20,0.202,v1_Ra80_repeat_20261001,2,1000,20.8972,0.5516,0.1091,5.0555,0.540717,0.108827,5,10.2704,0.003,26,power-rolloff,1,7.5
FS 0.20,0.202,v1_Ra80_repeat_20261001,2,1100,23.0293,0.824,0.1325,6.2188,0.814185,0.135961,5,12.3217,0.0037,28,power-rolloff,1,8.3
FS 0.20,0.202,v1_Ra80_repeat_20261001,2,1200,25.1614,1.1142,0.1846,6.0359,1.11366,0.181342,5,14.0472,0.0044,29,power-rolloff,1,9
FS 0.20,0.202,v1_Ra80_repeat_20261001,2,1300,27.2935,1.4474,0.1862,7.7734,1.4474,0.1862,0,16.3072,0.0052,29,power-rolloff,1,9.9
FS 0.20,0.202,v1_Ra80_repeat_20261001,2,1400,29.4257,1.8511,0.2284,8.1048,1.84293,0.239124,5,17.94,0.006,29,power-rolloff,1,10.4
FS 0.20,0.202,v1_Ra80_repeat_20261001,2,1500,31.5578,2.2513,0.2904,7.7525,2.25559,0.278054,5,19.4643,0.0069,30,power-rolloff,1,11
FS 0.20,0.202,v1_Ra80_repeat_20261001,2,1600,33.6899,2.8549,0.3152,9.0573,2.85082,0.301406,5,21.5355,0.0079,29,power-rolloff,1,11.8
FS 0.20,0.202,v1_Ra80_repeat_20261001,2,1700,35.822,3.5516,0.3029,11.7253,3.51905,0.304909,5,24.1564,0.0089,29,power-rolloff,1,12.7
FS 0.20,0.202,v1_Ra80_repeat_20261001,2,1800,37.9542,4.5882,0.4,11.4706,4.55922,0.385067,5,26.965,0.01,26,power-rolloff,1,13.6
